
CREATE DATABASE cloud_admin DEFAULT CHARACTER SET utf8mb4 COLLATE utf8mb4_general_ci;
Use cloud_admin;
/*
 Navicat Premium Data Transfer

 Source Server         : localhost
 Source Server Type    : MySQL
 Source Server Version : 50639
 Source Host           : localhost:3306
 Source Schema         : cloud_admin

 Target Server Type    : MySQL
 Target Server Version : 50639
 File Encoding         : 65001

 Date: 02/02/2020 09:19:59
*/
SET NAMES utf8mb4;
SET FOREIGN_KEY_CHECKS = 0;

-- ----------------------------
-- Table structure for ACT_EVT_LOG
-- ----------------------------
DROP TABLE IF EXISTS `ACT_EVT_LOG`;
CREATE TABLE `ACT_EVT_LOG` (
  `LOG_NR_` bigint(20) NOT NULL AUTO_INCREMENT,
  `TYPE_` varchar(64) COLLATE utf8_bin DEFAULT NULL,
  `PROC_DEF_ID_` varchar(64) COLLATE utf8_bin DEFAULT NULL,
  `PROC_INST_ID_` varchar(64) COLLATE utf8_bin DEFAULT NULL,
  `EXECUTION_ID_` varchar(64) COLLATE utf8_bin DEFAULT NULL,
  `TASK_ID_` varchar(64) COLLATE utf8_bin DEFAULT NULL,
  `TIME_STAMP_` timestamp(3) NOT NULL DEFAULT CURRENT_TIMESTAMP(3) ON UPDATE CURRENT_TIMESTAMP(3),
  `USER_ID_` varchar(255) COLLATE utf8_bin DEFAULT NULL,
  `DATA_` longblob,
  `LOCK_OWNER_` varchar(255) COLLATE utf8_bin DEFAULT NULL,
  `LOCK_TIME_` timestamp(3) NULL DEFAULT NULL,
  `IS_PROCESSED_` tinyint(4) DEFAULT '0',
  PRIMARY KEY (`LOG_NR_`)
) ENGINE=InnoDB DEFAULT CHARSET=utf8 COLLATE=utf8_bin;

-- ----------------------------
-- Table structure for ACT_GE_BYTEARRAY
-- ----------------------------
DROP TABLE IF EXISTS `ACT_GE_BYTEARRAY`;
CREATE TABLE `ACT_GE_BYTEARRAY` (
  `ID_` varchar(64) COLLATE utf8_bin NOT NULL,
  `REV_` int(11) DEFAULT NULL,
  `NAME_` varchar(255) COLLATE utf8_bin DEFAULT NULL,
  `DEPLOYMENT_ID_` varchar(64) COLLATE utf8_bin DEFAULT NULL,
  `BYTES_` longblob,
  `GENERATED_` tinyint(4) DEFAULT NULL,
  PRIMARY KEY (`ID_`),
  KEY `ACT_FK_BYTEARR_DEPL` (`DEPLOYMENT_ID_`),
  CONSTRAINT `ACT_FK_BYTEARR_DEPL` FOREIGN KEY (`DEPLOYMENT_ID_`) REFERENCES `act_re_deployment` (`ID_`)
) ENGINE=InnoDB DEFAULT CHARSET=utf8 COLLATE=utf8_bin;

-- ----------------------------
-- Records of ACT_GE_BYTEARRAY
-- ----------------------------
BEGIN;
INSERT INTO `ACT_GE_BYTEARRAY` VALUES ('12506', 1, '请假流程.bpmn20.xml', '12505', 0x3C3F786D6C2076657273696F6E3D27312E302720656E636F64696E673D275554462D38273F3E0A3C646566696E6974696F6E7320786D6C6E733D22687474703A2F2F7777772E6F6D672E6F72672F737065632F42504D4E2F32303130303532342F4D4F44454C2220786D6C6E733A7873693D22687474703A2F2F7777772E77332E6F72672F323030312F584D4C536368656D612D696E7374616E63652220786D6C6E733A7873643D22687474703A2F2F7777772E77332E6F72672F323030312F584D4C536368656D612220786D6C6E733A61637469766974693D22687474703A2F2F61637469766974692E6F72672F62706D6E2220786D6C6E733A62706D6E64693D22687474703A2F2F7777772E6F6D672E6F72672F737065632F42504D4E2F32303130303532342F44492220786D6C6E733A6F6D6764633D22687474703A2F2F7777772E6F6D672E6F72672F737065632F44442F32303130303532342F44432220786D6C6E733A6F6D6764693D22687474703A2F2F7777772E6F6D672E6F72672F737065632F44442F32303130303532342F44492220747970654C616E67756167653D22687474703A2F2F7777772E77332E6F72672F323030312F584D4C536368656D61222065787072657373696F6E4C616E67756167653D22687474703A2F2F7777772E77332E6F72672F313939392F585061746822207461726765744E616D6573706163653D22687474703A2F2F7777772E61637469766974692E6F72672F70726F63657373646566223E0A20203C70726F636573732069643D2270726F636573732220697345786563757461626C653D2274727565223E0A202020203C73746172744576656E742069643D227374617274222F3E0A202020203C757365725461736B2069643D226170706C7922206E616D653D22E8AFB7E58187E794B3E8AFB7222061637469766974693A61737369676E65653D22247B656D706C6F7965657D222F3E0A202020203C73657175656E6365466C6F772069643D227369642D45354631434434332D344341302D344231322D383035362D3035353632413838433739332220736F757263655265663D22737461727422207461726765745265663D226170706C79222F3E0A202020203C757365725461736B2069643D22617070726F766522206E616D653D22E7BB8FE79086E5AEA1E689B9222061637469766974693A61737369676E65653D22247B617070726F7665727D222061637469766974693A63616E64696461746547726F7570733D22E983A8E997A8E7BB8FE79086222F3E0A202020203C73657175656E6365466C6F772069643D227369642D39374232393435442D323143302D343041352D384439382D4445414644314145463646362220736F757263655265663D226170706C7922207461726765745265663D22617070726F7665222F3E0A202020203C6578636C7573697665476174657761792069643D22636F6E646974696F6E222F3E0A202020203C73657175656E6365466C6F772069643D227369642D44413638384642352D354336332D343933432D414141412D3134334236303833453035452220736F757263655265663D22617070726F766522207461726765745265663D22636F6E646974696F6E222F3E0A202020203C73657175656E6365466C6F772069643D227369642D43354234304335342D393233442D343830432D414530322D3630463236414145453834332220736F757263655265663D22636F6E646974696F6E22207461726765745265663D226170706C79223E0A2020202020203C636F6E646974696F6E45787072657373696F6E207873693A747970653D2274466F726D616C45787072657373696F6E223E3C215B43444154415B247B61677265653D3D66616C73657D5D5D3E3C2F636F6E646974696F6E45787072657373696F6E3E0A202020203C2F73657175656E6365466C6F773E0A202020203C656E644576656E742069643D2273746F70222F3E0A202020203C73657175656E6365466C6F772069643D227369642D37413637304633362D413531332D343334442D394338302D3142354437373742353932302220736F757263655265663D22636F6E646974696F6E22207461726765745265663D2273746F70223E0A2020202020203C636F6E646974696F6E45787072657373696F6E207873693A747970653D2274466F726D616C45787072657373696F6E223E3C215B43444154415B247B61677265653D3D747275657D5D5D3E3C2F636F6E646974696F6E45787072657373696F6E3E0A202020203C2F73657175656E6365466C6F773E0A20203C2F70726F636573733E0A20203C62706D6E64693A42504D4E4469616772616D2069643D2242504D4E4469616772616D5F70726F63657373223E0A202020203C62706D6E64693A42504D4E506C616E652062706D6E456C656D656E743D2270726F63657373222069643D2242504D4E506C616E655F70726F63657373223E0A2020202020203C62706D6E64693A42504D4E53686170652062706D6E456C656D656E743D227374617274222069643D2242504D4E53686170655F7374617274223E0A20202020202020203C6F6D6764633A426F756E6473206865696768743D2233302E30222077696474683D2233302E302220783D2234352E302220793D2237302E30222F3E0A2020202020203C2F62706D6E64693A42504D4E53686170653E0A2020202020203C62706D6E64693A42504D4E53686170652062706D6E456C656D656E743D226170706C79222069643D2242504D4E53686170655F6170706C79223E0A20202020202020203C6F6D6764633A426F756E6473206865696768743D2238302E30222077696474683D223130302E302220783D223135302E302220793D2234352E30222F3E0A2020202020203C2F62706D6E64693A42504D4E53686170653E0A2020202020203C62706D6E64693A42504D4E53686170652062706D6E456C656D656E743D22617070726F7665222069643D2242504D4E53686170655F617070726F7665223E0A20202020202020203C6F6D6764633A426F756E6473206865696768743D2238302E30222077696474683D223130302E302220783D223331352E302220793D2234352E30222F3E0A2020202020203C2F62706D6E64693A42504D4E53686170653E0A2020202020203C62706D6E64693A42504D4E53686170652062706D6E456C656D656E743D22636F6E646974696F6E222069643D2242504D4E53686170655F636F6E646974696F6E223E0A20202020202020203C6F6D6764633A426F756E6473206865696768743D2234302E30222077696474683D2234302E302220783D223334352E302220793D223138302E30222F3E0A2020202020203C2F62706D6E64693A42504D4E53686170653E0A2020202020203C62706D6E64693A42504D4E53686170652062706D6E456C656D656E743D2273746F70222069643D2242504D4E53686170655F73746F70223E0A20202020202020203C6F6D6764633A426F756E6473206865696768743D2232382E30222077696474683D2232382E302220783D223531302E302220793D223138362E30222F3E0A2020202020203C2F62706D6E64693A42504D4E53686170653E0A2020202020203C62706D6E64693A42504D4E456467652062706D6E456C656D656E743D227369642D44413638384642352D354336332D343933432D414141412D313433423630383345303545222069643D2242504D4E456467655F7369642D44413638384642352D354336332D343933432D414141412D313433423630383345303545223E0A20202020202020203C6F6D6764693A776179706F696E7420783D223336352E31373331363031373331363031372220793D223132352E30222F3E0A20202020202020203C6F6D6764693A776179706F696E7420783D223336352E343133303433343738323630392220793D223138302E3431333034333437383236303837222F3E0A2020202020203C2F62706D6E64693A42504D4E456467653E0A2020202020203C62706D6E64693A42504D4E456467652062706D6E456C656D656E743D227369642D45354631434434332D344341302D344231322D383035362D303535363241383843373933222069643D2242504D4E456467655F7369642D45354631434434332D344341302D344231322D383035362D303535363241383843373933223E0A20202020202020203C6F6D6764693A776179706F696E7420783D2237352E302220793D2238352E30222F3E0A20202020202020203C6F6D6764693A776179706F696E7420783D223135302E302220793D2238352E30222F3E0A2020202020203C2F62706D6E64693A42504D4E456467653E0A2020202020203C62706D6E64693A42504D4E456467652062706D6E456C656D656E743D227369642D37413637304633362D413531332D343334442D394338302D314235443737374235393230222069643D2242504D4E456467655F7369642D37413637304633362D413531332D343334442D394338302D314235443737374235393230223E0A20202020202020203C6F6D6764693A776179706F696E7420783D223338352E302220793D223230302E30222F3E0A20202020202020203C6F6D6764693A776179706F696E7420783D223531302E302220793D223230302E30222F3E0A2020202020203C2F62706D6E64693A42504D4E456467653E0A2020202020203C62706D6E64693A42504D4E456467652062706D6E456C656D656E743D227369642D43354234304335342D393233442D343830432D414530322D363046323641414545383433222069643D2242504D4E456467655F7369642D43354234304335342D393233442D343830432D414530322D363046323641414545383433223E0A20202020202020203C6F6D6764693A776179706F696E7420783D223335332E313331363732353937383634382220793D223139312E3836383332373430323133353234222F3E0A20202020202020203C6F6D6764693A776179706F696E7420783D223235302E302220793D223131392E3839343235393831383733313131222F3E0A2020202020203C2F62706D6E64693A42504D4E456467653E0A2020202020203C62706D6E64693A42504D4E456467652062706D6E456C656D656E743D227369642D39374232393435442D323143302D343041352D384439382D444541464431414546364636222069643D2242504D4E456467655F7369642D39374232393435442D323143302D343041352D384439382D444541464431414546364636223E0A20202020202020203C6F6D6764693A776179706F696E7420783D223235302E302220793D2238352E30222F3E0A20202020202020203C6F6D6764693A776179706F696E7420783D223331352E302220793D2238352E30222F3E0A2020202020203C2F62706D6E64693A42504D4E456467653E0A202020203C2F62706D6E64693A42504D4E506C616E653E0A20203C2F62706D6E64693A42504D4E4469616772616D3E0A3C2F646566696E6974696F6E733E, 0);
INSERT INTO `ACT_GE_BYTEARRAY` VALUES ('12507', 1, '请假流程.process.png', '12505', 0x89504E470D0A1A0A0000000D4948445200000224000000E60806000000E54C9EE600001A5E4944415478DAEDDD0B7454D5BDC7F1A058C527BD3EAA162D165D977BADB55EA9B5D62AF551B557A2A2C3C9994942A434A915298274512D0D028ACA557CDFB65815C4A2D52A8A884240E45D69A950292A0AF28840908B8A801475DFFD3B9D93753299099924336732F3FDACF55F496626219EFCFD9FFFECBDCF3E4545000000000000000000000000000000000000000000000000000000000000000000000000000000000000000000000000000000000000000000000000000000000000000000000000000000000000000000000000000000000000000000000000000000000000000000000000000000000000000000000000000000000000000000000000000000000000000000000000F9C818D371F5EAD54F2D5EBCF8F359B3669999336712598E9A9A1A3377EEDC0F6C949291E4243909A020A9F0CF9B37CFD4D5D599DDBB771321C5962D5BCCABAFBEFA913D115C454E9293E4248082A377A114FE9C3901ECB6EF4E579293E4243909A0E068489CC29B3B618BFF1E72929C242701141CCD17537473AAF81B72929C24270150FC53C4271F6E34AB973C6256D48CF4429FEB310A36C59F9C242701202BC57FFBB65AF3C6CBC3CDB269431B841ED373146D8A3F39494E0240C68BFFFA15CF372AFC7E6C583195A24DF12727C94900C87CF15FF9CAED298BBF9EA36853FCC949721200325EFCDF98392265F1D773146D8A3F39494E0200C59FE24F4E9293E42480FC2FFEBA822155F1D773146D8A3F39494E0240C68BFFAA05F7A72CFE7A8EA24DF12727C94900C878F1DF5ABBDCBC31A3BAF1D0B87D4CCF51B429FEE424390900192FFE8A357F99D8A8F8EB310A36C59F9C242701203BC5FFD34FCDAA85FFDB7868DC3EA6E728DA147F72929C04808C167FED7AF9F682FB52CED7EB3976C6A4F89393E4240064A6F8DB77991B57CD367F7FE9C69485DF0FBD46AFE59D29C59F9C242701A0CD8AFFDEDE81F2CE94E24F4E92930090F1E2DF9C77A04DBD33A58853FCC9497212005A5DFC5B5AF8FDA08853FCC9497212005A5DFC098A3F394990930028FE147F72925C20270150FC098A3F394990930028FE147F72925C2027816C33C61CB07CF9F2AA091326BC7ADB6DB77D3470E0C03D151515A6A4A4C49496967E71CD35D7ECBEE9A69B56DF7EFBED936CFC3B478CE24FF1272709721268D346E44F7FFAD3C451A346ED19346890F9ED6F7F6B162F5E6C6A6B6BCDAE5DBB8CE8635D5D9DF9EB5FFF6A6CC3627EFEF39F7F71FDF5D7BF575959D99F2348F1A7F89393043909B48A6D3CFA8D1E3DFAD3A143877ACDC6679F7D669AEBF5D75F37C3860DFBACAAAA6A6524123991A349F1A7F89393043909A43B2AD2F1B9E79E9BFDD39FFED44C9D3A35AD4624D14B2FBD64FAF5EBB793D1128A3FC59F9C24C84920AD6664CE9C39AF5D77DD75E6EDB7DF366DE1BDF7DE33B6B9D9D9BF7FFF6B39C2147F8A3F39499093C05E696444CD88D684B425FDBCCACACAEDAEEB96729429FE147F729220278194B46644D3346D3532926CA4A4BCBC7C9B6D4ABA73B429FE147F7292202781645335078C1C3972B7D68C64D2B469D376C662B1451C718A3FC59F9C24C849A091679F7DF6715D4DF3CF7FFED364DACF7EF6B34D4CDD50FC29FEE424414E028D4647B4CF882EEDCD8665CB96ED669484E24FF1272709721268403BB06A216B6B2EEF4D57BF7EFD36959494742DF463EFBAEE4C1B6753FC29FEE424414EA2E0693BF8871E7AC864D3B871E35EB70DC90D857EECB5F5BE422701C771CEA4F853FCC949829C44C1D2BD69B41D7C362D5CB8F03D5BF4A6D290FCABF807627AB277A7147F8A3F3949D09020EFE946791B376ECC6A43B269D3A63A5BE8D6D390342AFEF5EF4E8327018A3FC59F9C24684890F774D75EFF4679D9A27FCF16B95D3424C98B7FF0DDA986CD73A5F8EFDCB9D37CF2C927499FDBBE7D7BE8BF03C53FFF73527FFF4CFF1B9B376F4EF99C6A57B6729D9C44419E14C3D08CC247C4238CE27FF3CD379BD1A3477B9FDF7FFFFD5AF7637AF7EE6DBEF18D6F789F2BB4899E9E5FB66C9939F2C823CDAF7FFD6BD3AB572F2FEEBBEF3EEFF5FED7EFBFFF7EA37F433BF8EEBBEFBEDEA679ADFD1DB219E4643839B969D32673D451479977DF7DD7CC9831C3442291063179F264EF750B172E34F7DC734F83F0F330181F7CF08177E7F2A79E7AAA3EB4FDC1A1871E6AFEF8C73F3678DC6F525E7CF14573D24927799F9F78E289DE715093644BA979E79D77684880D6E8DBB7EF17D91E21B1FF036F6284A4C977A34BECBBD04B7BF6ECD931ACE1F13FFFF9CFE62B5FF98AB9E38E3BBC4663C89021E6BCF3CE33DDBA75F33EBFE1861BCC8A152BBCD70E1830C09C7EFAE926168B99CB2EBBCC1417179BAAAA2A3361C204A305D32AD66BD6ACF15EFBC20B2F784D86E257BFFA95F7DC2F7EF18BFAC7F47C4B7E078A7FFEE7E49D77DE697EF0831F789F2F5DBAD48C1D3BD60BE541870E1DCC134F3CE13DF7873FFCC19C75D659A653A74EE68A2BAE30575F7DB5D78028CF8E3DF658F3F8E38F7B79A72659FF1D7ADDF9E79F9F32F6DB6F3FB360C102B375EB56F3F0C30F9BAE5DBB7A4DF4F1C71F6F5E7EF9651A12A0AD5C77DD75BBB3BD86C41682B7584392B4F83728FA61CFD76BF441B971F7DD779BAF7FFDEBE688238E30071E78A0F7F9B7BFFD6DEF351F7EF8A1E9DCB9B3B9F1C61BBD86A47FFFFEDE09400D897E6F15EC604352595969BEF9CD6F7AAF2B2F2FF79E8B46A3DED77A5CCFA7FB3B50FC0B2327BB77EF6E6A6A6ACCB5D75EEB35087A4C4DC5C9279F6C2EB8E08206AFD5AED3C71D779CF7F9C08103CD77BEF31D6F14E5F0C30FF71A13BF21993B77AE39FBECB3EBBFEFA38F3EF2463E366CD850FFD839E79C63FEF6B7BF99F1E3C77B237AFADED34E3BAD5143327DFA74DD48B4C9291F721268C2F0E1C35765FB2A1BFB3FF18B5C65D3A0F82F725DF7F2C4A21F56F11F356A9477B2FFDEF7BEE7BD13BDF2CA2BBDF8D6B7BE658E39E698FAAF35FAA122AD62ACEF5143A2118D534E39C59B6E51D1D6F728FC02AF8643457BFDFAF5E68D37DEF0BEF7B5D75EF3BED6E37E4392CEEF40F1CFFF9C549E1D72C821A6B4B4D49B1ED454CB830F3EE8351DCA37351A4F3EF964FD7AA649932679A3216A3AD4907CFFFBDF37656565DEF78E1C39B2BE21D1EBD5541C7CF0C1F5A1E70E3AE8A0FAAF35D2E7FF1EC1291B3524FA79FAF9FA1EBD5639EC37DFE42490A6B163C73E94ED7D48AAABABA7B10F8957FC93BEFB0CBBF8AB41B8F7DE7BCDFEFBEFEF8D4E680E5E9BE705432322CB972F373FF9C94FBC3977BF211934689079F3CD37CDA2458BEA87D415AB57AFAE6F480E38E000F3E52F7FD91B595121D7477DADC7FD86249DDF81E29FFF39A9910C4DF1A92979E08107BCA64953775AEBA1E79F7EFA69EFB9679E79C65B4BA2BC52E831350C175D7491F7F1E8A38F36BFFBDDEF1A34246A324E38E1046F1A66E5CA95DE737A93A6AFCF3CF3CC064DAF5EAB11144D15AA21D134927250DF13462ED29020AFD8FFC9BB0D1830E0F32CEED4BA2B1A8DBECB4EADCD17C6F0F83FFEF10FAF19D0E73A11E85DA1FFEEF9DC73CFF51696FA532A5A68EA3724FA1E35285A1CD8B16347EF5DA9DE6DCE9F3FBFBE21193C7870FDA25615727F51AB1E0F4ED934F777A0F817464E6A64C3364A5EB3AA45AD77DD7597B778DA0F8DCAE9759F7EFAA99932658AE9D2A58BD9B1638779F4D147BD9CD1D48B72D3CF21AD09F19B0CAD4151F3121C21D1D79AA2F11B122D96D51A293D6F9B36D6900099604F04EF64EB5E36F67FE049B618CCE3A8B78F86440B9ED50C6868DA9F7ED13BD36033106C4874D2F01FFFE10F7FE83DAE779F3A49F80D8986D97562D130BA0AB91620EA6B3D9EAC2169CEEF40F1CFEF9CD4BFA7C5A5871D769839F5D453BDE9991FFDE847E68C33CEF046D6F4B9A67312D790A84978E59557BC291C35BC9AEED3E70A8DBCF90D89D62469C4442379CA494D13EA6BE5A6DF9068FD8A1A12E59E3F65434302B4B11FFFF8C791214386ECC9C228C9B66834BA94BBFDB68F8644270015FA9B6EBAC97CF7BBDF3563C68CF1428B56533524FA1E2D3AD5950EBA22619F7DF6A9BF7457A139765D85A32B1DFCA173BDBBD5D7362FBC2B265AF23B50FCF33B27B52EE3B1C71E336BD7AEF59A0D7F4D92AECAFAEA57BFDAE0B59A2E542E2AF7D43C5457577B8B5ED5C86AE4439F2BB486C96F48FC299E64913865135C4392D890FCF297BFF42E1326278156A8AAAA5AAEFFD13349EB55343AB2B7F96984DF904C9B36CD2BB2BA5A466B3582CD80DE89A66A48D450E8E4A1F9744DABE867A8A1D01E12C9F621094ED9B4E677A0F8E7774E6AC442A367BACA4A8BA5350DA3B522C3860DF316B4EA73C55B6FBDE57DD41A23FD8EDBB66DF33E2A347AA75113FF6BFF9271EDA3A386571BEEF939B96AD52AEF6B5DDDE55FD1A3913A35DA6A48D6AD5BE74DEFF4E9D3C7DC7AEBADDEF7682446A37E13274E242781D6D09A8E7EFDFAEDD49A804CB027A8E7ECBFB1D1BE0BEECED1CEFD8644C55A1B8FF9EB37AEB9E61AEFF3E79F7FDE9B5BB7B9D2E4948D2EA5D43CBB7E8E1A12FD8C741B92747E078A7F7EE7A44629AEBFFE7AAF31D1D7FADBF7E8D1A351248E4EE86A1C8D92248BE1C38737FA77D4C0A4CA492D9CD55A138DCE6991ADF623D11E3C6A582EBCF042EFFBBEF6B5AF79A338E424D04AF65D67CCBE1BDDA113455BDAB061C3FC6834BA96A99AF6D390044373EDFE10B986A713473B34EFAEC2AF42ECCFCB6FD9B2A5FE79AD1FD1FE0E893F578FEBE7EA9D676B7F078A7F61E564A64239A945B3C96E4FB0B7BC538EFB6BA5C849A00DD877B9FD2A2B2BB7B7D548894646D48CD877CBC338BA147F6E64464E12E424D06CB67928292D2DFD68CA94299FB462A1EBB63BEFBCF3114DD3D8A8E0A852FC29FEE424414E0269D39A9268343AABAAAA6AD3D2A54B77A6B3CFC88C193326DB86668916B0B26684E24FF12727097212688BC6E42A352615151575B7DD76DB8AF9F3E7AFADADADDDE8DF904F37CAD3BD696A6A6A5E183162C4F4582CB65A8D884645B89A86E24FF127270972126853B6D1E8E2BAEE20DB683C65638DEED61BDFF1501FD7EBDE34DA0E9E1D5829FE147F729220270150FC098A3F39494E0200C59FE24F4E12E424008A3F41F12727C94900A0F853FCC949829C0440F12728FEE424390900147F8A3F394990930028FE04C59F9C24270180E24FF1272709721200C59FA0F89393E4240050FC29FEE424414E02A0F813147F72929C04008A3FC59F9C24C84900147F82E24F4E92930040F1A7F8939304390980E24F50FCC94972120028FE147F729220270150FC098A3F39494E0200C59FE24F4E12E424008A3F91E1983E7D3A0D093949430280E24F84171F7FFCB1292B2B33252525EF388EF3ACFD38CA75DDCB6D74B771043949D09000A0F8135989F1E3C7AB21F9C28649121B6D4CB7F1886D50069193040D0980BC316BD62C8A6EEEC42E5BFCF7D86663428A86241815E42491AD9CA45202C8B8B973E76EACABABA3F0E640D4D6D63E618BFF4A4DD1D886635713CDC8A29E3D7B762427896CE524951240C6CD9E3DFBB23973E67CB879F3E69D14E0F0DE85AAF0D7D4D4ACB57195FE2EB6291993A219D9AE86859C24B29D93009071B6E05C6ADF052DD1D0ACE68B89AC878EFBCA60E1AFA8A8E86C9B8F2D890D896D465EA8ACACDC8F9CCCFDD0DF2B9F72120050A06CF3D13FA11999613FBE60E32FF93E4A920FF437E3280000DA3DAD13B127B535F186644B2412393A7EA2ABB45167E35A8E120D090000D938A95DA5139BE33825C1C7A3D1E849F6F1C5BA0CB8B4B4F4188E140D090000993EB18D4876554D7C04A5DAC626D775AFE448D1900000109A68347A863DF9BDAD0DD38A8B8B0FE188D0900000108AB2B2B2831CC7F98D3D09AE765DF76C8E080D090000619E04FFDBC6FBDAC7A4102E0FA6210100204745229123EDC9708A8DA5F6F3FFE488D0900000109AF83E26BA3C78A0FDB20347848604008050388ED3CD9E1817DAD0A66AC772446848000008452412D9D79E1C87EBF260DBA044382234240000847982ECE1BAEE9BF6E3C4582C762847848604008050F4EAD5EB40C7711ED096F47DFAF43987234243020040686C5372893D61D6DA8FB74722912F7144684800000885EBBA47D893E633365EB79F9FCC11A121010020348EE35CADCB836D5332A888CB8369480000084B241239C19E40E7DBA889C5625D38223424000084D594E8F2E01B6D6CB6E1704468480000088DE338FF654FA62B5DD79D649B94C338223424000084C236229DEC09F53E1B6B6DF4E488D0900000109A68347A913DB16E701CE77F2EB9E492FD39223424000084A2BCBCFC70DB903C6D4FB0CB62B1D8291C111A12000042E3BA6EDFF8E5C1438AB83C9886040080104FB25D6DCCB54DC96CFBF1388E080D090000A1183162C43E8EE30C8B5F1E1CE588D090000010E609F734D77557D8985C5151D199234243020040286C2372806D48EEB627DF7536CEE788D0900000101ADB945C684FC0EB6DDCC5E5C13424000084261289FC9B3D093F69E3EF8EE39C4A434243020040685CD72DD5E5C1B62919AA05B03424000020149148E4787B429EA3D0E7342400002014F1CB8387C637532BA521010000A1D17A12AD2BD1FA12AD33A121010000A1D09537BA024757E2E88A1C1A120000101ADB8C9C17DFB3E41EED61424302000042A15D5DB5BBAB7679D56EAF3424000020CC137654F7C3D17D71F2F1F2601A120000DACF49FBB8F89D83E7EA4EC234240000202C1D6C5332247E79705F1A120000109A582C768A3D892F731CE7E9F2F2F2C3694800004028E297078FB5B1211A8D5E4443020000C23C99F7B4F19E8DFB229148271A120000100ADB881CE6BAEE247B625F198D464FA721010000619ED81D5D1E6CE346DBA4EC4B4302000042118BC5BAD8137C8D8DF9B6293921079B8FA96A40F6124BF84B0200D0FEE9F2E041BA3CD8719CAB73AC21E961634F530D89FD9D2FE54F0800409EB04DC9C9F604FFBA8D67ECE747E4505332BD89866451CF9E3D3BF2D70300208F4422912F398E73BB3DD1D7DA8F97E44843D2235543621BA7CBF9AB010090A7FAF4E9738E3DE1AFB1F160AF5EBD0ECC81A624D95A92258C8E000090E762B1D8A1F6A43FD175DD37354A117243D2682D096B4700002820F6C41FB10DC0261BC3C3BC3CD8FE1ECF323A02004001B30DC0B1365EB6B1D03606DD426A48CE0CAC1DB998BF0A000085A9836D0606C6EF1EDC3FA4C6C85B4BC2E808000005CE719CFFB04DC1521BCF45229123B3DC90F4E8DDBB373BB5020080A2A2CACACAFD6C7370AB8DF7B3BCB854533526FE110000C0DB4CED6CDB94ACB64DC96FCACACA0ECAF03F77818D6D36C6C53F72950D0000F897E2E2E2436C53F2888DB7A3D1E819196E46FC264423245B684A000040038EE3F48E5F1E5CDDC68B4E139B91BD3D0E00000A596969E931F17BCF2C8E46A327B5C18FBC782F4D87FF3C6B4A00004043B621B9569707DBA86C8366646FCD0623256873B158AC8BE338036C0E3F6563958DEDF17D7076E9B60AF18DFA6ED0EB385A0090C35CD7ED6E0BF65FB477485959D951697EFB0545E98D7CA4FB7A2055DE5E6E63A68DDD4DDC653A315EB1AF2FE5E801408ED2E5C1B6508FD6E5C1368AD36C2ED21DF1D0F76DA729414BD8FCEC6A73F5A5349A9064312F12899CC8D10480DC2DF667D978D7719CF17BB93CB8B5D32F4CDF206D362F4BA2D1E8FF059B8B582C66C68C196366CF9E6DD6AD5B673EFEF863233B76EC30B5B5B566C1820566DCB871C6E6736253B29DD11200C861F69DE3C1B658FF5EF3F1BA2F4D9297EC6D016B73B5D5CF4161342397DA06E2B360233269D224535757679A63DBB66DDEEBF57DC1C624ACDB2B00009A4973F4B6606FB431327079705B5F2DC348099AD38C94049B91C183077BA3212DA1EF1B3A74686253C2480900E4B2482472B43D194CB345FBB56EDDBA552434231D6CF48D7F4C47E2F7B1D0152969CD48709AA6BABABA7E5AA6A5349D73CB2DB7244EDF74E76803408E3BF7DC73EF292E2EFEBC53A74E57069A8ADF17FDEB7E35BF4FA32949F57D342548CA362335C19191D63623C1A62461A4641E471B00729BD72C049A91A2F808870944739A926033E24779E079D694A081F8B461FD9A91964ED334357D135C53C2D40D00E4AE544D42B2E6A2A9A624D9EB1F4AF27AD69420D890CCF49B052D48CD84C99327334A0200EDA419B9388D26235953D2DC6624B12961FA268F1B0DDD81BAA9D76867557F21AB4631B66EDD9A91864457DF245C12DC95BF1000E48EE636057B6B4AD26D4682FF3E7709CE5381299299292E2D2F8A6F07EFBDEE8E3BEE3099A47D4A020DC90DFC850020B79A91E63603A99A927D5AD88C248ED0D094E469431288E9892326F17BD378CFCF993327A30D89364F0BFC2E53F90B0140FB6B469A6A4ADE6A4533D2DADF07EDAB21A91F31F11B93F88DF2BCC7DB7A316B22EDE81AF83DD6F317028070B57644225953D29A6624B129614D499E3724C111131B3BFDAFDBEA52DFA62E010EFCDBBBF80B0140783AC71B8771ADFC39FB241919792BFE786B8C6BE5CDD488761CD910FCF7280700901B23242D1D89686A84249DCDD3182129DC119225BA678D6E55A0DD5319210180C2A593FFF6A2CCAC21694953C21A92C26848EA1B91C06B584302003425698D48A4BAB437D95536E934255C6593FF0DC922EDC61A6C4402AFE12A1B0040B34726F6B6CF48BA3BBAFA7A14B10F493E37248D464412B10F0900A0B92314CDDDF42CDDA6C49F36BA9C3F41E1D24EADB639D8938D9D5A4B4B4BBF60A75600689F2325E9EEC0DADCA6C4FFF76846C0BD6C00008D464A12A74FFA16A5BFCF0877FB45BA0D49C6EFF61B8D46BFE06EBF00D0BE9A92E042D7607391CEA667A9BE8F4B7B91946D145EF11B86C18307B7D925C0BAD477C890219F0547479A5AD30200C81D89D3371DE2231CE95ECA9BF87DADDDFF04F9DD9074B5B1C56F1CAAABAB5BDD94A819B9E5965B82EB46B6BBAEDB9DA30D00EDB72969AD64D34140038EE394F80B5CFD9192964EDFE8FB12464698AA0180026F4AD8F40CCD661B878A6053A235255AE8AAAB649A7B358D16B006D78C286CB3338CA30B00ED576BA75998A641DA345262635BB0A15063A27D4AB4799A463FFCE91C4DCB6807566D7A76EFBDF79ABE7DFB7E9EB03BACB6A6AFE0A80240FE3425E98E70B080152DA63525C1CB815B18F358330200F925DD6917A669D0568DC955F1C6644F3A8D884645B89A06000ABB29D176F0ECC08A36A51D5D6D6332287EEF9B35BA5BAF7FD75EDD284FF7A6D176F0ECC00A0085E1E278B3717113CF6FA11901000099966AA484691A0000106A534233020000426D4AC6D18C0000803069CD8829E2D25E000010B2CE1C0200000000000000000000000000000000000000000000000000403EFA7FA8DE7D5D6D1DAABB0000000049454E44AE426082, 1);
INSERT INTO `ACT_GE_BYTEARRAY` VALUES ('12519', 1, '请假流程.bpmn20.xml', '12518', 0x3C3F786D6C2076657273696F6E3D27312E302720656E636F64696E673D275554462D38273F3E0A3C646566696E6974696F6E7320786D6C6E733D22687474703A2F2F7777772E6F6D672E6F72672F737065632F42504D4E2F32303130303532342F4D4F44454C2220786D6C6E733A7873693D22687474703A2F2F7777772E77332E6F72672F323030312F584D4C536368656D612D696E7374616E63652220786D6C6E733A7873643D22687474703A2F2F7777772E77332E6F72672F323030312F584D4C536368656D612220786D6C6E733A61637469766974693D22687474703A2F2F61637469766974692E6F72672F62706D6E2220786D6C6E733A62706D6E64693D22687474703A2F2F7777772E6F6D672E6F72672F737065632F42504D4E2F32303130303532342F44492220786D6C6E733A6F6D6764633D22687474703A2F2F7777772E6F6D672E6F72672F737065632F44442F32303130303532342F44432220786D6C6E733A6F6D6764693D22687474703A2F2F7777772E6F6D672E6F72672F737065632F44442F32303130303532342F44492220747970654C616E67756167653D22687474703A2F2F7777772E77332E6F72672F323030312F584D4C536368656D61222065787072657373696F6E4C616E67756167653D22687474703A2F2F7777772E77332E6F72672F313939392F585061746822207461726765744E616D6573706163653D22687474703A2F2F7777772E61637469766974692E6F72672F70726F63657373646566223E0A20203C70726F636573732069643D2270726F636573732220697345786563757461626C653D2274727565223E0A202020203C73746172744576656E742069643D227374617274222F3E0A202020203C757365725461736B2069643D226170706C7922206E616D653D22E8AFB7E58187E794B3E8AFB7222061637469766974693A61737369676E65653D22247B656D706C6F7965657D222F3E0A202020203C73657175656E6365466C6F772069643D227369642D45354631434434332D344341302D344231322D383035362D3035353632413838433739332220736F757263655265663D22737461727422207461726765745265663D226170706C79222F3E0A202020203C757365725461736B2069643D22617070726F766522206E616D653D22E7BB8FE79086E5AEA1E689B9222061637469766974693A63616E64696461746547726F7570733D22E983A8E997A8E7BB8FE79086222F3E0A202020203C73657175656E6365466C6F772069643D227369642D39374232393435442D323143302D343041352D384439382D4445414644314145463646362220736F757263655265663D226170706C7922207461726765745265663D22617070726F7665222F3E0A202020203C6578636C7573697665476174657761792069643D22636F6E646974696F6E222F3E0A202020203C73657175656E6365466C6F772069643D227369642D44413638384642352D354336332D343933432D414141412D3134334236303833453035452220736F757263655265663D22617070726F766522207461726765745265663D22636F6E646974696F6E222F3E0A202020203C73657175656E6365466C6F772069643D227369642D43354234304335342D393233442D343830432D414530322D3630463236414145453834332220736F757263655265663D22636F6E646974696F6E22207461726765745265663D226170706C79223E0A2020202020203C636F6E646974696F6E45787072657373696F6E207873693A747970653D2274466F726D616C45787072657373696F6E223E3C215B43444154415B247B61677265653D3D66616C73657D5D5D3E3C2F636F6E646974696F6E45787072657373696F6E3E0A202020203C2F73657175656E6365466C6F773E0A202020203C656E644576656E742069643D2273746F70222F3E0A202020203C73657175656E6365466C6F772069643D227369642D37413637304633362D413531332D343334442D394338302D3142354437373742353932302220736F757263655265663D22636F6E646974696F6E22207461726765745265663D2273746F70223E0A2020202020203C636F6E646974696F6E45787072657373696F6E207873693A747970653D2274466F726D616C45787072657373696F6E223E3C215B43444154415B247B61677265653D3D747275657D5D5D3E3C2F636F6E646974696F6E45787072657373696F6E3E0A202020203C2F73657175656E6365466C6F773E0A20203C2F70726F636573733E0A20203C62706D6E64693A42504D4E4469616772616D2069643D2242504D4E4469616772616D5F70726F63657373223E0A202020203C62706D6E64693A42504D4E506C616E652062706D6E456C656D656E743D2270726F63657373222069643D2242504D4E506C616E655F70726F63657373223E0A2020202020203C62706D6E64693A42504D4E53686170652062706D6E456C656D656E743D227374617274222069643D2242504D4E53686170655F7374617274223E0A20202020202020203C6F6D6764633A426F756E6473206865696768743D2233302E30222077696474683D2233302E302220783D2234352E302220793D2237302E30222F3E0A2020202020203C2F62706D6E64693A42504D4E53686170653E0A2020202020203C62706D6E64693A42504D4E53686170652062706D6E456C656D656E743D226170706C79222069643D2242504D4E53686170655F6170706C79223E0A20202020202020203C6F6D6764633A426F756E6473206865696768743D2238302E30222077696474683D223130302E302220783D223135302E302220793D2234352E30222F3E0A2020202020203C2F62706D6E64693A42504D4E53686170653E0A2020202020203C62706D6E64693A42504D4E53686170652062706D6E456C656D656E743D22617070726F7665222069643D2242504D4E53686170655F617070726F7665223E0A20202020202020203C6F6D6764633A426F756E6473206865696768743D2238302E30222077696474683D223130302E302220783D223331352E302220793D2234352E30222F3E0A2020202020203C2F62706D6E64693A42504D4E53686170653E0A2020202020203C62706D6E64693A42504D4E53686170652062706D6E456C656D656E743D22636F6E646974696F6E222069643D2242504D4E53686170655F636F6E646974696F6E223E0A20202020202020203C6F6D6764633A426F756E6473206865696768743D2234302E30222077696474683D2234302E302220783D223334352E302220793D223138302E30222F3E0A2020202020203C2F62706D6E64693A42504D4E53686170653E0A2020202020203C62706D6E64693A42504D4E53686170652062706D6E456C656D656E743D2273746F70222069643D2242504D4E53686170655F73746F70223E0A20202020202020203C6F6D6764633A426F756E6473206865696768743D2232382E30222077696474683D2232382E302220783D223531302E302220793D223138362E30222F3E0A2020202020203C2F62706D6E64693A42504D4E53686170653E0A2020202020203C62706D6E64693A42504D4E456467652062706D6E456C656D656E743D227369642D44413638384642352D354336332D343933432D414141412D313433423630383345303545222069643D2242504D4E456467655F7369642D44413638384642352D354336332D343933432D414141412D313433423630383345303545223E0A20202020202020203C6F6D6764693A776179706F696E7420783D223336352E31373331363031373331363031372220793D223132352E30222F3E0A20202020202020203C6F6D6764693A776179706F696E7420783D223336352E343133303433343738323630392220793D223138302E3431333034333437383236303837222F3E0A2020202020203C2F62706D6E64693A42504D4E456467653E0A2020202020203C62706D6E64693A42504D4E456467652062706D6E456C656D656E743D227369642D45354631434434332D344341302D344231322D383035362D303535363241383843373933222069643D2242504D4E456467655F7369642D45354631434434332D344341302D344231322D383035362D303535363241383843373933223E0A20202020202020203C6F6D6764693A776179706F696E7420783D2237352E302220793D2238352E30222F3E0A20202020202020203C6F6D6764693A776179706F696E7420783D223135302E302220793D2238352E30222F3E0A2020202020203C2F62706D6E64693A42504D4E456467653E0A2020202020203C62706D6E64693A42504D4E456467652062706D6E456C656D656E743D227369642D37413637304633362D413531332D343334442D394338302D314235443737374235393230222069643D2242504D4E456467655F7369642D37413637304633362D413531332D343334442D394338302D314235443737374235393230223E0A20202020202020203C6F6D6764693A776179706F696E7420783D223338352E302220793D223230302E30222F3E0A20202020202020203C6F6D6764693A776179706F696E7420783D223531302E302220793D223230302E30222F3E0A2020202020203C2F62706D6E64693A42504D4E456467653E0A2020202020203C62706D6E64693A42504D4E456467652062706D6E456C656D656E743D227369642D43354234304335342D393233442D343830432D414530322D363046323641414545383433222069643D2242504D4E456467655F7369642D43354234304335342D393233442D343830432D414530322D363046323641414545383433223E0A20202020202020203C6F6D6764693A776179706F696E7420783D223335332E313331363732353937383634382220793D223139312E3836383332373430323133353234222F3E0A20202020202020203C6F6D6764693A776179706F696E7420783D223235302E302220793D223131392E3839343235393831383733313131222F3E0A2020202020203C2F62706D6E64693A42504D4E456467653E0A2020202020203C62706D6E64693A42504D4E456467652062706D6E456C656D656E743D227369642D39374232393435442D323143302D343041352D384439382D444541464431414546364636222069643D2242504D4E456467655F7369642D39374232393435442D323143302D343041352D384439382D444541464431414546364636223E0A20202020202020203C6F6D6764693A776179706F696E7420783D223235302E302220793D2238352E30222F3E0A20202020202020203C6F6D6764693A776179706F696E7420783D223331352E302220793D2238352E30222F3E0A2020202020203C2F62706D6E64693A42504D4E456467653E0A202020203C2F62706D6E64693A42504D4E506C616E653E0A20203C2F62706D6E64693A42504D4E4469616772616D3E0A3C2F646566696E6974696F6E733E, 0);
INSERT INTO `ACT_GE_BYTEARRAY` VALUES ('12520', 1, '请假流程.process.png', '12518', 0x89504E470D0A1A0A0000000D4948445200000224000000E60806000000E54C9EE600001A5E4944415478DAEDDD0B7454D5BDC7F1A058C527BD3EAA162D165D977BADB55EA9B5D62AF551B557A2A2C3C9994942A434A915298274512D0D028ACA557CDFB65815C4A2D52A8A884240E45D69A950292A0AF28840908B8A801475DFFD3B9D93753299099924336732F3FDACF55F496626219EFCFD9FFFECBDCF3E4545000000000000000000000000000000000000000000000000000000000000000000000000000000000000000000000000000000000000000000000000000000000000000000000000000000000000000000000000000000000000000000000000000000000000000000000000000000000000000000000000000000000000000000000000000000000000000000000000F9C818D371F5EAD54F2D5EBCF8F359B3669999336712598E9A9A1A3377EEDC0F6C949291E4243909A020A9F0CF9B37CFD4D5D599DDBB771321C5962D5BCCABAFBEFA913D115C454E9293E4248082A377A114FE9C3901ECB6EF4E579293E4243909A0E068489CC29B3B618BFF1E72929C242701141CCD17537473AAF81B72929C24270150FC53C4271F6E34AB973C6256D48CF4429FEB310A36C59F9C242701202BC57FFBB65AF3C6CBC3CDB269431B841ED373146D8A3F39494E0240C68BFFFA15CF372AFC7E6C583195A24DF12727C94900C87CF15FF9CAED298BBF9EA36853FCC949721200325EFCDF98392265F1D773146D8A3F39494E0200C59FE24F4E9293E42480FC2FFEBA822155F1D773146D8A3F39494E0240C68BFFAA05F7A72CFE7A8EA24DF12727C94900C878F1DF5ABBDCBC31A3BAF1D0B87D4CCF51B429FEE424390900192FFE8A357F99D8A8F8EB310A36C59F9C242701203BC5FFD34FCDAA85FFDB7868DC3EA6E728DA147F72929C04808C167FED7AF9F682FB52CED7EB3976C6A4F89393E4240064A6F8DB77991B57CD367F7FE9C69485DF0FBD46AFE59D29C59F9C242701A0CD8AFFDEDE81F2CE94E24F4E92930090F1E2DF9C77A04DBD33A58853FCC9497212005A5DFC5B5AF8FDA08853FCC9497212005A5DFC098A3F394990930028FE147F72925C20270150FC098A3F394990930028FE147F72925C2027816C33C61CB07CF9F2AA091326BC7ADB6DB77D3470E0C03D151515A6A4A4C49496967E71CD35D7ECBEE9A69B56DF7EFBED936CFC3B478CE24FF1272709721268D346E44F7FFAD3C451A346ED19346890F9ED6F7F6B162F5E6C6A6B6BCDAE5DBB8CE8635D5D9DF9EB5FFF6A6CC3627EFEF39F7F71FDF5D7BF575959D99F2348F1A7F89393043909B48A6D3CFA8D1E3DFAD3A143877ACDC6679F7D669AEBF5D75F37C3860DFBACAAAA6A6524123991A349F1A7F89393043909A43B2AD2F1B9E79E9BFDD39FFED44C9D3A35AD4624D14B2FBD64FAF5EBB793D1128A3FC59F9C24C84920AD6664CE9C39AF5D77DD75E6EDB7DF366DE1BDF7DE33B6B9D9D9BF7FFF6B39C2147F8A3F39499093C05E696444CD88D684B425FDBCCACACAEDAEEB96729429FE147F729220278194B46644D3346D3532926CA4A4BCBC7C9B6D4ABA73B429FE147F7292202781645335078C1C3972B7D68C64D2B469D376C662B1451C718A3FC59F9C24C849A091679F7DF6715D4DF3CF7FFED364DACF7EF6B34D4CDD50FC29FEE424414E028D4647B4CF882EEDCD8665CB96ED669484E24FF1272709721268403BB06A216B6B2EEF4D57BF7EFD36959494742DF463EFBAEE4C1B6753FC29FEE424414EA2E0693BF8871E7AC864D3B871E35EB70DC90D857EECB5F5BE422701C771CEA4F853FCC949829C44C1D2BD69B41D7C362D5CB8F03D5BF4A6D290FCABF807627AB277A7147F8A3F3949D09020EFE946791B376ECC6A43B269D3A63A5BE8D6D390342AFEF5EF4E8327018A3FC59F9C24684890F774D75EFF4679D9A27FCF16B95D3424C98B7FF0DDA986CD73A5F8EFDCB9D37CF2C927499FDBBE7D7BE8BF03C53FFF73527FFF4CFF1B9B376F4EF99C6A57B6729D9C44419E14C3D08CC247C4238CE27FF3CD379BD1A3477B9FDF7FFFFD5AF7637AF7EE6DBEF18D6F789F2BB4899E9E5FB66C9939F2C823CDAF7FFD6BD3AB572F2FEEBBEF3EEFF5FED7EFBFFF7EA37F433BF8EEBBEFBEDEA679ADFD1DB219E4643839B969D32673D451479977DF7DD7CC9831C3442291063179F264EF750B172E34F7DC734F83F0F330181F7CF08177E7F2A79E7AAA3EB4FDC1A1871E6AFEF8C73F3678DC6F525E7CF14573D24927799F9F78E289DE715093644BA979E79D77684880D6E8DBB7EF17D91E21B1FF036F6284A4C977A34BECBBD04B7BF6ECD931ACE1F13FFFF9CFE62B5FF98AB9E38E3BBC4663C89021E6BCF3CE33DDBA75F33EBFE1861BCC8A152BBCD70E1830C09C7EFAE926168B99CB2EBBCC1417179BAAAA2A3361C204A305D32AD66BD6ACF15EFBC20B2F784D86E257BFFA95F7DC2F7EF18BFAC7F47C4B7E078A7FFEE7E49D77DE697EF0831F789F2F5DBAD48C1D3BD60BE541870E1DCC134F3CE13DF7873FFCC19C75D659A653A74EE68A2BAE30575F7DB5D78028CF8E3DF658F3F8E38F7B79A72659FF1D7ADDF9E79F9F32F6DB6F3FB360C102B375EB56F3F0C30F9BAE5DBB7A4DF4F1C71F6F5E7EF9651A12A0AD5C77DD75BBB3BD86C41682B7584392B4F83728FA61CFD76BF441B971F7DD779BAF7FFDEBE688238E30071E78A0F7F9B7BFFD6DEF351F7EF8A1E9DCB9B3B9F1C61BBD86A47FFFFEDE09400D897E6F15EC604352595969BEF9CD6F7AAF2B2F2FF79E8B46A3DED77A5CCFA7FB3B50FC0B2327BB77EF6E6A6A6ACCB5D75EEB35087A4C4DC5C9279F6C2EB8E08206AFD5AED3C71D779CF7F9C08103CD77BEF31D6F14E5F0C30FF71A13BF21993B77AE39FBECB3EBBFEFA38F3EF2463E366CD850FFD839E79C63FEF6B7BF99F1E3C77B237AFADED34E3BAD5143327DFA74DD48B4C9291F721268C2F0E1C35765FB2A1BFB3FF18B5C65D3A0F82F725DF7F2C4A21F56F11F356A9477B2FFDEF7BEE7BD13BDF2CA2BBDF8D6B7BE658E39E698FAAF35FAA122AD62ACEF5143A2118D534E39C59B6E51D1D6F728FC02AF8643457BFDFAF5E68D37DEF0BEF7B5D75EF3BED6E37E4392CEEF40F1CFFF9C549E1D72C821A6B4B4D49B1ED454CB830F3EE8351DCA37351A4F3EF964FD7AA649932679A3216A3AD4907CFFFBDF37656565DEF78E1C39B2BE21D1EBD5541C7CF0C1F5A1E70E3AE8A0FAAF35D2E7FF1EC1291B3524FA79FAF9FA1EBD5639EC37DFE42490A6B163C73E94ED7D48AAABABA7B10F8957FC93BEFB0CBBF8AB41B8F7DE7BCDFEFBEFEF8D4E680E5E9BE705432322CB972F373FF9C94FBC3977BF211934689079F3CD37CDA2458BEA87D415AB57AFAE6F480E38E000F3E52F7FD91B595121D7477DADC7FD86249DDF81E29FFF39A9910C4DF1A92979E08107BCA64953775AEBA1E79F7EFA69EFB9679E79C65B4BA2BC52E831350C175D7491F7F1E8A38F36BFFBDDEF1A34246A324E38E1046F1A66E5CA95DE737A93A6AFCF3CF3CC064DAF5EAB11144D15AA21D134927250DF13462ED29020AFD8FFC9BB0D1830E0F32CEED4BA2B1A8DBECB4EADCD17C6F0F83FFEF10FAF19D0E73A11E85DA1FFEEF9DC73CFF51696FA532A5A68EA3724FA1E35285A1CD8B16347EF5DA9DE6DCE9F3FBFBE21193C7870FDA25615727F51AB1E0F4ED934F777A0F817464E6A64C3364A5EB3AA45AD77DD7597B778DA0F8DCAE9759F7EFAA99932658AE9D2A58BD9B1638779F4D147BD9CD1D48B72D3CF21AD09F19B0CAD4151F3121C21D1D79AA2F11B122D96D51A293D6F9B36D6900099604F04EF64EB5E36F67FE049B618CCE3A8B78F86440B9ED50C6868DA9F7ED13BD36033106C4874D2F01FFFE10F7FE83DAE779F3A49F80D8986D97562D130BA0AB91620EA6B3D9EAC2169CEEF40F1CFEF9CD4BFA7C5A5871D769839F5D453BDE9991FFDE847E68C33CEF046D6F4B9A67312D790A84978E59557BC291C35BC9AEED3E70A8DBCF90D89D62469C4442379CA494D13EA6BE5A6DF9068FD8A1A12E59E3F65434302B4B11FFFF8C791214386ECC9C228C9B66834BA94BBFDB68F8644270015FA9B6EBAC97CF7BBDF3563C68CF1428B56533524FA1E2D3AD5950EBA22619F7DF6A9BF7457A139765D85A32B1DFCA173BDBBD5D7362FBC2B265AF23B50FCF33B27B52EE3B1C71E336BD7AEF59A0D7F4D92AECAFAEA57BFDAE0B59A2E542E2AF7D43C5457577B8B5ED5C86AE4439F2BB486C96F48FC299E64913865135C4392D890FCF297BFF42E1326278156A8AAAA5AAEFFD13349EB55343AB2B7F96984DF904C9B36CD2BB2BA5A466B3582CD80DE89A66A48D450E8E4A1F9744DABE867A8A1D01E12C9F621094ED9B4E677A0F8E7774E6AC442A367BACA4A8BA5350DA3B522C3860DF316B4EA73C55B6FBDE57DD41A23FD8EDBB66DF33E2A347AA75113FF6BFF9271EDA3A386571BEEF939B96AD52AEF6B5DDDE55FD1A3913A35DA6A48D6AD5BE74DEFF4E9D3C7DC7AEBADDEF7682446A37E13274E242781D6D09A8E7EFDFAEDD49A804CB027A8E7ECBFB1D1BE0BEECED1CEFD8644C55A1B8FF9EB37AEB9E61AEFF3E79F7FDE9B5BB7B9D2E4948D2EA5D43CBB7E8E1A12FD8C741B92747E078A7F7EE7A44629AEBFFE7AAF31D1D7FADBF7E8D1A351248E4EE86A1C8D92248BE1C38737FA77D4C0A4CA492D9CD55A138DCE6991ADF623D11E3C6A582EBCF042EFFBBEF6B5AF79A338E424D04AF65D67CCBE1BDDA113455BDAB061C3FC6834BA96A99AF6D390044373EDFE10B986A713473B34EFAEC2AF42ECCFCB6FD9B2A5FE79AD1FD1FE0E893F578FEBE7EA9D676B7F078A7F61E564A64239A945B3C96E4FB0B7BC538EFB6BA5C849A00DD877B9FD2A2B2BB7B7D548894646D48CD877CBC338BA147F6E64464E12E424D06CB67928292D2DFD68CA94299FB462A1EBB63BEFBCF3114DD3D8A8E0A852FC29FEE424414E0269D39A9268343AABAAAA6AD3D2A54B77A6B3CFC88C193326DB86668916B0B26684E24FF12727097212688BC6E42A352615151575B7DD76DB8AF9F3E7AFADADADDDE8DF904F37CAD3BD696A6A6A5E183162C4F4582CB65A8D884645B89A86E24FF127270972126853B6D1E8E2BAEE20DB683C65638DEED61BDFF1501FD7EBDE34DA0E9E1D5829FE147F729220270150FC098A3F39494E0200C59FE24F4E12E424008A3F41F12727C94900A0F853FCC949829C0440F12728FEE424390900147F8A3F394990930028FE04C59F9C24270180E24FF1272709721200C59FA0F89393E4240050FC29FEE424414E02A0F813147F72929C04008A3FC59F9C24C84900147F82E24F4E92930040F1A7F8939304390980E24F50FCC94972120028FE147F729220270150FC098A3F39494E0200C59FE24F4E12E424008A3F91E1983E7D3A0D093949430280E24F84171F7FFCB1292B2B33252525EF388EF3ACFD38CA75DDCB6D74B771043949D09000A0F8135989F1E3C7AB21F9C28649121B6D4CB7F1886D50069193040D0980BC316BD62C8A6EEEC42E5BFCF7D86663428A86241815E42491AD9CA45202C8B8B973E76EACABABA3F0E640D4D6D63E618BFF4A4DD1D886635713CDC8A29E3D7B762427896CE524951240C6CD9E3DFBB23973E67CB879F3E69D14E0F0DE85AAF0D7D4D4ACB57195FE2EB6291993A219D9AE86859C24B29D93009071B6E05C6ADF052DD1D0ACE68B89AC878EFBCA60E1AFA8A8E86C9B8F2D890D896D465EA8ACACDC8F9CCCFDD0DF2B9F72120050A06CF3D13FA11999613FBE60E32FF93E4A920FF437E3280000DA3DAD13B127B535F186644B2412393A7EA2ABB45167E35A8E120D090000D938A95DA5139BE33825C1C7A3D1E849F6F1C5BA0CB8B4B4F4188E140D090000993EB18D4876554D7C04A5DAC626D775AFE448D1900000109A68347A863DF9BDAD0DD38A8B8B0FE188D0900000108AB2B2B2831CC7F98D3D09AE765DF76C8E080D090000619E04FFDBC6FBDAC7A4102E0FA6210100204745229123EDC9708A8DA5F6F3FFE488D0900000109AF83E26BA3C78A0FDB20347848604008050388ED3CD9E1817DAD0A66AC772446848000008452412D9D79E1C87EBF260DBA044382234240000847982ECE1BAEE9BF6E3C4582C762847848604008050F4EAD5EB40C7711ED096F47DFAF43987234243020040686C5372893D61D6DA8FB74722912F7144684800000885EBBA47D893E633365EB79F9FCC11A121010020348EE35CADCB836D5332A888CB8369480000084B241239C19E40E7DBA889C5625D38223424000084D594E8F2E01B6D6CB6E1704468480000088DE338FF654FA62B5DD79D649B94C338223424000084C236229DEC09F53E1B6B6DF4E488D0900000109A68347A913DB16E701CE77F2EB9E492FD39223424000084A2BCBCFC70DB903C6D4FB0CB62B1D8291C111A12000042E3BA6EDFF8E5C1438AB83C9886040080104FB25D6DCCB54DC96CFBF1388E080D090000A1183162C43E8EE30C8B5F1E1CE588D090000010E609F734D77557D8985C5151D199234243020040286C2372806D48EEB627DF7536CEE788D0900000101ADB945C684FC0EB6DDCC5E5C13424000084261289FC9B3D093F69E3EF8EE39C4A434243020040685CD72DD5E5C1B62919AA05B03424000020149148E4787B429EA3D0E7342400002014F1CB8387C637532BA521010000A1D17A12AD2BD1FA12AD33A121010000A1D09537BA024757E2E88A1C1A120000101ADB8C9C17DFB3E41EED61424302000042A15D5DB5BBAB7679D56EAF3424000020CC137654F7C3D17D71F2F1F2601A120000DACF49FBB8F89D83E7EA4EC234240000202C1D6C5332247E79705F1A120000109A582C768A3D892F731CE7E9F2F2F2C3694800004028E297078FB5B1211A8D5E4443020000C23C99F7B4F19E8DFB229148271A120000100ADB881CE6BAEE247B625F198D464FA721010000619ED81D5D1E6CE346DBA4EC4B4302000042118BC5BAD8137C8D8DF9B6293921079B8FA96A40F6124BF84B0200D0FEE9F2E041BA3CD8719CAB73AC21E961634F530D89FD9D2FE54F0800409EB04DC9C9F604FFBA8D67ECE747E4505332BD89866451CF9E3D3BF2D70300208F4422912F398E73BB3DD1D7DA8F97E44843D2235543621BA7CBF9AB010090A7FAF4E9738E3DE1AFB1F160AF5EBD0ECC81A624D95A92258C8E000090E762B1D8A1F6A43FD175DD37354A117243D2682D096B4700002820F6C41FB10DC0261BC3C3BC3CD8FE1ECF323A02004001B30DC0B1365EB6B1D03606DD426A48CE0CAC1DB998BF0A000085A9836D0606C6EF1EDC3FA4C6C85B4BC2E808000005CE719CFFB04DC1521BCF45229123B3DC90F4E8DDBB373BB5020080A2A2CACACAFD6C7370AB8DF7B3BCB854533526FE110000C0DB4CED6CDB94ACB64DC96FCACACA0ECAF03F77818D6D36C6C53F72950D0000F897E2E2E2436C53F2888DB7A3D1E819196E46FC264423245B684A000040038EE3F48E5F1E5CDDC68B4E139B91BD3D0E00000A596969E931F17BCF2C8E46A327B5C18FBC782F4D87FF3C6B4A00004043B621B9569707DBA86C8366646FCD0623256873B158AC8BE338036C0E3F6563958DEDF17D7076E9B60AF18DFA6ED0EB385A0090C35CD7ED6E0BF65FB477485959D951697EFB0545E98D7CA4FB7A2055DE5E6E63A68DDD4DDC653A315EB1AF2FE5E801408ED2E5C1B6508FD6E5C1368AD36C2ED21DF1D0F76DA729414BD8FCEC6A73F5A5349A9064312F12899CC8D10480DC2DF667D978D7719CF17BB93CB8B5D32F4CDF206D362F4BA2D1E8FF059B8B582C66C68C196366CF9E6DD6AD5B673EFEF863233B76EC30B5B5B566C1820566DCB871C6E6736253B29DD11200C861F69DE3C1B658FF5EF3F1BA2F4D9297EC6D016B73B5D5CF4161342397DA06E2B360233269D224535757679A63DBB66DDEEBF57DC1C624ACDB2B00009A4973F4B6606FB431327079705B5F2DC348099AD38C94049B91C183077BA3212DA1EF1B3A74686253C2480900E4B2482472B43D194CB345FBB56EDDBA552434231D6CF48D7F4C47E2F7B1D0152969CD48709AA6BABABA7E5AA6A5349D73CB2DB7244EDF74E76803408E3BF7DC73EF292E2EFEBC53A74E57069A8ADF17FDEB7E35BF4FA32949F57D342548CA362335C19191D63623C1A62461A4641E471B00729BD72C049A91A2F808870944739A926033E24779E079D694A081F8B461FD9A91964ED334357D135C53C2D40D00E4AE544D42B2E6A2A9A624D9EB1F4AF27AD69420D890CCF49B052D48CD84C99327334A0200EDA419B9388D26235953D2DC6624B12961FA268F1B0DDD81BAA9D76867557F21AB4631B66EDD9A91864457DF245C12DC95BF1000E48EE636057B6B4AD26D4682FF3E7709CE5381299299292E2D2F8A6F07EFBDEE8E3BEE3099A47D4A020DC90DFC850020B79A91E63603A99A927D5AD88C248ED0D094E469431288E9892326F17BD378CFCF993327A30D89364F0BFC2E53F90B0140FB6B469A6A4ADE6A4533D2DADF07EDAB21A91F31F11B93F88DF2BCC7DB7A316B22EDE81AF83DD6F317028070B57644225953D29A6624B129614D499E3724C111131B3BFDAFDBEA52DFA62E010EFCDBBBF80B0140783AC71B8771ADFC39FB241919792BFE786B8C6BE5CDD488761CD910FCF7280700901B23242D1D89686A84249DCDD3182129DC119225BA678D6E55A0DD5319210180C2A593FFF6A2CCAC21694953C21A92C26848EA1B91C06B584302003425698D48A4BAB437D95536E934255C6593FF0DC922EDC61A6C4402AFE12A1B0040B34726F6B6CF48BA3BBAFA7A14B10F493E37248D464412B10F0900A0B92314CDDDF42CDDA6C49F36BA9C3F41E1D24EADB639D8938D9D5A4B4B4BBF60A75600689F2325E9EEC0DADCA6C4FFF76846C0BD6C00008D464A12A74FFA16A5BFCF0877FB45BA0D49C6EFF61B8D46BFE06EBF00D0BE9A92E042D7607391CEA667A9BE8F4B7B91946D145EF11B86C18307B7D925C0BAD477C890219F0547479A5AD30200C81D89D3371DE2231CE95ECA9BF87DADDDFF04F9DD9074B5B1C56F1CAAABAB5BDD94A819B9E5965B82EB46B6BBAEDB9DA30D00EDB72969AD64D34140038EE394F80B5CFD9192964EDFE8FB12464698AA0180026F4AD8F40CCD661B878A6053A235255AE8AAAB649A7B358D16B006D78C286CB3338CA30B00ED576BA75998A641DA345262635BB0A15063A27D4AB4799A463FFCE91C4DCB6807566D7A76EFBDF79ABE7DFB7E9EB03BACB6A6AFE0A80240FE3425E98E70B080152DA63525C1CB815B18F358330200F925DD6917A669D0568DC955F1C6644F3A8D884645B89A06000ABB29D176F0ECC08A36A51D5D6D6332287EEF9B35BA5BAF7FD75EDD284FF7A6D176F0ECC00A0085E1E278B3717113CF6FA11901000099966AA484691A0000106A534233020000426D4AC6D18C0000803069CD8829E2D25E000010B2CE1C0200000000000000000000000000000000000000000000000000403EFA7FA8DE7D5D6D1DAABB0000000049454E44AE426082, 1);
INSERT INTO `ACT_GE_BYTEARRAY` VALUES ('2', 13, 'source', NULL, 0x7B227265736F757263654964223A2231222C2270726F70657274696573223A7B2270726F636573735F6964223A226C656176655F70726F63657373222C226E616D65223A22222C22646F63756D656E746174696F6E223A22222C2270726F636573735F617574686F72223A22222C2270726F636573735F76657273696F6E223A22222C2270726F636573735F6E616D657370616365223A22687474703A2F2F7777772E61637469766974692E6F72672F70726F63657373646566222C22657865637574696F6E6C697374656E657273223A22222C226576656E746C697374656E657273223A22222C227369676E616C646566696E6974696F6E73223A22222C226D657373616765646566696E6974696F6E73223A22227D2C227374656E63696C223A7B226964223A2242504D4E4469616772616D227D2C226368696C64536861706573223A5B7B227265736F757263654964223A227369642D44343436414641382D334133332D344244432D393437382D454644444437463031323133222C2270726F70657274696573223A7B226F766572726964656964223A227374617274222C226E616D65223A22E696B0E5BBBAE6B581E7A88B222C22646F63756D656E746174696F6E223A22222C22657865637574696F6E6C697374656E657273223A22222C22696E69746961746F72223A22222C22666F726D6B6579646566696E6974696F6E223A22222C22666F726D70726F70657274696573223A22227D2C227374656E63696C223A7B226964223A2253746172744E6F6E654576656E74227D2C226368696C64536861706573223A5B5D2C226F7574676F696E67223A5B7B227265736F757263654964223A227369642D45354631434434332D344341302D344231322D383035362D303535363241383843373933227D5D2C22626F756E6473223A7B226C6F7765725269676874223A7B2278223A37352C2279223A3130307D2C2275707065724C656674223A7B2278223A34352C2279223A37307D7D2C22646F636B657273223A5B5D7D2C7B227265736F757263654964223A227369642D42424430313142362D384546382D344532462D393434322D383044323132384334393437222C2270726F70657274696573223A7B226F766572726964656964223A226170706C79222C226E616D65223A22E8AFB7E58187E794B3E8AFB7222C22646F63756D656E746174696F6E223A22222C226173796E6368726F6E6F7573646566696E6974696F6E223A2266616C7365222C226578636C7573697665646566696E6974696F6E223A2266616C7365222C22657865637574696F6E6C697374656E657273223A22222C226D756C7469696E7374616E63655F74797065223A224E6F6E65222C226D756C7469696E7374616E63655F63617264696E616C697479223A22222C226D756C7469696E7374616E63655F636F6C6C656374696F6E223A22222C226D756C7469696E7374616E63655F7661726961626C65223A22222C226D756C7469696E7374616E63655F636F6E646974696F6E223A22222C226973666F72636F6D70656E736174696F6E223A2266616C7365222C22757365727461736B61737369676E6D656E74223A7B2261737369676E6D656E74223A7B2261737369676E6565223A22247B656D706C6F7965657D227D7D2C22666F726D6B6579646566696E6974696F6E223A226C656176652D73746172742E666F726D222C2264756564617465646566696E6974696F6E223A22222C227072696F72697479646566696E6974696F6E223A22222C22666F726D70726F70657274696573223A7B22666F726D50726F70657274696573223A5B7B226964223A22737461727444617465222C226E616D65223A22737461727444617465222C2274797065223A2264617465222C227265616461626C65223A747275652C227772697461626C65223A747275652C22646174655061747465726E223A224D4D2D64642D797979792068683A6D6D222C227265717569726564223A747275657D2C7B226964223A22656E6444617465222C226E616D65223A22656E6444617465222C2274797065223A2264617465222C227265616461626C65223A747275652C227772697461626C65223A747275652C22646174655061747465726E223A224D4D2D64642D797979792068683A6D6D222C227265717569726564223A747275657D2C7B226964223A22726561736F6E222C226E616D65223A22726561736F6E222C2274797065223A22737472696E67222C227265616461626C65223A747275652C227772697461626C65223A747275652C227265717569726564223A747275657D5D7D2C227461736B6C697374656E657273223A22227D2C227374656E63696C223A7B226964223A22557365725461736B227D2C226368696C64536861706573223A5B5D2C226F7574676F696E67223A5B7B227265736F757263654964223A227369642D39374232393435442D323143302D343041352D384439382D444541464431414546364636227D5D2C22626F756E6473223A7B226C6F7765725269676874223A7B2278223A3235302C2279223A3132357D2C2275707065724C656674223A7B2278223A3135302C2279223A34357D7D2C22646F636B657273223A5B5D7D2C7B227265736F757263654964223A227369642D45354631434434332D344341302D344231322D383035362D303535363241383843373933222C2270726F70657274696573223A7B226F766572726964656964223A22222C226E616D65223A22222C22646F63756D656E746174696F6E223A22222C22636F6E646974696F6E73657175656E6365666C6F77223A22222C22657865637574696F6E6C697374656E657273223A22222C2264656661756C74666C6F77223A2266616C7365227D2C227374656E63696C223A7B226964223A2253657175656E6365466C6F77227D2C226368696C64536861706573223A5B5D2C226F7574676F696E67223A5B7B227265736F757263654964223A227369642D42424430313142362D384546382D344532462D393434322D383044323132384334393437227D5D2C22626F756E6473223A7B226C6F7765725269676874223A7B2278223A3134392E37383132352C2279223A38357D2C2275707065724C656674223A7B2278223A37352E32313837352C2279223A38357D7D2C22646F636B657273223A5B7B2278223A31352C2279223A31357D2C7B2278223A35302C2279223A34307D5D2C22746172676574223A7B227265736F757263654964223A227369642D42424430313142362D384546382D344532462D393434322D383044323132384334393437227D7D2C7B227265736F757263654964223A227369642D42374438323538332D383134462D344442322D383932332D324444324330354633453932222C2270726F70657274696573223A7B226F766572726964656964223A22617070726F7665222C226E616D65223A22E5BE85E5AEA1E689B9222C22646F63756D656E746174696F6E223A22222C226173796E6368726F6E6F7573646566696E6974696F6E223A2266616C7365222C226578636C7573697665646566696E6974696F6E223A2266616C7365222C22657865637574696F6E6C697374656E657273223A22222C226D756C7469696E7374616E63655F74797065223A224E6F6E65222C226D756C7469696E7374616E63655F63617264696E616C697479223A22222C226D756C7469696E7374616E63655F636F6C6C656374696F6E223A22222C226D756C7469696E7374616E63655F7661726961626C65223A22222C226D756C7469696E7374616E63655F636F6E646974696F6E223A22222C226973666F72636F6D70656E736174696F6E223A2266616C7365222C22757365727461736B61737369676E6D656E74223A7B2261737369676E6D656E74223A7B2263616E64696461746547726F757073223A5B7B2276616C7565223A22E983A8E997A8E7BB8FE79086222C222424686173684B6579223A22305542227D5D2C2261737369676E6565223A22227D7D2C22666F726D6B6579646566696E6974696F6E223A22222C2264756564617465646566696E6974696F6E223A22222C227072696F72697479646566696E6974696F6E223A22222C22666F726D70726F70657274696573223A22222C227461736B6C697374656E657273223A22227D2C227374656E63696C223A7B226964223A22557365725461736B227D2C226368696C64536861706573223A5B5D2C226F7574676F696E67223A5B7B227265736F757263654964223A227369642D44413638384642352D354336332D343933432D414141412D313433423630383345303545227D5D2C22626F756E6473223A7B226C6F7765725269676874223A7B2278223A3431352C2279223A3132357D2C2275707065724C656674223A7B2278223A3331352C2279223A34357D7D2C22646F636B657273223A5B5D7D2C7B227265736F757263654964223A227369642D39374232393435442D323143302D343041352D384439382D444541464431414546364636222C2270726F70657274696573223A7B226F766572726964656964223A22222C226E616D65223A22222C22646F63756D656E746174696F6E223A22222C22636F6E646974696F6E73657175656E6365666C6F77223A22222C22657865637574696F6E6C697374656E657273223A22222C2264656661756C74666C6F77223A2266616C7365227D2C227374656E63696C223A7B226964223A2253657175656E6365466C6F77227D2C226368696C64536861706573223A5B5D2C226F7574676F696E67223A5B7B227265736F757263654964223A227369642D42374438323538332D383134462D344442322D383932332D324444324330354633453932227D5D2C22626F756E6473223A7B226C6F7765725269676874223A7B2278223A3331342E33373130393337352C2279223A38357D2C2275707065724C656674223A7B2278223A3235302E36323839303632352C2279223A38357D7D2C22646F636B657273223A5B7B2278223A35302C2279223A34307D2C7B2278223A35302C2279223A34307D5D2C22746172676574223A7B227265736F757263654964223A227369642D42374438323538332D383134462D344442322D383932332D324444324330354633453932227D7D2C7B227265736F757263654964223A227369642D44434533304339432D304131442D343734332D423941422D373442443441303341373635222C2270726F70657274696573223A7B226F766572726964656964223A22636F6E646974696F6E222C226E616D65223A22222C22646F63756D656E746174696F6E223A22222C226173796E6368726F6E6F7573646566696E6974696F6E223A2266616C7365222C226578636C7573697665646566696E6974696F6E223A2266616C7365222C2273657175656E6365666C6F776F72646572223A22227D2C227374656E63696C223A7B226964223A224578636C757369766547617465776179227D2C226368696C64536861706573223A5B5D2C226F7574676F696E67223A5B7B227265736F757263654964223A227369642D43354234304335342D393233442D343830432D414530322D363046323641414545383433227D2C7B227265736F757263654964223A227369642D37413637304633362D413531332D343334442D394338302D314235443737374235393230227D5D2C22626F756E6473223A7B226C6F7765725269676874223A7B2278223A3338352C2279223A3232307D2C2275707065724C656674223A7B2278223A3334352C2279223A3138307D7D2C22646F636B657273223A5B5D7D2C7B227265736F757263654964223A227369642D45464233324239442D453235362D344630312D414641412D383932443246333434323841222C2270726F70657274696573223A7B226F766572726964656964223A2273746F70222C226E616D65223A22E5B7B2E5AE8CE68890222C22646F63756D656E746174696F6E223A22222C22657865637574696F6E6C697374656E657273223A22227D2C227374656E63696C223A7B226964223A22456E644E6F6E654576656E74227D2C226368696C64536861706573223A5B5D2C226F7574676F696E67223A5B5D2C22626F756E6473223A7B226C6F7765725269676874223A7B2278223A3533382C2279223A3231347D2C2275707065724C656674223A7B2278223A3531302C2279223A3138367D7D2C22646F636B657273223A5B5D7D2C7B227265736F757263654964223A227369642D43354234304335342D393233442D343830432D414530322D363046323641414545383433222C2270726F70657274696573223A7B226F766572726964656964223A22222C226E616D65223A22E9A9B3E59B9E222C22646F63756D656E746174696F6E223A22222C22636F6E646974696F6E73657175656E6365666C6F77223A22247B61677265653D3D66616C73657D222C22657865637574696F6E6C697374656E657273223A22222C2264656661756C74666C6F77223A2266616C7365222C2273686F776469616D6F6E646D61726B6572223A66616C73657D2C227374656E63696C223A7B226964223A2253657175656E6365466C6F77227D2C226368696C64536861706573223A5B5D2C226F7574676F696E67223A5B7B227265736F757263654964223A227369642D42424430313142362D384546382D344532462D393434322D383044323132384334393437227D5D2C22626F756E6473223A7B226C6F7765725269676874223A7B2278223A3335312E30313631303936383232353336372C2279223A3139332E38303530323935353130313135337D2C2275707065724C656674223A7B2278223A3230322E32303036383731393237343633332C2279223A3132352E30313732333630373339383834397D7D2C22646F636B657273223A5B7B2278223A32302E352C2279223A32302E357D2C7B2278223A35302C2279223A37397D5D2C22746172676574223A7B227265736F757263654964223A227369642D42424430313142362D384546382D344532462D393434322D383044323132384334393437227D7D2C7B227265736F757263654964223A227369642D44413638384642352D354336332D343933432D414141412D313433423630383345303545222C2270726F70657274696573223A7B226F766572726964656964223A22222C226E616D65223A22E5AEA1E689B9222C22646F63756D656E746174696F6E223A22222C22636F6E646974696F6E73657175656E6365666C6F77223A22222C22657865637574696F6E6C697374656E657273223A22222C2264656661756C74666C6F77223A2266616C7365227D2C227374656E63696C223A7B226964223A2253657175656E6365466C6F77227D2C226368696C64536861706573223A5B5D2C226F7574676F696E67223A5B7B227265736F757263654964223A227369642D44434533304339432D304131442D343734332D423941422D373442443441303341373635227D5D2C22626F756E6473223A7B226C6F7765725269676874223A7B2278223A3336352E343039373333353336323333382C2279223A3137392E36343834343638373030303735357D2C2275707065724C656674223A7B2278223A3336352E313736323033393633373636322C2279223A3132352E37303331313536323939393234357D7D2C22646F636B657273223A5B7B2278223A35302C2279223A34307D2C7B2278223A32302E352C2279223A32302E357D5D2C22746172676574223A7B227265736F757263654964223A227369642D44434533304339432D304131442D343734332D423941422D373442443441303341373635227D7D2C7B227265736F757263654964223A227369642D37413637304633362D413531332D343334442D394338302D314235443737374235393230222C2270726F70657274696573223A7B226F766572726964656964223A22222C226E616D65223A22E5908CE6848F222C22646F63756D656E746174696F6E223A22222C22636F6E646974696F6E73657175656E6365666C6F77223A22247B61677265653D3D747275657D222C22657865637574696F6E6C697374656E657273223A22222C2264656661756C74666C6F77223A2266616C7365222C2273686F776469616D6F6E646D61726B6572223A66616C73657D2C227374656E63696C223A7B226964223A2253657175656E6365466C6F77227D2C226368696C64536861706573223A5B5D2C226F7574676F696E67223A5B7B227265736F757263654964223A227369642D45464233324239442D453235362D344630312D414641412D383932443246333434323841227D5D2C22626F756E6473223A7B226C6F7765725269676874223A7B2278223A3530392E333333303037383132352C2279223A3230307D2C2275707065724C656674223A7B2278223A3338342E3931333333303037383132352C2279223A3230307D7D2C22646F636B657273223A5B7B2278223A33332E32313837352C2279223A32307D2C7B2278223A31342C2279223A31347D5D2C22746172676574223A7B227265736F757263654964223A227369642D45464233324239442D453235362D344630312D414641412D383932443246333434323841227D7D5D2C22626F756E6473223A7B226C6F7765725269676874223A7B2278223A313230302C2279223A313035307D2C2275707065724C656674223A7B2278223A302C2279223A307D7D2C227374656E63696C736574223A7B2275726C223A227374656E63696C736574732F62706D6E322E302F62706D6E322E302E6A736F6E222C226E616D657370616365223A22687474703A2F2F62336D6E2E6F72672F7374656E63696C7365742F62706D6E322E3023227D2C227373657874656E73696F6E73223A5B5D7D, NULL);
INSERT INTO `ACT_GE_BYTEARRAY` VALUES ('2503', 9, 'source-extra', NULL, 0x89504E470D0A1A0A0000000D494844520000024C0000010E08060000007B1C4839000000206348524D00007A26000080840000FA00000080E8000075300000EA6000003A98000017709CBA513C0000000467414D410000B18E7CFB5193000000017352474200AECE1CE900000006624B474400FF00FF00FFA0BDA793000000097048597300000EC400000EC401952B0E1B000020004944415478DAEDDD07785455FAC7F1339300090908188A88204525A4806EB0ACACA28BBDA18204831A0B620764EDA8606175055111B12101C184A280ABA2581614952602094D7A0F8290D0124899FFFBDE7B27FF21249084B449BE9FE7799F29994C869B43EEEF9E73EEB9C600000000000000000000000000000000000000000000000000000000000000000000000000000000000000000000000000000000000000000000000000000000000000000000000000000000000000000000000000000000000000000000000000000000000000000000000000000000000000000000000000000000000000000000000000000000000000000000000000000000000000000000E5C4C5264079F1783C411B376E7C68EFDEBDBD0E1E3C78D681030782727373D93027FA9FD8E5F2040505FD55A3468DF9595959433B75EAF43FB60A6D9236091098E087D6AF5F7FDFCE9D3B871D3A74A87693264DCC49279D64EAD4A963DC6E371BE704E90E7EFFFEFD4676FA66C78E1D87B3B3B357646464F4BAE28A2B52D83AB449DA244060829FD8B469D3B475EBD6DDD0BC7973D3B469533DFA64A394A16DDBB66918C890BB3D2FBDF4D2E96C11DA246D123871016C0294F58E49EA86F0F070D3B06143764CE5407B494E3EF9E41A3B77EEBCA657AF5EC9E3C68DFB83AD429BA44D02042654523AE4B161C38601BA63AA5BB7EE515F3FB47F87495D3ED5A4AE986E76ADFF9F39B867BDA915D2C804D6AACBC63B41356BD634F5EBD7AFB57DFBF6ABE3E2E2BE1C3F7EFC9F6C15DA246D12283906EB51267432ADCE0FD1218FC2764C9B177D64F6EF5A6572730E1B4F6EB639B87BADD9F4DB6893B9772B1BB01484848498962D5BE6060404BCC5D6A04DD2260102132A213DF34827D3EAFC9082ECDEF893C93E7CE0A8E77547B56BFD2C36602969D6AC5983C0C0C033BEFDF6DBF36993B449DA2440604225A3A769EB994785CD0FC938C611BB1EE9A3F4848585A5CACDCDB449DA246D122030A192D1356DF434EDC27872B20AFF660FEBE094A6468D1A9D2A379D6993B449DA245072816C0294055D0050CF8C41C593DFC32972D39036499BA44D0225470F13CA842E5CC7028095E43FB9FD7B08A44DD22669930081097EA64670FD42BF16588B5E00D02601109800D3A0F9DF4D60CD90A39E0FA8116C1AB4E8C406026D12008109086D186E42C2CE2AF0F93A8D22D840A04D022030012A272BE3A8E7B20FED63C380360980C0041C3EB0D35A3D79FFCE15477DEDC05FABCDA6851F58AF01689300084CA896D2B72D921DD387D635BA0A73306DA3D9307F94D9B3E917E361FD1BD0260154029CD689723B82DFF1C757D6D17A51E8E528F4F5FBE488BFD199579B206BD916803609A062D0C38472A147E745DD311D71642F47FD1B17BCC706046D12008109559F1E9D97945E351EA04D02A8480CC9A15CB4EDF2121B01B449007E8B1E2600000002130000008109000080C00400005091AAECA46F8FC713949C9C7CC7EFBFFF7EEBF6EDDB3B6CDBB6ADF6DEBD7B033333334D6060A0A74E9D3A590D1A34D85AB76EDD5FE4E52F3EF1C413AB680E0000A05A04260D4A9F7DF6D9FB2FBDF452CFBFFEFA2B303C3CDC74EEDCD99C76DA69460292090A0A32129A5CFBF6EDABB979F3E6962929292D172D5A746BFFFEFD371D3870E0A5F7DF7FFF439A050000A8B28169EEDCB977BDFCF2CBEFA4A7A7D78A8D8D35EDDBB73701010147BD4E439356C3860DCD39E79C636EBFFD76D792254B5A242525BDDBA74F9F01BB77EFBE6EF2E4C96B681E0000A0CA04268FC713F8F9E79FCF4C4848B8E49A6BAE31575D75558141E958345C49057CF3CD376D274D9AB4F4DE7BEF7D84DE260000A0FC7ED2B786A5D9B367FFF2DD77DF5DF2E8A38F9A6BAFBDB6D861C9D715575C619E7BEEB960B7DBFDD63DF7DCF3204D040000F87D60D29EA54F3FFDB4E3B3CF3E6BCE38E38C5279CF162D5A98175E784143D32B3D7BF6EC4533010080C0E4B774CED28C19332E79F8E187ADF948A549DFEFE9A79F0EAD51A3C608094D6D692A00001098FC8E9E0D3773E6CC513A67A9B47A96F2D39EA61E3D7AD472BBDD63682A00001098FCCEB469D346EBD2003AE7A82C5D7DF5D5C1279D74524B86E600002030F915ED5D4A4949B945970EA851A34699FFBC3E7DFAD477BBDDD56A02B86CDB811212BB76EEDCB94A2E6E2A6D88FFFDB449BF6CB7B9B9B93406A002F8E51F1E5DC1FBCF3FFF0CD4A500CA43747474CD5AB56AB5943FD8A72725256DA8266DE345FDE3DCB871E30CF977CF70B95C1F646767CF993C79F2FECAF6413FFCF0435DBDDDC4C7C79BD4D454939696663DFFC4134F98EEDDBB9B989818EB71CB962D8DFC1EADFBB7DC728B7546E5AE5DBBF2DEE7DC73CF35F3E7CFCF7B3C60C080027FDE881123CC810307CC934F3E596A9F07456F934D9A3439D0A3478F69721033BEB2B6C963193972A4F9E38F3FCC9B6FBE99F7DC830F3E682EBDF45273F3CD371FF15ABD32812F9D8270CF3DF7981B6FBC31EF39F9BF79443B6AD6AC99D9B2658BF9ECB3CFCC9A356BCCE38F3F6E66CF9E6DC68C1963121212684540750A4C7AB993C216A52C2B515151A9F3E6CDEB26778756A706227F8C83E5E626D951DD24DB7BBF1CE1CF90C71FC91FE859F2C737B3327CC6F3CF3FDF5C77DD7566FBF6ED262C2CCCCC9C39D37AFEB7DF7E337BF7EE35D3A74FB71EBFF0C20B46577ED700F3FDF7DF5BA149C38D069BF7DF7FDF346FDEDCC80ED87AEDA04183F20253464686D9B3674FDECFDBBC79B3B523DBB66D5BDE73F5EBD737C1C1C125FA3C28B610699771D226E3A44DEE95403F5D1E7F5299DA646134C0FCFBDFFF363FFCF08359BC78B1193AD4FE73B260C102B364C9123375EA542B008D1E3DDAECDEBDDB9A4779EAA9A71ED1C3F4CC33CF58E5A5ED50837F6868A8F5D81BD0F5FB3538A943870E1DD186015493C0A4D786D3CB9D94A7F3CE3BAF9E04A68BAB5B60CA2754FE607797DBEE12180E49789A2AF727CAEFE38B59B3666557D4878A8C8C343FFEF8A375C47EF7DD779B9F7EFAC96EDC8181D690AD0619EDCDF18613DD2975EAD4C99C7CF2C9D60903DAF3F3C5175F9876EDDA593D405657C68B2FE6BDBF7EED81071EC8DB71E9CE498745F467AAAD5BB79A77DE7927EF7B8BFB797042EA4ADD26EDF2366993993D7AF498E476BBA756749B2CC88A152B744EA479E9A597AC1E213D13577B8BBCE1A663C78EE6924B2EB11E7B0F06F5924E1AB2BCBEFCF24B73F0E0C1BCB6A69A346962DD6A9B7BF5D5574D565696D51375F6D96717F83956AD5A65CE3AEB2C5A0E501D02935E48578FBCCA53AB56AD6ACB4D079A4C9E5AB2938A95DB58F983BD5F8EF27F9023E351E57D94AF431BDAE3A37447A4F76FBAE9A6BC1DC33FFEF10FED1DB442CA5F7FFD65EAD4A9635E79E5156B3578B570E1426BB1D2952B579AEFBEFBCEF4EBD7CF7ADEDBD3E4A5AF1F376E9C757FC8902166FFFEFDD6ADBAFDF6DB4BFC7934B4A1D404491BBC5DDAE5EDD226B5E769A63C1E5D597A9E3EFFFC73AB47293A3ADAEA857CEDB5D74C4E4E8EF535EDB1D4F6B071E346EBB1B653ED451F3B76AC15C60F1F3E6C3D2F21D01A0ED690EEA53D96B56BD7B602B80E13FFEF7FFFB36EB5C74A0EF2CCF8F1E3AD80BF61C3062BB02D5FBEDC7A8D867600553C30EDDDBB37B05EBD7AE5FA33E5A8ADA1FC21CE963FC283683647F73C495D2FDBE77AFDC32FDB68FDCE9D3BCBE507FFF2CB2FD68E488738929393CDC08103AD1D8AD22378DD6168293D2A4F4F4FB7761C5E6DDAB4B18ECAD529A79C622EBEF862EBBE0E8BF8D29D8F2E8EAA7EFEF9676B07E67DBC74E9526B08AE249FE78E3BEE28F36DA43D628B162D32D5ACED6ACF53376993DD9C36B9B6BCDA6461B4275303928696FEFDFB5B43BDAB57AFB6BEE69DD7A66DC6ED765B6D457B242FBCF04273E59557EA9A70D6F3DAEE34FCE8109BD2B6ABEFE1FD1E2DBDAFC15C03BACEA19B33678ED5A3A443753A9F4987A2CBE3641980C05409E81F40BD786E799A3B77AEEE44757B3D4FB339AE963A793AFF04D6B2A0F38FB474184CE9D1B43ECE4F77201A4EB477A96FDFBED68E474391CEEBD070A347E8FA997FFFFDF7237A047448C47BC4EF3D22D7A1156D83DEC7FABD25FD3CE54187049D7F57756EBBADCBAB4D1646C392FECEB597487B8DEAD6AD6B8526DFBF6B3A2CA7A1C9B7E751DBA95E245C83D0BA75EBCCBE7DFBACC7AAA0E0A343722FBFFCB215AC7488EFADB7DEB2E6D175E8D0C1C4C5C5F1D709A84E81A956AD5A1EF9E3E22ACFD074EEB9E7EE9A32654A3DF9E3F57235691B45D9B9EAB9F97A8EF311B3EF651BAD9323E65615F1A175273163C60C5DA72BEF39DD4169E0BDEFBEFBACA18A51A3465947DF3A8156772EBA03D221B8AE5DBB5A136875D844E780F8AE1EDFAA552B73D75D7759F7F5A85D87E4BC8FF5FD4BFA79CA8386331DEA91D034B81AB4C91CF9BD7A9C839B4AD126BD7422B70EBB79A7136878D7B3D77CDB8AF61CE910AE9E74A067717A4D9A34C90A4EDA9BA96D75E2C489D6F33A9FC94BDB99F644E9EBF48040435745F7AA0104A60A2647665969696935BD931DCB831CC9ED963F449949494983AA43C3888D8D2D74E724FBA31CD9161A9274DC2A401EA7C9E3EFA4264898FD5AE78B4898A890858EF4285D8FDA75FE90970E49E9BC9182E8CE4B2FADA3936CF52CA3C71E7BCC7CFCF1C7E6B6DB6E3BA21753C2B2F9EAABAFF27E86862D3DB34EE9909B7748EE443F4F59D033F5B447E289279E185415DBA40E956BDE90F65753DBA30686CAD426BD7429803BEFBC534F20B11E0F1B364CD77833BD7BF7B686E4B4AD346AD4C89A57979F9E15A73D4CDAE6BC436BEAEBAFBFCE7B8D9EB4F0D1471F5927340C1E3CD83A03B4A0F5C6B4BD868484B0F703AA4360AA57AFDE2639626E539E8129393979AD1EBD56D786227F780FC9CEA79673B4AE6149D7BED1BFD613838383BF931D525A85773F3CFFBC150C7498E2820B2EC87B5E27741746E71CE9045C1D72D3D3FE75A7367CF870B376EDDABCD73468D0C09A0CEE0D3D7A5AB8F630E9B087D21EA9C68D1B97CAE741911D76827BB04F6F52A56B93BE0ABADEA5F66A76EBD6CDEA692AA80D39FFF7CCADB7DE6AF51CE952153AB4E71D3AF65D2A40C3BF96EFFCBBFC73F194B6E333CF3CD30A6F00AA7E0FD3EC94949436DE23B5F2203B563D549B5D5D1B8A139674873445EACBA0A0A02F2ACB9A37DE338CF48C340D333A19DB37A0E8B09BEF9A49BE748E87CE55F21EADEB9C235D5349CF60D220A461E79FFFFCA755BE3B212D3DE257DEA3FDD2F83C28B29A4E18A8946DB2A8F4EC4B0DE87AD6A40EF5161470B477C9BB48AAB6495D82C07B86E6BBEFBE7BC41C3A6FEFA7D29E289DF3F4AF7FFDCB5A1243DBA4862D9D2375D14517D18280EA1098D2D3D3FFBD71E3C63BE53FBFBB9C16AFCC5CBD7A755BB97DB0BA35101DDA909B59120EC63AA767A755B6CFA86D4027D3EA4290BAB3A859B3A6756691F7685A87D874E8E3587452ACAE89A3F39BF4CC247D3F9D0FA2C1A9223E0FFCBB4D1687AE97A40146CFE02C687DB9C2569457BEF3E0F4EC4D5DE2C27B31729DECAFC36F7AF6A7067E1D02D45EAED6AD5B5BF3DA0014B3E3C05F3FF8A38F3EBA262E2EAEB5F76C91B2243BD30963C68C69919494546DFECAE875BBE4687783EC90A694E4A8FDDB6FBFF554C451AC06143D82F6CE11D2210B3DEAD69D86D78E1D3BAC79453AD4A6F77507A3BD3EFA5A9D43A27402AE3E2E689D243D52D79FA373834AE3F394075DD4F0B2CB2E73D1262BBE674557DF6EDAB4695E0FA5B6116D53FA58DBE4B1E8FA4B3AE9BBA075E874A2B70ED969DBD290AEBD49BE0794DAA6B59D5796CBF154853689EAC56F2F622947634F7D22DAB76F1F58C6BD4C6963C78E6D277FA85FAF4E0D43C2E14B7E7904E0721D31A15A87D7F2F39D2BA2A7762B1D7AF38625A53BAFC216952CCE629345F93CA8DA6D323FBDD65BFE365294F0AD7C2F93929F8624DF2095FFEFA2B669AE5D08949CDB5F3FF8E8D1A327EFDFBF7F859E4A5B96860E1DFAA91C991D9023B7249A0B00000426BF939E9E7EFDD4A95333BCABE596B6E4E4E4CF7FFBEDB76BE408B07765BB2E150000203015495252D286C3870FF71E366CD8C1D25EA06DEBD6AD3FBFF2CA2B1D242C3D969898C879E000001098FCD7F8F1E327ECDFBFFFE1810307EE2FAD9E26ED597AFCF1C74FCBC9C9192561693CCD0400000293DF9B3061C247E9E9E9BD5F78E185BDD3A74F3FE0BD027809A4BDFEFAEB0943860C39373737F7F9891327BE42130100008155E51F22E12629363676EEA4499346CF983123A24F9F3E75CF3EFBECE0227E7BE6B7DF7E3B6DDCB8716DB2B3B3DBB85CAE4B1886030000552E30299DD32437FF94E0D46DE8D0A1F7D7AC5933AA6DDBB63B3B75EA14DAB265CB9A0D1A3468A2D707CBC8C8D891969696BE7CF9F2D573E6CC0958BD7AF5593939397AAEEFC8D4D4D4F14CF0060000553630F90427BD54C294B8B8B8664B962CE9B678F1E20BE5718C942E76A757543D492A4B4AAF21F0BDD4FD4ED8020000A81E81C96BC284095BE4E60DA70000004AC4CD26000000F0FFC0D4462AB484DFABD71B0829E26BDBD31C000040412AF3909C5EE4ABA9D420A9B5521F4BED97D20B737536F69CA470A9F3A50E483DEE7CDF12A9DFA522A4EE925A26354F4A87E77E35F6FCA5AFA5EE954AF6F979A3A5F4D2DF0B7D9ED30B33DD20D541EA6CA94FA55A4B35F2798D7EB647684A000010982A8206A1A79C9014E5041ABD705C0FA98FA41E935A6AECC9DB75A416480D904A935AEF841D0D470DA5FE21A557ADBC592A5D4AD757FAC2094057392128554A17A9F4383FFF3EE76737735EA33FF767E7BDFF2975D8D83D581FD28C0000203055949952F748BD6FEC1E220D47AF3AC165ACD46E9FD7EE93DA66EC5EA91152DF4AB99CD0D4C80955A73881E9BFCE7B69EFD441A94FA4DE95BA404AD76DFA5CEA3AE73D6B4B0D771EEF74BEEE7D5F0D4C5C7A1E0000025385EA26D5CA0940DAFB1320F58CF3B59152879CFB738C3D5CA7BD4EBA9CC0994EA8D2B94F0F197B886E8FD445C6EE51BAC079DDCD4E08D280A4BD44BD9D70D55CEA6DA93BA4AE31764F565BE767E8CF1D27D5DDE7737E4A330200A06AABCC93BE7F32F61CA4B78C3D47E95A27B4A82463F700799CD7694F90AEA7A4436B2F38B7971A7B382DDA0942539CEFD5794CB7490D34760FD134E77D3490253B41E934A9D3A5264BBDEE7CDFABCEF7663B01CE5B359C9F070000084CE54E7B9774AE910ECB9DEDDCBF5CAAA6D4FFA4FE90D2ABEDAE92CA95DA6EECDE1E0D355D8C3D29BCB1F33E7AFF3A9FF7FEC1D8436D8BA42E36768FD2B3C61ECA1BE584AD0D4E18D2E7B587EA09A98E527AC9948D520F3AF7B50ED2940000203055049D6734D1D8BD491A6CB427497B7C749ED2DE7CAFD589DCDA0315E704A6294ED099E77CFFB34E40AAE5BC5E7B903E3076CFD2C9C69E285E907B9C70B5D9D893C00F3B81AD96B3ED6A3AAFDB4E53020080C0541174E84B87D7B6398146E71CB5731E1744E73ADDE004AD7EC69EBFA467D75DE3DC7FD8D84374EA76A944E7B1BE776EBEF7D240A59753D133EC5E769ED3E50374F84E278F3776B69DDE6F44330200A06AABCC93BE75E2F62CA9BF9CC73A54A69738F9B680D76A4F4F4FA93F8D7DC6DB1863CF47D289E3BADC80F63AD5704298D2794AD73BEF37BE80101969EC21BC07F27D4DD785D2B3ECB497EB3EE7BE6A62ECF94C000080C054AE74D84BE724BDE5DCEA3A4C3749BD59C06BCF33F68575B5C7E87C276CF53176EF4FBCCFEB3420E972056BA472A41A48FDDBF9DA26634F2E77393FEBB1027E8E2E7619E5DCD7052E5F75EE7F66ECB3F400000081A95CE91C23EDEDD121B60DCE733AE4E6ED251AEBF3DA9F9CCA7FBF30573BB79739C149C538B7E105BCFEEFC69ED8FD144D06000002536593EB13968C4F58527B4BE1FDB38BF8BA0334150000AA2F379B0065D2B0DC6E4F6E6E2E1BA2321C75E4E66E2CC6C1016D12B44980C084F2121414F4E7BE7DFBD81095C09E3D7B52E466316D9236499B04084CA8646AD4A831273D3D9D0D5109A4A6A6EAF0F52CDA246D923609109850C9646666FE47FE2866793C1E3646C5DAB07BF7EEF6866B1ED226699300810995CF45175D345F764C4BB76DDBC6C6A840292929DFCAEF61DB65975D369736499BA44D0204265442191919BD366CD87070EFDEBD6C8C0AB067CF9EE972247F5D6E6E6E7FB6066D9236099C98003601CACAF8F1E377DD76DB6DF3E50FE40D75EBD60DAA55AB161BA51C774C72241FE572B91EB8FCF2CBE7B0456893B44980C0844A6CDCB871EB7AF5EAB570C78E1D5DE50FE501D94905CB2D1BA6EC6C909DD2E48D1B375EAA3BA62E5DBA7CC126A14DD226010213FC6407151717372D3D3DBDFDD6AD5BEB1E3A74E80FB7DBED92A3FB507FD8516DDFBEDD8C1A35CA6CDEBC598F928D0EE7E86D565696917F8BD15E0AF9F754D8E7D3356D76EFDEFDF3FAF5EB7F5BB56AD5C919191981F25C1C47F155AF4DEEDAB5CB7CF3CD37A661C386A676EDDA95F673D2265115715885723573E6CC0EB243BA59EE7636F6E568822AFB679E31638639DE44610D4CC1C1C1263030D0DA91D5A851C30A52356BD6B4AA6DDBB665B983D30500754D9B59529F3299B6EAB6C9458B1699DF7FFFDD9C7DF6D9E69C73CEA9CC9B953609021350DDF4E8D1E34CD9A1AE3A91F7484A4AE2FF1A4E586C6CEC20B9795E6AB0B4A9416C11A0FC70961C701C13274EFC23282828D8E3F158732F58C70700084C000A9090909029C1E93AB9FBAE33C7A5C8A989DE2500203001D58A849FFBE566B061381B00084C008E199A06793C9E87E56ECEF15E9B939373065B0C00FC1FCB0A0025B06CD9B2F91111117FB85CAE6BE56160A147246EF7039191917F97DA1A1616B665C3860DB96C3D9494B4A3CEC63E9B6F764A4ACA2CB608406002FC2134A5B46BD76E9E734A7ACDFC5FF7783C4FC9D7DAC95D3DFF3B3E2424E4FAE8E8E81D129CD6109C406002084C40750A4DEB24047D25E1A8AB3C0CF5FDDAC489132F8B898919959D9DBD551EB675C2536C6868E8ED515151AEF0F0F094E5CB971F662BA29C0293AE2FD5CC69A75C4C0F203001E52B3939395576649FCADD1BA5EAE973128E726487F6C2E2C58BB3E576615858D8A890909015F27C987CB983D4956EB7FB5EF9BE100955F2B2C5996C499471608A941A25F580D448B626406002CA9DECBCD2C2C3C39324105DA7A1282929E988FF5B3A04A7437862ACECF4663B47F91A9C2ECDCECEEE27CF35898E8EDEAEE18BAD89130C4CF1528952DDA49E94FA97D440CDF652FDA562A5C6B0350102135021962F5FBEBF63C78EE3B3B2B2D2251CCD3946B8B22E462A012BD16D5F84EE5CA9F33D1ECF7DB2436C23B5475FC316450903D362272C5D62EC4BBDE852182B7CBEF69CD49B6C4DA07802D90440E949484848939B578AF2DAC99327AF919B876363638769AF8004A6BE2E97AB97DCEF25CFCD91FBC3121313A7B15571829AB0098013470F1350C174384F7B0BDAB56B3732202060A7B1E79A68C54646466A1D88898959A9F3A1D85AD5DB717A987498F756E3CC91936AE8BCB689F35C5BA943529DA42ED5CCCE16058A8E1E26A092983C79F27EB979A373E7CE6F376EDC5877782FBA5C2EDDD18DC9C8C8181E1B1BFB665050D01B4E2F1650D0DFF3D3A576398F3748699BD27971DEB0BDCBA957D95C008109F06BB366CDD29D9B5EE8F70B0949DA43F0BC0427EB5682535F792E292727679833A4077869901EE4DCBFD969431152DF38414A79E7D62D6473010426A0CA484A4A9AA519AA67CF9E6D3D1ECF13CE1CA7FB020202EE91E7A6C873EF39AF01F2D321BA036C0680C004541B8989892BE5E6CEEEDDBBBF1C181878776E6EEE7DC63E3D3C56CCD2E0B463C78E294EEF14AA373D43EE7CA99F9CD0D4C7F95BFF189B062839AEB80EF8A1F8F8F87A999999FDE4EEDDC65EBD59E910DDCB414141490909092C84590549381E2437CF4B0DD68B4017F3DB75F277A2731BCED6048A87B3E4003FA42B83EB595261616123424343D71BFBACBA36525DB3B2B21E8A8A8A0A6605F1AAE70457FAD609E0630DAB7C030426A0BAD115C465C7B9582FBD52A74E9D5FE5A9662E974B4F1FEFECAC20DE263C3C7CD9F2E5CB77B3B5AA4560D2852AB739F775384E2FFCBCC5E7B12E92BA892D09141F7398802AC099BBF4B5969E5927A1A98FC7E3D1B92CF1010101BA10E67772FF5526885779C3A5FEE1F35887EFAE72EEEB750C7508770E9B09283EE630015554F7EEDDDB48587AC6D893C383BCD98A09E2FEAB0873981638C1C84B2F06ADBFE7FDCE01B27E4DD765DA922F5801203001D59B7782B873E9957ACED33A417C9833419C8530AB4E603AEAD76FEC93025E32F65A4C1F485DC69604084C000A0F4E41129CB4B7497B9D7482B89110952621EACD8080800F274C98B085ADE4F7816984D412F3FF2B7B17467B99BE668B0245C7A46FA09AD06BD1792788878484AC90A014E69D202EC1E991C8C8C8564C10AFDC8A30E9FB16A94652358C3D1CE7AD1B8CDDC374C8799D5E1E8595E2816260D23750CD38739792B49C4BAF3C21D5C53041BC2A986DEC75965EC9F7FC20635F5B2E814D041098001493F7D22B3E13C4F5D22B7AE1DF2B2538CD95DBF75808D3AF2C96B27A0D0B783EDBE779FD7DCE65730145C7901C00A3C370292929D3DBB76F3FC6E3F1EC93EAE072B9AC8530B3B3B3EF898C8CD4853097B21066C52AC290DCB75275A5A2A53AF8542FE7F674634F023F89C004140F3D4C00F23813BF07C5C7C7BF919191719F84265DB74783D38BF278406C6CECCBF25C426262E22EB656A5A4673CDE56C0F33AE47A87D49D6C22A064E861027014ED495AB66CD91C9D20AE975EF1783CA74B503A5DBE74B9D42311111161515151AB5252525892A01C1571D2775763F730E9CAEFDEB3E5D649DD65EC1EA8836C4980C004A014792FBD22E1E93DD959EB84620D4D6D243C9D2FB70FC97367464747AF4F4E4E4E656B558AC034516A955496D4D27C5F9B6CEC052C011098009415D9416F901A2B0169BAB14F556F2515E3F178EE931D794C545454465858D81A0D596CAD0A0B4CBAED35BC2E2FE46B00084C00CA83F626C9CEFAD3F6EDDB7F2C61A9B694F638E910506C6868E8ADB253CF8A898949D1759FD85AE51E980010980054B2E0B45776DA5F4647478F968719C69E1C7EBAD4B5CE9975AEF0F0F0A5CB972F3FCCD6223001042600D59AECB80FEACE3B2626669404A5B5BA5F976A2E75B9DBEDBE372A2AAA8104A78DAC204E6002084C00AA3DEFA557A44648485AA2975E71C25327094E7A665D07797EAD7C7D1B5B8BC004109800547BB2335F29F5B19E5927C129489E6A2BB7EDE4567B9C3AC9F39B7512395B8AC004F80B16AE045066BC975E898D8D7D4A6E1F94EAE7F1787411C52E7AE915B93F2137373761F2E4C99CEE0EA05273B1090094979E3D7B86E9F7755E630000199A4944415432044E786AE23CADA7C18F0C0A0A7A3B2121A1B22E8419E41C60965BB0EBD1A3C7932E97EBDFC508A7FC3D07CA10437200CA8D3341FCC798989891D9D9D95B8D7DA1589D207E695656D67D515151C15229FABA4AF6D14F974A34F699809BA5CA7C027B747474A8B1AF0157D46D3B9816061098005421CE04F1857AE995909090157AD915295D08B3B3D423129A22232222B62E5BB66C4B25F9C835A534E0AD961A23B5C7D83D636516EC64FBAC898C8C7C58EED62EC2CBB7C8EB87D3B2000213802A4857059750A43D4A1F382B886B0F8E06A7680950F754A209E21A921648FD22152BA5BD3923A50E49FD51563F5442E319B21DCE39DEEB3C1ECF24D98EFFA54501042600559CB382F8C7E1E1E1896EB75B7B74DA3A152FA12956EA405858584A055C7AE54A290D2D3A9FE84D635FAF6DA1D4F75213A466187B3ED6F3CEFDD20C4C1912986E3FDEEBE4350338EB10203001A84674814B5D415C2FBD220F0F7B3C9E480904CDE47E57BDF48A8488908E1D3BEAA55732CBE1E3E835F3A64AE9D0987E86EB8D3D97A99DF358D79A7AC9793C42AA54D798927FE7B6ECECECDE7237F4182FDB959A9ADA976BF801042600D59073E995EF2534BC27A161A3B17B9BF4BA755DBC13C42554ADD1D795E1C7D0EBE1A51BBB77E901A9978D7DB6DC45C69EACBECAD8738CB4B7699A4FC8D2B0A7F39CD69DC80FD7B95E9191911172B74361AF9140F9C9975F7E399D16031098005463DA93E49D201E1A1ABA5E9E6A22A149E73A7596B0F088048A56E1E1E1CBCAE0D22B0F49E99A513F1A7BCE92FEBDEC2835DBD8CB0CBC61ECA1397DACF399463B01AB9FB127839F6AEC613A9DE7B452AA443D40F2EFD3C0165F4050D2A138E376BB9FD109E2B41480C00400D60471E7D22BA3750571639FEAAF13C43B486878409EFBBBD4D6529CCBA33D57DA8B748754B0D4CD52038C3D5F497B7C6639C149D795FAD4D8C3717AA1619DE7A4C3685F1B7BBE9386AED79CF7D009E2C51A4A94A0B8252424A4AFB3627A1E0D4B620BC371008109000AA4A1486A6C54549406129DDF132D75A6B12788778E888838D4B061C39527182476E98F32F6F09AF668E9D05BA21398FE26F5B3B1277D2F911A6FEC5EA55B9DD0A443643A597C8B13ACC64AC5187B484F43DE0A53C44530F5DF20FF4EEDAD3A37FFD7F4EC3886E3000213001C2F38ED929AAE67D60504041C742688EB75EBBAE90471094FFB62626256EA5CA012BCBD06313D55FF34A9BE527D8CDDEBA4EF35D009471A84127CBE477B97F432303A195C87E8BA197B686EB1B187F6347C4539EF9758D40F22013040FE4DB716F0A5D77459065A0240600280E372CEACF34E10D73943DA2374BA54D7ACACAC877482B804A7C5C53CB34E7B8AB407492771BF67ECF5977A4AFDCBD8BD5971525FF9BC5EC3515363AFD9A4A1E94BA9FECEE7D033E874D14B9D04DEC3094B459E77D4B061C3751200EF92BB757D9EDE959B9BFBA0FCDB0FD30200021300149933417C565858D8086782B8F6386988E92C41AA5F6464649B624E10D7213D9DB0FDA7138696197B02B89EB5A7739A7C87C3B447E90929B7D410635F2F4FC38CF62EDD64ECDE28FD5A3FE73D8A3C5CA8C372F2D975D8D1F76CB9CF264D9A3491DF3A4060028012F14E10D733EBEAD4A9F3ABB1D74CD25E276B82785454543B09207F157382B80E7DFDE18420BDFF9C139CB4A7A893B1E718E9E54974F9035D76E064E77591C69EB7A4BD4ACF187B58AED867B5E53F5B4E82E0F3F2F957F2DB06084C00501AC1698D4E108F8888F8464286AEA114ED9435415CC2D30E09561B8A39415C5FAB67EAD573C2CFABFAE39CE736197B58AE9EF3FCBDC6EE79D249DE3A9CF7B229C11203313131A9D9D9D903BD8F838282EE2FA7C53B01E8410A9B004075D2BD7BF736010101033C1E4FAC04A87ACED31A7A5E4E4D4D1D3F6BD6AC924C108F37F68296BA04812E62F9AEB12FCEAB74184D87E59E944A73BE5622B1B1B17A769D4E6A5F979898D89ADF26507EE8610250AD782FBDE29D202EC1A98333CF492FBD72576464E449259820AE816891B17B96F40C399D24AECB0868C0596EECF59A74B84E278197789276E7CE9D1B1C3C78F092468D1A7D306FDEBCEFF86D02E5871E2600D55A7C7C7C506666A69E01A7F38B749E93AE6F94E676BBDF9540357AF2E4C9255D45FB5A634FFCD61E2B9D6BA4F39DDE2EE9E77CEEB9E77A6EDEBC79BC8426F7AC59B3724F39E594BB870C1992E0079B5827BA7B9C02084C00E0CF248804366EDCB89BCBE5D2F5963A3B4F6BD84992F034EC934F3E595CC2B73E5F6AB254B829E26295F93DF6D86337EFDCB973E2C30F3F1C70CE39E798254B9698112346E4D4AD5BF7F6E1C3877F52C69B46435FDDE3BC46D7A71AE9DCD7D0D9C0E76B3AD95D872167FB3CA743937FD0EA406002003F161B1BAB8149276AEB654D029DA7F55227AF262525CD2AC15BEA597A5B4AF259BC3D4B0F3DF4905BC392577272B279FDF5D773EAD7AF5FD6A1497BC674F984C29662D07960374AB5701E3F2DA51F54CF1CDC2EB5D679FE0C639F3938D7D8D7E07B8596067FC21C2600C8C7B9F4CA045D41DCED766BEF4A5BA7F4CCBA6B232222F6157385EDBD25F91C83070FBE63D3A64D63F38725D5B87163D3B2654B1D9EEB7AE18517262F58B0A0AC9618D079578F3881696301F53FA9DB8C7D3162ED5DD20B14EF72C25196D402E7B16E3F9D08FF9B544D639F4DB89BD6067F410F13001C477C7C7CBDCCCCCC7E1E8FA7AFCF9975DA63345A1EBF9D9898B8ABB47FA686A50D1B367CD4B76F5F77FBF6ED0B7D9DF6340D1B362C4B3E5BF771E3C695C575E53414E9EAE44F16F2F5FF187BD84D7B9874F2FCE552758EB17FD1B94CFB8CDD63974AEBAA9CE2E2E29A6567677795F67DB1B1CFF4D46B28EAE582F4648854696F8BE56B3F070404244D9830614B75D826042600285E70D209E2038C3341DCD98124187BB86E432985A538094BE38E17967C43D3D0A1430FCB0EECA6B163C77E5906814917E2D45EB246F9BEA62BA06B0FDC8FE6FF87E48C1384745BE45FA2A186B12F15D398D65439F5ECD9B3ABB1E7AD5D24A1A86611BF6D96B4BDD172E030BE2A6F1B86E400A0889C4BAF2CD415C443424256C84E22CC094EBA84805EB3AE5D7474F45A093025EE39E9D7AF5FD7D4D4D4449DE07DF6D96717E97B7478AE4D9B36013FFFFC73F788888805BA586729FEB375484E974B8837F6C46E0D4FD7EBBFD7D867C02D95BAD3D843725EBA40E77C63CF61DAE953BA5AB9AE1F3594D654B9C4C6C69E2EED374942929E2DDAAA98F94043F04D9191915DC2C3C37F2AC6A587FC0A3D4C0070027AF4E871BE04273D22D79E276B82B83CD6359206CB11F79CE2BC97F62CAD5FBF7EACF76CB8E2D29EA6D75E7B2DF3F0E1C3DD274E9CF84529FD13BD3D4C7AE1E1DAC6BE248C7ADED83D48DAAB90BF876987D4B3E6E8B95B3AA4F392B187775079DA706C4040C03BB9B9B9F5BDCFC963BD1C8F39EFBCF3348C9B7AF5EA993A75EA9883070F9AB4B4345D45DFCC9F3FDF2C5AB4C8646565F9BEDD7E69FFF757C5DE267A9800E0042C5BB66C4B4A4ACA54393A9F2C47E7D9B2B3D06BC7E904675D04F35A797E675858D89AE35D7AE5D9679FEDB569D3A671250D4B4A7B9A5AB56A15283BB29BE4487F897CB6D23875DFDBC314E5041E9DC4AD0B715E62EC45380BEA61D21E87339CD26E32ED813BD50955BAC0E70C5A4EA5094BD7BADDEE49D2766B7B83D235D75C631E7CF04173C51557E88905E6A4934E32B56AD5B25E5FA3460D2B389D76DA69E6FCF3CF37975C72891E2098B56BD7EAFA65FA121DC6BB49DAFD56F97FB188C004003882EC1C764940F94682CA18D901E9D0533BA933A5624343436F91F07440BEB666F9F2E5870B0A4B5BB66C19AB73968A3A0C5798264D9A688F40E0BC79F34A2B347903934EE8BE4BAAB753BAAED40FC6BEAC8C6F60D2C53997481DD03C69ECA1B80BA5BA3941E956A91063AF8E8E8A0D4BB14E58B2B240D3A64DCDC081034DA74E9D4C48484891DE232828C84447479B8E1D3B9A952B579ABD7BF33A15AF97D0B456FE5F2C253001008E228168BFEC247E8C898919999D9DBD567646A73BBD4E7AC6D103129C5CB2835929AF39A8AFD76138ED592AEA04EFA270E63405CE9D3BF7C6888888DF4E704E933730FDE08421DFD2F5944E938A730293F620E922953A447995B127770F926A2EB5CAD8BD517A569DCE85FADCD8CB0DA002E89CA5808080CFBD3D4B679D759679FAE9A74DC3860D4BF47EDA0B75E185179AF5EBD79B3FFFFCD3FBF4E5129AA6EAC14455D866CC610280B2DF397536F69C9FCECE5399129EDEA85FBFFE9A83070FBEE73B0CA7F343EEBFFFFEA3DEE3ADB7DE3A6267A67349EEBEFBEEA35E3772E448D3A081BDD0B6CE69FACF7FFE73302727E7E6C4C4C4AF4BF8F1BD739836E67B5EBB2074627798737B9DB117ABECE284249D183E413FAAF37A1DD34996D2D3D4B547EA77630FCFA102DC7AEBADDFE5E6E6FE53EF6BCFD2A04183ACA1B613A5ED52DF6BF3E6CDDEA7E6242525FDA32A6C337A9800A08C390B618E8D8888F85482929E861FAD21E4F0E1C3D7F5EBD7EF8845297588A351A346DA53953799D6ED765B936C2FBEF8E22382911EC9CB4ECF7A2CE1CB74EBD6CDF8F652694F53EBD6AD6BFCFAEBAF37B66BD76E690987E7664AAD37475F0B4E3FDC37C6EE7D7AC7F9BA2E4639CBF9BAF628E96ADEC39CD2FB1F39AFD3B0B49D96513174E9008FC7F39415020202AC61B892F62CE5A7739CDAB66D6B7EF8E107EF9CA6E65565688EC00400E54402CB9F3A41FCEAABAF4E3F70E0C095BD7BF7765D70C10547BDAE458B1666C1820566CF9E3DD663DDF1ECDFBFDF9C7AEAA9566FC0AA55ABCCD4A953CDA14387ACAF0706065A3BBC3E7DFA58E1CA9733A7C94868BAA984A169A729FCC2B9FA01779B635F58970BEF96B2D8D8D88112421A14E5648282C8F78E30F6D201D6046F9DB3549A74784E0E06AC76EA6824ED7E0C8109005064BA82F7B66DDB463DFAE8A36E3D65BB30126ECC4F3FFD94D7CB949D9D6DF53A692FD39021437C27D79AD0D050D3B76F5F73F2C92717F85E8D1B370EF086A6C8C8C845A5BC4E13CA99FC0EF542C67A32C1808888085DFBEB607878786A412714E4A72B784B007F53EEBAB577E991471E31C1C1C1A5FE199B356B6666CE9CE9ED016D2E9F79ACB4BB34021300E0B8F442BA7A6DB8A24CF0D610A447E93A14A76149E9CE67F1E2C566D7AE5D7943713AEFE4EF7FFFBB757AF7B168686ADDBA758E84A6AE12C69695D29203A898C034C8B95BD3E572E9F06E2FB7DBFD903CDF2E2A2A2A232626668BB493EC4282F8ED72738DDED73332BB74E952269F518796376EDC68B66EDDEA7D4A9719F885C0040038A6C71E7BECE6EDDBB77F529C15BC752EC8F7DF7F6F323232F20293F62CE5E4E4E4BD464FFFEEDFBFBF3577E4789A346952A365CB963973E7CED5E1B9644293DF07265F3AA95E53782F09D8FF8A888838534FF7CF3F6C2781EA31632F79616EB8E10673FAE9A797D9E7D4F6AA8B5B3A0E4B604A243001000AA53D4BDEB0549C4529753E52EBD6ADADF94CF95653B6E8EACB7AA69CCE792AAA534E39A5669B366DB27EFDF5D79B094D552A30F90A74B95C1A9E74D8AE9FBCFE6F1294F669CF9384A917E479EB34CA5B6EB9C59A6F5466012320C01A9673D496C034DC9FB77B204D0F00CA8E2E4AB979F366BDDC89BB242B78EBFA38B2B3B38ED4BDC370DE30A5F344642758ECF76CDFBE7D68EFDEBDD3DE7BEFBD293D7AF498223B57E634555D7A5666378FC7D32D3353AF136D727D037759CAF7FE61FEBE21094C005046E2E3E3EBAD5EBDFAE3ABAEBACA94F47227AA57AF5E66DEBC79473CA767CEDD78E38D257ECF5DBB76597B33094B71FCA6AA95BCD3284B63DDA563A95DBBB6EFC320021300A0400909096983070F8E9F356BD647EDDBB72FF14ADE9F7CF28975BD2E675D1B7BAFE7769BE9D3A75B67D395C4C9279FACAB2FD791F7A487C9FF3C5F84D7E4C8EFD623BFDB23F6F3F238579EB642D3BE7DFBCA3434E922963E32094C0080C2F76CCF3F3FF6E9A79FCE183E7C78E2238F3C52EC61395DCB66E9D2A5470CC7597BC39C1CEB2CA4850B17167B58EEF7DF7FDFF1C1071F04EB30CDC48913BFE0B7E45F6263630B0C4C7AF167B9C99550A417C00D7042769ADC7E2735A156AD5A5F676666EA6AEB6DF4F5BAAA7C5906267D7F1F7E7F7914374D0F00CAD690214326D5AF5FFFE6112346E42C59B2A4C8DFA7A1E8EDB7DFB616ADF4E921C8BB9F9E9E6EC68C1993FF48FE982460ED78EDB5D7822580C51196AA84C3128A329CB611E884256D3053A4BA070707B74C4A4AEA9E9898382D2121417B79F22E7ABC6EDDBA32FD60BA24860FBFBFD832810900CAC11B6FBC31AD5EBD7ADDE43667D1A2A25D42EDB3CF3E3B220CE9D201CD9B373F6209013D7B6ED2A449457ABF3FFEF863FBF0E1C36B1296AA145D8B29D80949091A928282821A6A48929AA2C3C2BE2F967035DB7BDFE794FF3291EFFD6713980000450E4D212121DDDF7AEBADACE385A6D4D454F3F5D75F1F11987445E6679E79E68861149D873277EEDCE3F616E830DCE0C1834F921DE65D84A5AA4187DBA4A64960BA5142D2691290EE744252A1F385020303A7C98DB5A8A5F676EEDEBDBB4C3E9B0EC7FDF6DB6FBE97C499E2EFDB9B759800A01C2D58B060E559679DF5ABEC4C625BB4681170CA29A714F8BAA143871EB1A2B79E7174CF3DF79856AD5A59A567CD795700D7C9E02B57AE34975E7AE951D792F386251D8693BBB7E9D00CBF05FF161919992321698C84A4BB2788949494958B172F2ED2A4EAE4E4E4BD51515117C9DD56DA6EB4BDE80297A56DDAB46966C58A15DEF1E33912E486FBFB7627300140395BB66CD9BA76EDDA2D94D0D4AD79F3E681F943D39C3973CC8F3FFE9877715DA5D7828B8BB35700D00BEDAE5FBFDE6CDFBEDD0A4B3AD7492FC0AB0B059E71C61947BC97CE591A366C98356749765A9FB3F5FD9F04A41FA5961676F993E3D1452CE52656EFAF5DBBD674ECD8B15417B0DCBC79B379E79D77AC93F4F4B184BB67F4F3FAFB7667480E002A406262E2D712886E7CE38D37327D2782EB50C6C89123CD8103078E78FDBDF7DE7BC4E33E7DFA1C71E69C0EAD8C1B37EE882116ED597AFDF5D7B567A907C370F0697BDACB384BEF6BD89636680DED96061D427EF3CD3773A46DE6F52E49B04FAA0ADBCD45D301808A73CB2DB774A955ABD67FFBF5EB1774228B5BE6A73D4BDEB0A4E18C2D0D5FB1B1B1A7CBCD02E3ACC0AD2BCA0F1830E0849619D0B024E1CB939C9CECCD16FB5D2E5747697F2BABC23663480E002A900ECFB56DDB769E049C5B9A376FEE6ADAB4E909F7FC6B5872CE86BB2D2929E92BB632F24B4949498B8888D82C81A6AB3C74FFF5D75F3A49DB5A08B524C3733A0CF7CA2BAFE4AC59B326AFFDCA7BDF2D61E987AAB2CD084C00504942D382050BBAB768D1C27D22A14987E19C394BB7310C87E3B4BB94C8C8C8CD72F75A0D4D3A2CF7C30F3F988C8C0C6BF98AA0A0E35FCD4487907582B7CE59DABB776F5EBBF5783C4F49587FA72A6D2F86E400A092E8D9B3E7950101019F0E1830A056870E1D8A7D40CB301C4AA2478F1E3A017C94CBE5CABB5AAE9E40A097F239F7DC73ADB332F542BA3A5CA7C36E1A9274514AED9192CA3D74E8906FC0D7F5A01E96B09450D5B6138109002A596872BBDD53FAF7EF5FE36F7FFB5BCDA27E9FCFD2018425149BCE6992C0F481C7E3E972026F3347DEA3775599B3941F4372005089A4A4A4AC090F0F9F2F6E69D1A28569DAB4E971FF4E7BC392B3740073965092769726F5716464E432093D0DE4A9E6A6E867D2CF917A3E353575C0175F7CF16755DD46F430014025A467CF0506064EEDDFBFBF2B262626A4B0D7E9E54E9C15BCE3589412A5252E2EAE9904F06ED2AE2E94877A75E726523AA94917C8D40BE9EAB5E1F472275324A46FA80EDB84C0040095940ECFC9D1BECE69CA3EE79C73EAE6FFBAF76C38BDDC096109285B0CC9014025E51D9E9B376F5E6CF3E6CD0F9D7AEAA9B5BC5FF33D1B8E15BC514E7491A6C3C5787D0BA974299D5B97EDEFFF780213005462BAE48084A605F3E7CF8F3DEDB4D30E4A680AF69DB3C4D20128069D93F46FA92EC7A8B55269057CEF5552E3A4DE2FC6CFDB24F5B5535F15F2BE7E83213900F0033AA749971CE8D4A9D3DE3973E6D4252CA184FBFC5EC7F87A5FA901C69E9B7481D47FA5BC1734D40E165DD172B7CFEB6B4B5D26B550EA6F5217E67BBF57A49E76C2965EC7E70929BFBDA65C20ED07002ABF4993267DD7B367CF1E3FFDF4D30C97CB75958425960E407179A4F648AD975A56C0D76FCC970F7E96BAE118EFF795F9FF912A0D4E9D8C738D3A875E1051D776FAB62A640E021300F8095D5F293E3EBE7E4242421A5B032574A5D44F8504265F3BA57E941A25755D4119DED83D51BB7C9ED3D70FF5797C8D365B293D61E13CA945FEBCE118920300A0FA785B4A57F6CE28E06B0DA52E7782CFF1728227DFE327A51E738296D21EA7E7A4264BDD29F5B9139EFC163D4C0000542F0F4A4D3CCE6B74DED1AB3EA1C953C07DF594D497C63E136E8813C8BC816B8DB17B99CE36C79E3B45600200007E45C3CD5E63CF3BFAD579EE5F523952C3A53E967AD7D8F39BD401E7569710F8CCD893C4353CE935E5663BEFF180F3FD7ECD4DDB0000008E1E529D8DBD6E529A53574B8D77EE1F72C290DE8F725EABCE74BEA693C4C38CBDFED2D5CED7F42CBA8E52B7FBF386A187090080EA43834EBCB12F6D927F1E922E13A04371D39DC77A86DB20635F0E65B5F39C7ECF29CEFD4BA4F6496D916A2CB5DDD8C37D774BE99217A1528F4B8D96FA456A853F6F38267D0300507DB4967AD127F4E4A74368CF18FBCCB80F8D7D36DC534E30324ED8D2B94A3AC4A6C3713739C1493B60DE745EA3DFA793BF073AAFD3F7EB66ECF94CDBF815000080AA420350ED62BEDE8BAB880000000000000000000000000000000000000000000000000000000000000000000000000000000000000000000000000000000000000000000000000000000000000000000000000000000000000000000000000000000000000000000000000000000000000000000000000000000000000000000000000000000000000000000000000000000000000000FCDFFF015E73171DDDD25B6E0000000049454E44AE426082, NULL);
INSERT INTO `ACT_GE_BYTEARRAY` VALUES ('2509', 1, 'new-process.bpmn20.xml', '2508', 0x3C3F786D6C2076657273696F6E3D27312E302720656E636F64696E673D275554462D38273F3E0A3C646566696E6974696F6E7320786D6C6E733D22687474703A2F2F7777772E6F6D672E6F72672F737065632F42504D4E2F32303130303532342F4D4F44454C2220786D6C6E733A7873693D22687474703A2F2F7777772E77332E6F72672F323030312F584D4C536368656D612D696E7374616E63652220786D6C6E733A7873643D22687474703A2F2F7777772E77332E6F72672F323030312F584D4C536368656D612220786D6C6E733A61637469766974693D22687474703A2F2F61637469766974692E6F72672F62706D6E2220786D6C6E733A62706D6E64693D22687474703A2F2F7777772E6F6D672E6F72672F737065632F42504D4E2F32303130303532342F44492220786D6C6E733A6F6D6764633D22687474703A2F2F7777772E6F6D672E6F72672F737065632F44442F32303130303532342F44432220786D6C6E733A6F6D6764693D22687474703A2F2F7777772E6F6D672E6F72672F737065632F44442F32303130303532342F44492220747970654C616E67756167653D22687474703A2F2F7777772E77332E6F72672F323030312F584D4C536368656D61222065787072657373696F6E4C616E67756167653D22687474703A2F2F7777772E77332E6F72672F313939392F585061746822207461726765744E616D6573706163653D22687474703A2F2F7777772E61637469766974692E6F72672F70726F63657373646566223E0A20203C70726F636573732069643D2270726F636573732220697345786563757461626C653D2274727565223E0A202020203C73746172744576656E742069643D227374617274222F3E0A202020203C757365725461736B2069643D226170706C7922206E616D653D22E8AFB7E58187E794B3E8AFB7222061637469766974693A61737369676E65653D22247B656D706C6F7965657D222F3E0A202020203C73657175656E6365466C6F772069643D227369642D45354631434434332D344341302D344231322D383035362D3035353632413838433739332220736F757263655265663D22737461727422207461726765745265663D226170706C79222F3E0A202020203C757365725461736B2069643D22617070726F766522206E616D653D22E7BB8FE79086E5AEA1E689B9222061637469766974693A63616E64696461746547726F7570733D22E983A8E997A8E7BB8FE79086222F3E0A202020203C73657175656E6365466C6F772069643D227369642D39374232393435442D323143302D343041352D384439382D4445414644314145463646362220736F757263655265663D226170706C7922207461726765745265663D22617070726F7665222F3E0A202020203C6578636C7573697665476174657761792069643D22636F6E646974696F6E222F3E0A202020203C73657175656E6365466C6F772069643D227369642D44413638384642352D354336332D343933432D414141412D3134334236303833453035452220736F757263655265663D22617070726F766522207461726765745265663D22636F6E646974696F6E222F3E0A202020203C73657175656E6365466C6F772069643D227369642D43354234304335342D393233442D343830432D414530322D3630463236414145453834332220736F757263655265663D22636F6E646974696F6E22207461726765745265663D226170706C79223E0A2020202020203C636F6E646974696F6E45787072657373696F6E207873693A747970653D2274466F726D616C45787072657373696F6E223E3C215B43444154415B247B61677265653D3D66616C73657D5D5D3E3C2F636F6E646974696F6E45787072657373696F6E3E0A202020203C2F73657175656E6365466C6F773E0A202020203C656E644576656E742069643D2273746F70222F3E0A202020203C73657175656E6365466C6F772069643D227369642D37413637304633362D413531332D343334442D394338302D3142354437373742353932302220736F757263655265663D22636F6E646974696F6E22207461726765745265663D2273746F70223E0A2020202020203C636F6E646974696F6E45787072657373696F6E207873693A747970653D2274466F726D616C45787072657373696F6E223E3C215B43444154415B247B61677265653D3D747275657D5D5D3E3C2F636F6E646974696F6E45787072657373696F6E3E0A202020203C2F73657175656E6365466C6F773E0A20203C2F70726F636573733E0A20203C62706D6E64693A42504D4E4469616772616D2069643D2242504D4E4469616772616D5F70726F63657373223E0A202020203C62706D6E64693A42504D4E506C616E652062706D6E456C656D656E743D2270726F63657373222069643D2242504D4E506C616E655F70726F63657373223E0A2020202020203C62706D6E64693A42504D4E53686170652062706D6E456C656D656E743D227374617274222069643D2242504D4E53686170655F7374617274223E0A20202020202020203C6F6D6764633A426F756E6473206865696768743D2233302E30222077696474683D2233302E302220783D2234352E302220793D2237352E30222F3E0A2020202020203C2F62706D6E64693A42504D4E53686170653E0A2020202020203C62706D6E64693A42504D4E53686170652062706D6E456C656D656E743D226170706C79222069643D2242504D4E53686170655F6170706C79223E0A20202020202020203C6F6D6764633A426F756E6473206865696768743D2238302E30222077696474683D223130302E302220783D223135302E302220793D2234352E30222F3E0A2020202020203C2F62706D6E64693A42504D4E53686170653E0A2020202020203C62706D6E64693A42504D4E53686170652062706D6E456C656D656E743D22617070726F7665222069643D2242504D4E53686170655F617070726F7665223E0A20202020202020203C6F6D6764633A426F756E6473206865696768743D2238302E30222077696474683D223130302E302220783D223331352E302220793D2234352E30222F3E0A2020202020203C2F62706D6E64693A42504D4E53686170653E0A2020202020203C62706D6E64693A42504D4E53686170652062706D6E456C656D656E743D22636F6E646974696F6E222069643D2242504D4E53686170655F636F6E646974696F6E223E0A20202020202020203C6F6D6764633A426F756E6473206865696768743D2234302E30222077696474683D2234302E302220783D223334352E302220793D223138302E30222F3E0A2020202020203C2F62706D6E64693A42504D4E53686170653E0A2020202020203C62706D6E64693A42504D4E53686170652062706D6E456C656D656E743D2273746F70222069643D2242504D4E53686170655F73746F70223E0A20202020202020203C6F6D6764633A426F756E6473206865696768743D2232382E30222077696474683D2232382E302220783D223531302E302220793D223138362E30222F3E0A2020202020203C2F62706D6E64693A42504D4E53686170653E0A2020202020203C62706D6E64693A42504D4E456467652062706D6E456C656D656E743D227369642D44413638384642352D354336332D343933432D414141412D313433423630383345303545222069643D2242504D4E456467655F7369642D44413638384642352D354336332D343933432D414141412D313433423630383345303545223E0A20202020202020203C6F6D6764693A776179706F696E7420783D223336352E31373331363031373331363031372220793D223132352E30222F3E0A20202020202020203C6F6D6764693A776179706F696E7420783D223336352E343133303433343738323630392220793D223138302E3431333034333437383236303837222F3E0A2020202020203C2F62706D6E64693A42504D4E456467653E0A2020202020203C62706D6E64693A42504D4E456467652062706D6E456C656D656E743D227369642D45354631434434332D344341302D344231322D383035362D303535363241383843373933222069643D2242504D4E456467655F7369642D45354631434434332D344341302D344231322D383035362D303535363241383843373933223E0A20202020202020203C6F6D6764693A776179706F696E7420783D2237352E302220793D2239302E30222F3E0A20202020202020203C6F6D6764693A776179706F696E7420783D223131322E352220793D2239302E30222F3E0A20202020202020203C6F6D6764693A776179706F696E7420783D223131322E352220793D2238352E30222F3E0A20202020202020203C6F6D6764693A776179706F696E7420783D223135302E302220793D2238352E30222F3E0A2020202020203C2F62706D6E64693A42504D4E456467653E0A2020202020203C62706D6E64693A42504D4E456467652062706D6E456C656D656E743D227369642D37413637304633362D413531332D343334442D394338302D314235443737374235393230222069643D2242504D4E456467655F7369642D37413637304633362D413531332D343334442D394338302D314235443737374235393230223E0A20202020202020203C6F6D6764693A776179706F696E7420783D223338352E302220793D223230302E30222F3E0A20202020202020203C6F6D6764693A776179706F696E7420783D223531302E302220793D223230302E30222F3E0A2020202020203C2F62706D6E64693A42504D4E456467653E0A2020202020203C62706D6E64693A42504D4E456467652062706D6E456C656D656E743D227369642D43354234304335342D393233442D343830432D414530322D363046323641414545383433222069643D2242504D4E456467655F7369642D43354234304335342D393233442D343830432D414530322D363046323641414545383433223E0A20202020202020203C6F6D6764693A776179706F696E7420783D223335332E313331363732353937383634382220793D223139312E3836383332373430323133353234222F3E0A20202020202020203C6F6D6764693A776179706F696E7420783D223235302E302220793D223131392E3839343235393831383733313131222F3E0A2020202020203C2F62706D6E64693A42504D4E456467653E0A2020202020203C62706D6E64693A42504D4E456467652062706D6E456C656D656E743D227369642D39374232393435442D323143302D343041352D384439382D444541464431414546364636222069643D2242504D4E456467655F7369642D39374232393435442D323143302D343041352D384439382D444541464431414546364636223E0A20202020202020203C6F6D6764693A776179706F696E7420783D223235302E302220793D2238352E30222F3E0A20202020202020203C6F6D6764693A776179706F696E7420783D223331352E302220793D2238352E30222F3E0A2020202020203C2F62706D6E64693A42504D4E456467653E0A202020203C2F62706D6E64693A42504D4E506C616E653E0A20203C2F62706D6E64693A42504D4E4469616772616D3E0A3C2F646566696E6974696F6E733E, 0);
INSERT INTO `ACT_GE_BYTEARRAY` VALUES ('2510', 1, 'new-process.process.png', '2508', 0x89504E470D0A1A0A0000000D4948445200000224000000E60806000000E54C9EE600001A634944415478DAEDDD097854E5BDC7F1A058C515AF685DD0A2E873B9D7FD8AD65AABD4A52E57A24587C39949424C69523744101FAAB5504011B98AFBADC5D64AB1687141111108882C8262A952111505592210E4A22020457DEFFB3B9D939E0C33219364E60C33DFCFF3FC9F4C6609E399BFFFF39FF7BCE73D4545000000000000000000000000000000000000000000000000000000000000000000000000000000000000000000000000000000000000000000000000000000000000000000000000000000000000000000000000000000000000000000000000000000000000000000000000000000000000000000000000000000000000000000000000000000000000000000000000F9C818D37AE9D2A5E3E6CD9BF7CDB469D3CCD4A953892C477575B5993973E667364AC84872929C04509054F867CD9A656A6B6BCDB66DDB889062DDBA75E6B5D75EFBC2EE08AE2227C949721240C1D1B7500A7FCEEC00B6D96FA78BC94972929C04507034244EE1CD9DB0C57F3B39494E9293000A8E8E17537473AAF81B72929C24270150FC53C4979FAF364BE73F6E16550FF642B7751F059BE24F4E9293009095E2BF69438D7977F2EDE69D89FDEB85EED363146D8A3F39494E0240C68BFFCA452FEE50F8FD58B56802459BE24F4E92930090F9E2BFF8D5E1298BBF1EA36853FCC949721200325EFCDF9D3A2865F1D763146D8A3F39494E0200C59FE24F4E9293E42480FC2FFE3A832155F1D763146D8A3F39494E0240C68BFF92390FA52CFE7A8CA24DF12727C94900C878F15F5FB3D0BC3B65E08E43E3F63E3D46D1A6F89393E4240064BCF82B96BD357A87E2AFFB28D8147F72929C0480EC14FFAFBE324B5EFFDF1D87C6ED7D7A8CA24DF12727C94900C868F1D7AA971FCE7930E5F17A3DC6CA98147F72929C0480CC147FFB2D73F592E9E6EFAFDC9AB2F0FBA1E7E8B97C33A5F89393E42400B458F1DFD93750BE9952FCC949721200325EFC1BF30DB4A16FA614718A3F39494E0240B38B7F530BBF1F14718A3F39494E0240B38B3F41F1272709721200C59FE24F4E920BE424008A3F41F1272709721200C59FE24F4E920BE424008A3F41F1272709721200C59FE24F4E920BE424008A3F41F1272709721200C59FE24F4E920BE424008A3F41F1272709721205C718B3D7C2850BAB9E78E289D7EEBAEBAE2F7AF7EEBDBDBCBCDCF4E8D1C39494947C7BCD35D76CBBEDB6DB960E1F3E7C8C8D7F678B51FC29FEE424414E022DDA883CFBECB3A3870C19B2BD4F9F3EE6D1471F35F3E6CD3335353566EBD6AD46F4B3B6B6D6FCF5AF7F35B6613137DE78E3B737DD74D327959595BDD882147F8A3F3949909340B3D8C6A362E8D0A15FF5EFDFDF6B36BEFEFA6BD3586FBFFDB6193060C0D75555558B2391C8B16C4D8A3FC59F9C24C84920DD5191D62FBCF0C2F45FFCE21766C28409693522895E79E515535151B185D1128A3FC59F9C24C84920AD6664C68C196FDE70C30DE6C30F3F342DE1934F3E31B6B9D9D2AB57AFEBD8C2147F8A3F39499093C04E696444CD88E684B424FDBDCACACA4DAEEB96B095FFC56E8FA936CEA6F853FCC949829C04E234674487695A6A6424D948495959D9065BEC3AB1B5FF49672929B413701CE74C8A3FC59F9C24C84914FAA19ABD060F1EBC4D73463269E2C4895B62B1D85CB678FDE21F8849C9BE9D52FC29FEE42441438282F0FCF3CF3FA9B369FEF18F7F984CBBF6DA6BD770E82665F1AFFB761ADC0950FC29FEE42441438282181DD13A233AB5371BDE79E79D6D8C92345CFC83DF4E356C9E2BC57FCB962DE6CB2FBF4CFAD8A64D9B427F0F14FFFCCF497DFE99FE37D6AE5D9BF231ADBB94AD5C27275170B402AB26B236E7F4DE74555454ACB185ADC32E588C4389308AFF6F7EF31B3374E850EFF6430F3D64468E1C69BA75EB664E38E104EFB642F38DF4B86D32CDC1071F6C7EFDEB5F9BAE5DBB7AF1E0830F7ACFF77FFFF4D34F77F83734D979F7DD77F7E61735F73D643372354FF23D27D7AC59630E39E410F3F1C71F9B2953A6984824522FC68E1DEB3DEFF5D75F37F7DF7F7FBDF0F330189F7DF699B7C8E3B871E3EA4223C5FBEFBFBFF9CB5FFE52EF7EBF4979F9E597CD71C71DE7DD3EF6D863BDEDA02649DFED3EFAE8231A12A039B41CFC638F3D66B2C9EE48DEB645EDE65C6C4872A4019A6FBF855ED6A54B97D6610D8FBFF1C61BE6BBDFFDAEB9FBEEBBBD46A35FBF7EE6BCF3CE331D3B76F46EDF7CF3CD66D1A245DE73AFBFFE7A73DA69A799582C662EBFFC72535C5C6CAAAAAABC957B955B2AD6CB962DF39EFBD24B2F794D86E257BFFA95F7D82DB7DC52779F1E6FCA7BA0F8E77F4EDE73CF3DE6C73FFEB1777BC1820566C488115E280F5AB56A659E7AEA29EFB13FFFF9CFE6ACB3CE326DDAB4313FFDE94FCDD5575FED3520CAB3C30F3FDC3CF9E4935EDEA949D67F879E77FEF9E7A78C3DF6D8C3CC9933C7AC5FBFDEFCE10F7F301D3A74F09AE8A38E3ACA4C9E3C9986046829BA368D9683CF26FB0DE6135BE026D090345CF47D610D8F6BF461F5EAD5E6BEFBEE33C71C738C69D7AE9DD97BEFBDBDDBA79F7EBAF79CCF3FFFDCB46DDBD6DC7AEBAD5E43D2AB572F6F07A08644EF5B053BD8905456569A934E3AC97B5E595999F758341AF57ED7FD7A3CDDF740F12F8C9CECD4A993A9AEAE36D75D779DD720E83E3515C71F7FBCB9E0820BEA3D5713F48F3CF248EF76EFDEBDCDF7BFFF7D6F14E5A0830EF21A13BF21993973A639FBECB3EB5EF7C5175F78231FAB56ADAABBEF9C73CE317FFBDBDFCCA851A3BC113DBDF6D4534FDDA12199346992D65C6AF0900F3909344017CA53C1CFA6356BD6D4DA42B79286A4AEE8CF755DF78AC4A21F56F11F326488B7B3FFE10F7FE87D13BDF2CA2BBD38E59453CC61871D56F7BB463F54A4558CF51A35241AD138F1C413BDC32D2ADA7A8DC22FF06A3854B457AE5C69DE7DF75DEFB56FBEF9A6F7BBEEF71B9274DE03C53FFF735279B6DF7EFBE9629EDEE1411D6A79E49147BCA643F9A646E3E9A79FAE9BCF3466CC186F34444D871A921FFDE847A6B4B4D47BEDE0C183EB1A123D5F4DC5BEFBEE5B177A6C9F7DF6A9FB5D237DFEFB081EB25143A2BFA7BFAFD7E8B9CA61BFF926278134E9AABDFE85F2B245FF9E2D785B6948927FFB0CBBF8AB4178E08107CC9E7BEEE98D4EE818BCE619054323220B172E343FFFF9CFBD63EE7E43A28B30BEFFFEFB66EEDCB97543EA8AA54B97D635247BEDB59739F0C003BD91151572FDD4EFBADF6F48D2790F14FFFCCF498D64E8109F9A92871F7ED86B9A74E84E733DF4F833CF3CE33DF6DC73CF79734994570ADDA786E1A28B2EF27E1E7AE8A1E677BFFB5DBD86444DC6D1471FED1D8659BC78B1F798468DF5FB99679E59AFE9D5733582A243856A4874184939A8D784918B3424C8BB6F4461C8D5C97AB9F81985313CFEDE7BEF79CD806E6B47A06F85FE363AF7DC73BD89A5FE21154D34F51B12BD460D8A2607B66EDDDAFB56AA6F9BB367CFAE6B48FAF6ED5B37A95585DC9FD4AAFB83876C1AFB1E28FE8591931AD9B08D92D7AC6A52EBBDF7DEEB4D9EF643A3727ADE575F7D65C68F1F6FDAB76F6F366FDE6CFEF8C73F7A39A3432FCA4D3F873427C46F32340745CD4B708444BFEB108DDF9068B2ACE648E971DBB431870468693D7BF6FC36DB2324F67FE035B9384242F1DFB121516EA819D0D0B47FF845DF4C83CD40B021D14EC3BFFF273FF98977BFBE7D6A27E137241A66D78E45C3E82AE49A80A8DF757FB286A431EF81E29FDF39A97F4F934B0F38E00073F2C9277B87672EBDF45273C6196778236BBAADC339897348D424BCFAEAABDE211C35BC3ADCA7DB0A8DBCF90D89E62469C4442379CA491D26D4EFCA4DBF21D1FC153524CA3DFF900D0D09D0826EB8E1866DD99E4362FF47FF2017E79050FCEB3724DA01A8D0DF76DB6DE6073FF88119366C98179AB49AAA21D16B34E954673AE88C84DD76DBADEED45D858EB1EB2C1C9DE9E00F9DEBDBAD7E775DD73B63A229EF81E29FDF39A979197FFAD39FCCF2E5CBBD66C39F93A4B3B28E38E2887ACFD5E142E5A2724FCDC3C08103BD49AF6A6435F2A1DB0ACD61F21B12FF104FB2483C64139C4392D890FCF297BFF44E1326278126B8FDF6DB9764FB2C1BFB3FF1CBB978960DC5FF5F3171E244AFC8EA6C19CDD5083603FA269AAA215143A19D878EA7EBB08AFE861A0AAD21916C1D92E0219BE6BC078A7F7EE7A4462C347AA6B3AC34595A8761345764C08001DE8456DD567CF0C107DE4FCD31D27BDCB06183F753A1D13B8D9AF8BFFBA78C6B1D1D35BC5A70CFCFC9254B9678BFEBEC2EFF8C1E8DD4A9D15643B262C50AEFF04EF7EEDDCD9D77DEE9BD4623311AF51B3D7A34390934C58811231ECBF63A24F61BCBC45C5C8784E2FFAF50B1D6C263FEFC8D6BAEB9C6BBFDE28B2F7AC7D62B2A2A1A3C64A35329759C5D7F470D89FE46BA0D493AEF81E29FDF39A91A75D34D37798D897ED767DFB973E71D2271744267E368942459D82F633BFC3B6A6052E5A426CE6AAE8946E734C956EB91680D1E352C175E78A1F7BAEF7DEF7BDE280E390934812DF41DEDFF54DF6471A5D6ADD168F4E35C5CA995E29F3C7448CF1F22D7F074E268878EBBABF0AB10FBC7E5D7AD5B57F7B8E68F687D87C4BFABFBF577F5CDB3B9EF81E25F583999A9504E6AD26CB2CB13EC2CEF94E3FE5C29721268A2BE7DFB7E94AD6BD94C9E3C798C6D4666B1D529FE5CC88C9C24C849A09E9FFDEC67917EFDFA6DCFC228C9866834BA80ABFD52FC29FEE424414E02495555552DD4ECF54CD27C158D8EEC6CD12550FC29FEE424414EA240694E474545C5162D7495090B172E7CC1FE1BAB5DD7EDC4D6A6F853FCC949829C04522A2929895555556DD6D90F2D69D5AA55B3A3D1E8720ED550FC29FEE424414E028D128BC52A2A2B2B37B5D448894646D48C388E3380AD4BF1A7F89393043909349A6D1E7A9494947C317EFCF82F9B31D175C33DF7DCF3B80ED3D82867AB52FC29FEE424414E0269D39C9268343AADAAAA6ACD82050BB6A4B3CEC8942953C6DA8666BE26B0326784E24FF127270972126889C6E42A3526E5E5E5B577DD75D7A2D9B3672FAFA9A959ED5F904F17CAD3B569AAABAB5F1A3468D0A4582CB6548D884645389B86E24FF127270972126851B6D168EFBA6E1FDB688CB3B14C57EB8D5FC65B3F57EADA345A0E9E155829FE147F729220270150FC098A3F39494E0200C59FE24F4E12E424008A3F41F12727C94900A0F853FCC949829C0440F12728FEE424390900147F8A3F394990930028FE04C59F9C24270180E24FF1272709721200C59FA0F89393E4240050FC29FEE424414E02A0F813147F72929C04008A3FC59F9C24C84900147F82E24F4E92930040F1CFF7983469120D093949430280E24F84171B376E34A5A5A5A6478F1E1F398EF3BCFD39C475DD2B6C74B2D18E9C2468480050FC89ACC4A851A3D4907C6BC32489D53626D978DC36287DC84982860440DE98366D1A45377762AB2DFEDB6DB3F1448A862418E5E42491AD9CA45202C8B8993367AEAEADADA5F0E640D4D4D43C658BFF621DA2B10DC7D6069A91B95DBA74694D4E12D9CA492A25808C9B3E7DFAE53366CCF87CEDDAB55B28C0E17D0B55E1AFAEAE5E6EE32A7D2EB6291996A219D9A486859C24B29D93009071B6E05C66BF05CDD7D0AC8E1713590F6DF7C5C1C25F5E5EDED6361FEB121B12DB8CBC545959B9073999FBA1CF2B9F72120050A06CF3D12BA11999627FBE64E3AD7C1F25C907FACCD80A00805D9EE689D89DDAB27843B22E12891C1ADFD155DAA8B5711D5B89860400806CECD4AED28ECD719C1EC1FBA3D1E871F6FE793A0DB8A4A4E430B6140D09000099DEB10D4A76564D7C0465A08D35AEEB5EC996A22101002034D168F40CBBF3FB500BA6151717EFC716A12101002014A5A5A5FB388EF35BBB135CEABAEED96C111A120000C2DC09FEB78D4FB58E49219C1E4C430200408E8A442207DB9DE1781B0BECEDFF648BD0900000109AF83A263A3DB8B7FDB5155B848604008050388ED3D1EE185FB7A145D50E678BD0900000108A4824B2BBDD39DEAED3836D8312618BD090000010E60EB2B3EBBAEFDB9FA363B1D8FE6C111A12000042D1B56BD7BD1DC779584BD277EFDEFD1CB6080D090000A1B14DC925768759637F0E8F4422DF618BD0900000100AD775DBD99DE67336DEB6B78F678BD0900000101AC771AED6E9C1B629E953C4E9C134240000842512891C6D77A0B36D54C762B1F66C111A120000C26A4A747AF0AD36D6DA70D8223424000084C6719CFFB23BD3C5AEEB8EB14DCA016C111A12000042611B91367687FAA08DE536BAB04568480000084D341ABDC8EE5857398EF33F975C72C99E6C111A1200004251565676906D489EB13BD87762B1D8896C111A12000042E3BA6ECFF8E9C1FD8A383D98860400801077B21D6CCCB44DC974FBF348B6080D090000A1183468D06E8EE30C889F1E1C658BD090000010E60EF754D77517D9185B5E5EDE962D4243020040286C23B2976D48EEB33BDF1536CE678BD0900000101ADB945C6877C02B6DDCCBE9C13424000084261289FC9BDD093F6DE3EF8EE39C4C434243020040685CD72DD1E9C1B629E9AF09B03424000020149148E428BB439EA1D06D1A120000108AF8E9C1FDE38BA995D090000080D0683E89E695687E89E699D09000008050E8CC1B9D81A3337174460E0D090000088D6D46CE8BAF5972BFD630A121010000A1D0AAAE5ADD55ABBC6AB5571A12000010E60E3BAAEBE1E8BA38F9787A300D090000BBCE4EFBC8F8958367EA4AC234240000202CAD6C53D22F7E7A704F1A120000109A582C76A2DD89BFE338CE3365656507D19000008050C44F0F1E616355341ABD888604000084B933EF62E3131B0F46229136342400002014B61139C075DD3176C7BE381A8D9E4643020000C2DCB13B3A3DD8C6ADB649D99D860400008422168BB5B73BF86A1BB36D5372740E361F13D480EC24E6F3490200B0EBD3E9C17D747AB0E33857E75843D2D9C6F6861A12FB9E2FE3230400204FD8A6E478BB837FDBC673F676BB1C6A4A2635D090CCEDD2A54B6B3E3D0000F2482412F98EE338C3ED8EBEC6FEBC24471A92CEA91A12DB385DC1A70600409EEADEBDFB397687BFCCC6235DBB76DD3B079A92647349E6333A0200409E8BC562FBDB9DFE68D775DFD72845C80DC90E7349983B02004001B13BFE886D00D6D8B83DCCD383EDFB789ED11100000A986D000EB731D9C6EBB631E8185243726660EEC8C57C2A000014A656B619E81DBF7A70AF901A236F2E09A32300001438C771FEC336050B6CBC1089440ECE7243D2B95BB76EACD40A00008A8A2A2B2BF7B0CDC19D363ECDF2E4521DAA31F19F000000DE626A67DBA664A96D4A7E5B5A5ABA4F86FFB90B6C6CB03132FE93B36C0000C03F151717EF679B92C76D7C188D46CFC87033E237211A21594753020000EA711CA75BFCF4E0812D3CE934B119D9D9FD0000A0909594941C16BFF6CCBC68347A5C0BFCC98B77D274F88F33A7040000D4671B92EB747AB08DCA16684676D66C30528216178BC5DA3B8E73BDCDE1713696D8D8145F0767AB2EAB105FA8EF663D8FAD050039CC75DD4EB660BFA5B5434A4B4B0F49F3E51714A537F291EEF38154797B858DA936B6357095E9C478D53EBF84AD0700394AA707DB423D54A707DB284EB3B94877C443AFDB445382A6B0F9D9C1E6EA2B693421C9625624123996AD0900B95BECCFB2F1B1E338A376727A70730FBF70F80669B379D9231A8DFE5FB0B988C56266D8B06166FAF4E966C58A1566E3C68D46366FDE6C6A6A6ACC9C3973CCC891238DCDE7C4A66413A3250090C3EC37C77D6DB1FEBD8EC7EBBA34499EB2B309AC8DD5527F0785D18C5C661B88AF838DC89831634C6D6DAD698C0D1B3678CFD7EB828D49589757000034928ED1DB82BDDAC6E0C0E9C12D7DB60C2325684C33D223D88CF4EDDBD71B0D690ABDAE7FFFFE894D0923250090CB2291C8A1766730D116ED373B76EC589ED08CB4B2D133FE331D89AF63A22B52D29C91E0619A810307D61D96692A1DCEB9E38E3B120FDF74626B03408E3BF7DC73EF2F2E2EFEA64D9B3657069A8ADF17FDF37A35BF4FA32949F53A9A1224659B91EAE0C848739B916053923052328BAD0D00B9CD6B1602CD48517C84C304A2314D49B019F1A32CF038734A504FFCB061DD9C91A61EA669E8F04D704E09876E002077A56A129235170D3525C99EFF5892E733A704C18664AADF2C68426A268C1D3B96511200D8459A918BD368329235258D6D46129B120EDFE471A3A12B5037F41CADACEA4F64D528C6FAF5EB33D290E8EC9B8453823BF0090140EE686C53B0B3A624DD6624F8EF7395E03C1538443235C5A9E545F1E5E0BDE7DD7DF7DD2693B44E49A021B9994F080072AB19696C3390AA29D9AD89CD48E2080D4D499E3624819894386212BF368DF7F88C193332DA9068F1B4C07B99C0270400BB5E33D25053F241339A91E6BE1FEC5A0D49DD8889DF98C42F94E7DDDFD29359136945D7C0FB58C9270400E16AEE8844B2A6A439CD486253C29C923C6F4882232636B6F8BFB7D4A9BE0D9D021CF8B7B7F209014078DAC61B8791CDFC3BBB251919F9207E7F738C6CE6C5D4885D38B221F8EF510E00203746489A3A12D1D008493A8BA7314252B82324F375CD1A5DAA40ABA732420200854B3BFF4D45999943D294A684392485D190D4352281E730870400684AD21A9148756A6FB2B36CD2694A38CB26FF1B92B95A8D35D888049EC359360080468F4CEC6C9D91745774F5752E621D927C6E4876181149C43A240080C68E503476D1B3749B12FFB0D1157C04854B2BB5DAE6607B36566A2D2929F996955A0160D71C29497705D6C63625FEBF473302AE650300D861A424F1F049CFA2F4D719E16ABF48B721C9F8D57EA3D1E8B75CED170076ADA62438D135D85CA4B3E859AAD7716A2F92B28DC2AB7EC3D0B76FDF163B0558A7FAF6EBD7EFEBE0E84843735A0000B923F1F04DABF80847BAA7F226BEAEB9EB9F20BF1B920E36D6F98DC3C081039BDD94A819B9E38E3B82F34636B9AEDB89AD0D00BB6E53D25CC90E0701F5388ED3C39FE0EA8F9434F5F08D5E973032C2A11A0028F0A68445CFD068B671280F36259A53A289AE3A4BA6B167D368026B70CE88C2363B03D8BA00B0EB6AEE61160ED3206D1A29B1B121D850A831D13A255A3C4DA31FFEE11C1D96D10AAC5AF4EC81071E303D7BF6FC266175582D4D5FCE560580FC694AD21DE160022B9A4C734A82A70337316631670400F24BBA875D384C83966A4CAE8A3726DBD36944342AC2D9340050D84D899683670556B428ADE86A1B933EF16BDF2CD3D57AFDABF6EA4279BA368D968367055600280C17C79B8D8B1B787C1DCD080000C8B45423251CA6010000A136253423000020D4A66424CD0800000893E68C98224EED050000216BCB260000000000000000000000000000000000000000000000000000E4A3FF07D4428780E5B13AA60000000049454E44AE426082, 1);
INSERT INTO `ACT_GE_BYTEARRAY` VALUES ('2513', 1, '请假流程.bpmn20.xml', '2512', 0x3C3F786D6C2076657273696F6E3D27312E302720656E636F64696E673D275554462D38273F3E0A3C646566696E6974696F6E7320786D6C6E733D22687474703A2F2F7777772E6F6D672E6F72672F737065632F42504D4E2F32303130303532342F4D4F44454C2220786D6C6E733A7873693D22687474703A2F2F7777772E77332E6F72672F323030312F584D4C536368656D612D696E7374616E63652220786D6C6E733A7873643D22687474703A2F2F7777772E77332E6F72672F323030312F584D4C536368656D612220786D6C6E733A61637469766974693D22687474703A2F2F61637469766974692E6F72672F62706D6E2220786D6C6E733A62706D6E64693D22687474703A2F2F7777772E6F6D672E6F72672F737065632F42504D4E2F32303130303532342F44492220786D6C6E733A6F6D6764633D22687474703A2F2F7777772E6F6D672E6F72672F737065632F44442F32303130303532342F44432220786D6C6E733A6F6D6764693D22687474703A2F2F7777772E6F6D672E6F72672F737065632F44442F32303130303532342F44492220747970654C616E67756167653D22687474703A2F2F7777772E77332E6F72672F323030312F584D4C536368656D61222065787072657373696F6E4C616E67756167653D22687474703A2F2F7777772E77332E6F72672F313939392F585061746822207461726765744E616D6573706163653D22687474703A2F2F7777772E61637469766974692E6F72672F70726F63657373646566223E0A20203C70726F636573732069643D2270726F636573732220697345786563757461626C653D2274727565223E0A202020203C73746172744576656E742069643D227374617274222F3E0A202020203C757365725461736B2069643D226170706C7922206E616D653D22E8AFB7E58187E794B3E8AFB7222061637469766974693A61737369676E65653D22247B656D706C6F7965657D222F3E0A202020203C73657175656E6365466C6F772069643D227369642D45354631434434332D344341302D344231322D383035362D3035353632413838433739332220736F757263655265663D22737461727422207461726765745265663D226170706C79222F3E0A202020203C757365725461736B2069643D22617070726F766522206E616D653D22E7BB8FE79086E5AEA1E689B9222061637469766974693A63616E64696461746547726F7570733D22E983A8E997A8E7BB8FE79086222F3E0A202020203C73657175656E6365466C6F772069643D227369642D39374232393435442D323143302D343041352D384439382D4445414644314145463646362220736F757263655265663D226170706C7922207461726765745265663D22617070726F7665222F3E0A202020203C6578636C7573697665476174657761792069643D22636F6E646974696F6E222F3E0A202020203C73657175656E6365466C6F772069643D227369642D44413638384642352D354336332D343933432D414141412D3134334236303833453035452220736F757263655265663D22617070726F766522207461726765745265663D22636F6E646974696F6E222F3E0A202020203C73657175656E6365466C6F772069643D227369642D43354234304335342D393233442D343830432D414530322D3630463236414145453834332220736F757263655265663D22636F6E646974696F6E22207461726765745265663D226170706C79223E0A2020202020203C636F6E646974696F6E45787072657373696F6E207873693A747970653D2274466F726D616C45787072657373696F6E223E3C215B43444154415B247B61677265653D3D66616C73657D5D5D3E3C2F636F6E646974696F6E45787072657373696F6E3E0A202020203C2F73657175656E6365466C6F773E0A202020203C656E644576656E742069643D2273746F70222F3E0A202020203C73657175656E6365466C6F772069643D227369642D37413637304633362D413531332D343334442D394338302D3142354437373742353932302220736F757263655265663D22636F6E646974696F6E22207461726765745265663D2273746F70223E0A2020202020203C636F6E646974696F6E45787072657373696F6E207873693A747970653D2274466F726D616C45787072657373696F6E223E3C215B43444154415B247B61677265653D3D747275657D5D5D3E3C2F636F6E646974696F6E45787072657373696F6E3E0A202020203C2F73657175656E6365466C6F773E0A20203C2F70726F636573733E0A20203C62706D6E64693A42504D4E4469616772616D2069643D2242504D4E4469616772616D5F70726F63657373223E0A202020203C62706D6E64693A42504D4E506C616E652062706D6E456C656D656E743D2270726F63657373222069643D2242504D4E506C616E655F70726F63657373223E0A2020202020203C62706D6E64693A42504D4E53686170652062706D6E456C656D656E743D227374617274222069643D2242504D4E53686170655F7374617274223E0A20202020202020203C6F6D6764633A426F756E6473206865696768743D2233302E30222077696474683D2233302E302220783D2234352E302220793D2237352E30222F3E0A2020202020203C2F62706D6E64693A42504D4E53686170653E0A2020202020203C62706D6E64693A42504D4E53686170652062706D6E456C656D656E743D226170706C79222069643D2242504D4E53686170655F6170706C79223E0A20202020202020203C6F6D6764633A426F756E6473206865696768743D2238302E30222077696474683D223130302E302220783D223135302E302220793D2234352E30222F3E0A2020202020203C2F62706D6E64693A42504D4E53686170653E0A2020202020203C62706D6E64693A42504D4E53686170652062706D6E456C656D656E743D22617070726F7665222069643D2242504D4E53686170655F617070726F7665223E0A20202020202020203C6F6D6764633A426F756E6473206865696768743D2238302E30222077696474683D223130302E302220783D223331352E302220793D2234352E30222F3E0A2020202020203C2F62706D6E64693A42504D4E53686170653E0A2020202020203C62706D6E64693A42504D4E53686170652062706D6E456C656D656E743D22636F6E646974696F6E222069643D2242504D4E53686170655F636F6E646974696F6E223E0A20202020202020203C6F6D6764633A426F756E6473206865696768743D2234302E30222077696474683D2234302E302220783D223334352E302220793D223138302E30222F3E0A2020202020203C2F62706D6E64693A42504D4E53686170653E0A2020202020203C62706D6E64693A42504D4E53686170652062706D6E456C656D656E743D2273746F70222069643D2242504D4E53686170655F73746F70223E0A20202020202020203C6F6D6764633A426F756E6473206865696768743D2232382E30222077696474683D2232382E302220783D223531302E302220793D223138362E30222F3E0A2020202020203C2F62706D6E64693A42504D4E53686170653E0A2020202020203C62706D6E64693A42504D4E456467652062706D6E456C656D656E743D227369642D44413638384642352D354336332D343933432D414141412D313433423630383345303545222069643D2242504D4E456467655F7369642D44413638384642352D354336332D343933432D414141412D313433423630383345303545223E0A20202020202020203C6F6D6764693A776179706F696E7420783D223336352E31373331363031373331363031372220793D223132352E30222F3E0A20202020202020203C6F6D6764693A776179706F696E7420783D223336352E343133303433343738323630392220793D223138302E3431333034333437383236303837222F3E0A2020202020203C2F62706D6E64693A42504D4E456467653E0A2020202020203C62706D6E64693A42504D4E456467652062706D6E456C656D656E743D227369642D45354631434434332D344341302D344231322D383035362D303535363241383843373933222069643D2242504D4E456467655F7369642D45354631434434332D344341302D344231322D383035362D303535363241383843373933223E0A20202020202020203C6F6D6764693A776179706F696E7420783D2237352E302220793D2239302E30222F3E0A20202020202020203C6F6D6764693A776179706F696E7420783D223131322E352220793D2239302E30222F3E0A20202020202020203C6F6D6764693A776179706F696E7420783D223131322E352220793D2238352E30222F3E0A20202020202020203C6F6D6764693A776179706F696E7420783D223135302E302220793D2238352E30222F3E0A2020202020203C2F62706D6E64693A42504D4E456467653E0A2020202020203C62706D6E64693A42504D4E456467652062706D6E456C656D656E743D227369642D37413637304633362D413531332D343334442D394338302D314235443737374235393230222069643D2242504D4E456467655F7369642D37413637304633362D413531332D343334442D394338302D314235443737374235393230223E0A20202020202020203C6F6D6764693A776179706F696E7420783D223338352E302220793D223230302E30222F3E0A20202020202020203C6F6D6764693A776179706F696E7420783D223531302E302220793D223230302E30222F3E0A2020202020203C2F62706D6E64693A42504D4E456467653E0A2020202020203C62706D6E64693A42504D4E456467652062706D6E456C656D656E743D227369642D43354234304335342D393233442D343830432D414530322D363046323641414545383433222069643D2242504D4E456467655F7369642D43354234304335342D393233442D343830432D414530322D363046323641414545383433223E0A20202020202020203C6F6D6764693A776179706F696E7420783D223335332E313331363732353937383634382220793D223139312E3836383332373430323133353234222F3E0A20202020202020203C6F6D6764693A776179706F696E7420783D223235302E302220793D223131392E3839343235393831383733313131222F3E0A2020202020203C2F62706D6E64693A42504D4E456467653E0A2020202020203C62706D6E64693A42504D4E456467652062706D6E456C656D656E743D227369642D39374232393435442D323143302D343041352D384439382D444541464431414546364636222069643D2242504D4E456467655F7369642D39374232393435442D323143302D343041352D384439382D444541464431414546364636223E0A20202020202020203C6F6D6764693A776179706F696E7420783D223235302E302220793D2238352E30222F3E0A20202020202020203C6F6D6764693A776179706F696E7420783D223331352E302220793D2238352E30222F3E0A2020202020203C2F62706D6E64693A42504D4E456467653E0A202020203C2F62706D6E64693A42504D4E506C616E653E0A20203C2F62706D6E64693A42504D4E4469616772616D3E0A3C2F646566696E6974696F6E733E, 0);
INSERT INTO `ACT_GE_BYTEARRAY` VALUES ('2514', 1, '请假流程.process.png', '2512', 0x89504E470D0A1A0A0000000D4948445200000224000000E60806000000E54C9EE600001A634944415478DAEDDD097854E5BDC7F1A058C515AF685DD0A2E873B9D7FD8AD65AABD4A52E57A24587C39949424C69523744101FAAB5504011B98AFBADC5D64AB1687141111108882C8262A952111505592210E4A22020457DEFFB3B9D939E0C33219364E60C33DFCFF3FC9F4C6609E399BFFFF39FF7BCE73D4545000000000000000000000000000000000000000000000000000000000000000000000000000000000000000000000000000000000000000000000000000000000000000000000000000000000000000000000000000000000000000000000000000000000000000000000000000000000000000000000000000000000000000000000000000000000000000000000000F9C818D37AE9D2A5E3E6CD9BF7CDB469D3CCD4A953892C477575B5993973E667364AC84872929C04509054F867CD9A656A6B6BCDB66DDB889062DDBA75E6B5D75EFBC2EE08AE2227C949721240C1D1B7500A7FCEEC00B6D96FA78BC94972929C04507034244EE1CD9DB0C57F3B39494E9293000A8E8E17537473AAF81B72929C24270150FC53C4979FAF364BE73F6E16550FF642B7751F059BE24F4E9293009095E2BF69438D7977F2EDE69D89FDEB85EED363146D8A3F39494E0240C68BFFCA452FEE50F8FD58B56802459BE24F4E92930090F9E2BFF8D5E1298BBF1EA36853FCC949721200325EFCDF9D3A2865F1D763146D8A3F39494E0200C59FE24F4E9293E42480FC2FFE3A832155F1D763146D8A3F39494E0240C68BFF92390FA52CFE7A8CA24DF12727C94900C878F15F5FB3D0BC3B65E08E43E3F63E3D46D1A6F89393E4240064BCF82B96BD357A87E2AFFB28D8147F72929C0480EC14FFAFBE324B5EFFDF1D87C6ED7D7A8CA24DF12727C94900C868F1D7AA971FCE7930E5F17A3DC6CA98147F72929C0480CC147FFB2D73F592E9E6EFAFDC9AB2F0FBA1E7E8B97C33A5F89393E42400B458F1DFD93750BE9952FCC949721200325EFC1BF30DB4A16FA614718A3F39494E0240B38B7F530BBF1F14718A3F39494E0240B38B3F41F1272709721200C59FE24F4E920BE424008A3F41F1272709721200C59FE24F4E920BE424008A3F41F1272709721200C59FE24F4E920BE424008A3F41F1272709721200C59FE24F4E920BE424008A3F41F1272709721205C718B3D7C2850BAB9E78E289D7EEBAEBAE2F7AF7EEBDBDBCBCDCF4E8D1C39494947C7BCD35D76CBBEDB6DB960E1F3E7C8C8D7F678B51FC29FEE424414E022DDA883CFBECB3A3870C19B2BD4F9F3EE6D1471F35F3E6CD3335353566EBD6AD46F4B3B6B6D6FCF5AF7F35B6613137DE78E3B737DD74D327959595BDD882147F8A3F3949909340B3D8C6A362E8D0A15FF5EFDFDF6B36BEFEFA6BD3586FBFFDB6193060C0D75555558B2391C8B16C4D8A3FC59F9C24C84920DD5191D62FBCF0C2F45FFCE21766C28409693522895E79E515535151B185D1128A3FC59F9C24C84920AD6664C68C196FDE70C30DE6C30F3F342DE1934F3E31B6B9D9D2AB57AFEBD8C2147F8A3F39499093C04E696444CD88E684B424FDBDCACACA4DAEEB96B095FFC56E8FA936CEA6F853FCC949829C04E234674487695A6A6424D948495959D9065BEC3AB1B5FF49672929B413701CE74C8A3FC59F9C24C84914FAA19ABD060F1EBC4D73463269E2C4895B62B1D85CB678FDE21F8849C9BE9D52FC29FEE42441438282F0FCF3CF3FA9B369FEF18F7F984CBBF6DA6BD770E82665F1AFFB761ADC0950FC29FEE42441438282181DD13A233AB5371BDE79E79D6D8C92345CFC83DF4E356C9E2BC57FCB962DE6CB2FBF4CFAD8A64D9B427F0F14FFFCCF497DFE99FE37D6AE5D9BF231ADBB94AD5C27275170B402AB26B236E7F4DE74555454ACB185ADC32E588C4389308AFF6F7EF31B3374E850EFF6430F3D64468E1C69BA75EB664E38E104EFB642F38DF4B86D32CDC1071F6C7EFDEB5F9BAE5DBB7AF1E0830F7ACFF77FFFF4D34F77F83734D979F7DD77F7E61735F73D643372354FF23D27D7AC59630E39E410F3F1C71F9B2953A6984824522FC68E1DEB3DEFF5D75F37F7DF7F7FBDF0F330189F7DF699B7C8E3B871E3EA4223C5FBEFBFBFF9CB5FFE52EF7EBF4979F9E597CD71C71DE7DD3EF6D863BDEDA02649DFED3EFAE8231A12A039B41CFC638F3D66B2C9EE48DEB645EDE65C6C4872A4019A6FBF855ED6A54B97D6610D8FBFF1C61BE6BBDFFDAEB9FBEEBBBD46A35FBF7EE6BCF3CE331D3B76F46EDF7CF3CD66D1A245DE73AFBFFE7A73DA69A799582C662EBFFC72535C5C6CAAAAAABC957B955B2AD6CB962DF39EFBD24B2F794D86E257BFFA95F7D82DB7DC52779F1E6FCA7BA0F8E77F4EDE73CF3DE6C73FFEB1777BC1820566C488115E280F5AB56A659E7AEA29EFB13FFFF9CFE6ACB3CE326DDAB4313FFDE94FCDD5575FED3520CAB3C30F3FDC3CF9E4935EDEA949D67F879E77FEF9E7A78C3DF6D8C3CC9933C7AC5FBFDEFCE10F7F301D3A74F09AE8A38E3ACA4C9E3C9986046829BA368D9683CF26FB0DE6135BE026D090345CF47D610D8F6BF461F5EAD5E6BEFBEE33C71C738C69D7AE9DD97BEFBDBDDBA79F7EBAF79CCF3FFFDCB46DDBD6DC7AEBAD5E43D2AB572F6F07A08644EF5B053BD8905456569A934E3AC97B5E595999F758341AF57ED7FD7A3CDDF740F12F8C9CECD4A993A9AEAE36D75D779DD720E83E3515C71F7FBCB9E0820BEA3D5713F48F3CF248EF76EFDEBDCDF7BFFF7D6F14E5A0830EF21A13BF21993973A639FBECB3EB5EF7C5175F78231FAB56ADAABBEF9C73CE317FFBDBDFCCA851A3BC113DBDF6D4534FDDA12199346992D65C6AF0900F3909344017CA53C1CFA6356BD6D4DA42B79286A4AEE8CF755DF78AC4A21F56F11F326488B7B3FFE10F7FE87D13BDF2CA2BBD38E59453CC61871D56F7BB463F54A4558CF51A35241AD138F1C413BDC32D2ADA7A8DC22FF06A3854B457AE5C69DE7DF75DEFB56FBEF9A6F7BBEEF71B9274DE03C53FFF735279B6DF7EFBE9629EDEE1411D6A79E49147BCA643F9A646E3E9A79FAE9BCF3466CC186F34444D871A921FFDE847A6B4B4D47BEDE0C183EB1A123D5F4DC5BEFBEE5B177A6C9F7DF6A9FB5D237DFEFB081EB25143A2BFA7BFAFD7E8B9CA61BFF926278134E9AABDFE85F2B245FF9E2D785B6948927FFB0CBBF8AB4178E08107CC9E7BEEE98D4EE818BCE619054323220B172E343FFFF9CFBD63EE7E43A28B30BEFFFEFB66EEDCB97543EA8AA54B97D635247BEDB59739F0C003BD91151572FDD4EFBADF6F48D2790F14FFFCCF498D64E8109F9A92871F7ED86B9A74E84E733DF4F833CF3CE33DF6DC73CF79734994570ADDA786E1A28B2EF27E1E7AE8A1E677BFFB5DBD86444DC6D1471FED1D8659BC78B1F798468DF5FB99679E59AFE9D5733582A243856A4874184939A8D784918B3424C8BB6F4461C8D5C97AB9F81985313CFEDE7BEF79CD806E6B47A06F85FE363AF7DC73BD89A5FE21154D34F51B12BD460D8A2607B66EDDDAFB56AA6F9BB367CFAE6B48FAF6ED5B37A95585DC9FD4AAFB83876C1AFB1E28FE8591931AD9B08D92D7AC6A52EBBDF7DEEB4D9EF643A3727ADE575F7D65C68F1F6FDAB76F6F366FDE6CFEF8C73F7A39A3432FCA4D3F873427C46F32340745CD4B708444BFEB108DDF9068B2ACE648E971DBB431870468693D7BF6FC36DB2324F67FE035B9384242F1DFB121516EA819D0D0B47FF845DF4C83CD40B021D14EC3BFFF273FF98977BFBE7D6A27E137241A66D78E45C3E82AE49A80A8DF757FB286A431EF81E29FDF39A97F4F934B0F38E00073F2C9277B87672EBDF45273C6196778236BBAADC339897348D424BCFAEAABDE211C35BC3ADCA7DB0A8DBCF90D89E62469C4442379CA491D26D4EFCA4DBF21D1FC153524CA3DFF900D0D09D0826EB8E1866DD99E4362FF47FF2017E79050FCEB3724DA01A8D0DF76DB6DE6073FF88119366C98179AB49AAA21D16B34E954673AE88C84DD76DBADEED45D858EB1EB2C1C9DE9E00F9DEBDBAD7E775DD73B63A229EF81E29FDF39A979197FFAD39FCCF2E5CBBD66C39F93A4B3B28E38E2887ACFD5E142E5A2724FCDC3C08103BD49AF6A6435F2A1DB0ACD61F21B12FF104FB2483C64139C4392D890FCF297BFF44E1326278126B8FDF6DB9764FB2C1BFB3FF1CBB978960DC5FF5F3171E244AFC8EA6C19CDD5083603FA269AAA215143A19D878EA7EBB08AFE861A0AAD21916C1D92E0219BE6BC078A7F7EE7A4462C347AA6B3AC34595A8761345764C08001DE8456DD567CF0C107DE4FCD31D27BDCB06183F753A1D13B8D9AF8BFFBA78C6B1D1D35BC5A70CFCFC9254B9678BFEBEC2EFF8C1E8DD4A9D15643B262C50AEFF04EF7EEDDCD9D77DEE9BD4623311AF51B3D7A34390934C58811231ECBF63A24F61BCBC45C5C8784E2FFAF50B1D6C263FEFC8D6BAEB9C6BBFDE28B2F7AC7D62B2A2A1A3C64A35329759C5D7F470D89FE46BA0D493AEF81E29FDF39A91A75D34D37798D897ED767DFB973E71D2271744267E368942459D82F633BFC3B6A6052E5A426CE6AAE8946E734C956EB91680D1E352C175E78A1F7BAEF7DEF7BDE280E390934812DF41DEDFF54DF6471A5D6ADD168F4E35C5CA995E29F3C7448CF1F22D7F074E268878EBBABF0AB10FBC7E5D7AD5B57F7B8E68F687D87C4BFABFBF577F5CDB3B9EF81E25F583999A9504E6AD26CB2CB13EC2CEF94E3FE5C29721268A2BE7DFB7E94AD6BD94C9E3C798C6D4666B1D529FE5CC88C9C24C849A09E9FFDEC67917EFDFA6DCFC228C9866834BA80ABFD52FC29FEE424414E02495555552DD4ECF54CD27C158D8EEC6CD12550FC29FEE424414EA240694E474545C5162D7495090B172E7CC1FE1BAB5DD7EDC4D6A6F853FCC949829C04522A2929895555556DD6D90F2D69D5AA55B3A3D1E8720ED550FC29FEE424414E028D128BC52A2A2B2B37B5D448894646D48C388E3380AD4BF1A7F89393043909349A6D1E7A9494947C317EFCF82F9B31D175C33DF7DCF3B80ED3D82867AB52FC29FEE424414E0269D39C9268343AADAAAA6ACD82050BB6A4B3CEC8942953C6DA8666BE26B0326784E24FF127270972126889C6E42A3526E5E5E5B577DD75D7A2D9B3672FAFA9A959ED5F904F17CAD3B569AAABAB5F1A3468D0A4582CB6548D884645389B86E24FF127270972126851B6D168EFBA6E1FDB688CB3B14C57EB8D5FC65B3F57EADA345A0E9E155829FE147F729220270150FC098A3F39494E0200C59FE24F4E12E424008A3F41F12727C94900A0F853FCC949829C0440F12728FEE424390900147F8A3F394990930028FE04C59F9C24270180E24FF1272709721200C59FA0F89393E4240050FC29FEE424414E02A0F813147F72929C04008A3FC59F9C24C84900147F82E24F4E92930040F1CFF7983469120D093949430280E24F84171B376E34A5A5A5A6478F1E1F398EF3BCFD39C475DD2B6C74B2D18E9C2468480050FC89ACC4A851A3D4907C6BC32489D53626D978DC36287DC84982860440DE98366D1A45377762AB2DFEDB6DB3F1448A862418E5E42491AD9CA45202C8B8993367AEAEADADA5F0E640D4D4D43C658BFF621DA2B10DC7D6069A91B95DBA74694D4E12D9CA492A25808C9B3E7DFAE53366CCF87CEDDAB55B28C0E17D0B55E1AFAEAE5E6EE32A7D2EB6291996A219D9A486859C24B29D93009071B6E05C66BF05CDD7D0AC8E1713590F6DF7C5C1C25F5E5EDED6361FEB121B12DB8CBC545959B9073999FBA1CF2B9F72120050A06CF3D12BA11999627FBE64E3AD7C1F25C907FACCD80A00805D9EE689D89DDAB27843B22E12891C1ADFD155DAA8B5711D5B89860400806CECD4AED28ECD719C1EC1FBA3D1E871F6FE793A0DB8A4A4E430B6140D09000099DEB10D4A76564D7C0465A08D35AEEB5EC996A22101002034D168F40CBBF3FB500BA6151717EFC716A12101002014A5A5A5FB388EF35BBB135CEABAEED96C111A120000C2DC09FEB78D4FB58E49219C1E4C430200408E8A442207DB9DE1781B0BECEDFF648BD0900000109AF83A263A3DB8B7FDB5155B848604008050388ED3D1EE185FB7A145D50E678BD0900000108A4824B2BBDD39DEAED3836D8312618BD090000010E60EB2B3EBBAEFDB9FA363B1D8FE6C111A12000042D1B56BD7BD1DC779584BD277EFDEFD1CB6080D090000A1B14DC925768759637F0E8F4422DF618BD0900000100AD775DBD99DE67336DEB6B78F678BD0900000101AC771AED6E9C1B629E953C4E9C134240000842512891C6D77A0B36D54C762B1F66C111A120000C26A4A747AF0AD36D6DA70D8223424000084C6719CFFB23BD3C5AEEB8EB14DCA016C111A12000042611B91367687FAA08DE536BAB04568480000084D341ABDC8EE5857398EF33F975C72C99E6C111A1200004251565676906D489EB13BD87762B1D8896C111A12000042E3BA6ECFF8E9C1FD8A383D98860400801077B21D6CCCB44DC974FBF348B6080D090000A1183468D06E8EE30C889F1E1C658BD090000010E60EF754D77517D9185B5E5EDE962D4243020040286C23B2976D48EEB33BDF1536CE678BD0900000101ADB945C6877C02B6DDCCBE9C13424000084261289FC9BDD093F6DE3EF8EE39C4C434243020040685CD72DD1E9C1B629E9AF09B03424000020149148E428BB439EA1D06D1A120000108AF8E9C1FDE38BA995D090000080D0683E89E695687E89E699D09000008050E8CC1B9D81A3337174460E0D090000088D6D46CE8BAF5972BFD630A121010000A1D0AAAE5ADD55ABBC6AB5571A12000010E60E3BAAEBE1E8BA38F9787A300D090000BBCE4EFBC8F8958367EA4AC234240000202CAD6C53D22F7E7A704F1A120000109A582C76A2DD89BFE338CE3365656507D19000008050C44F0F1E616355341ABD888604000084B933EF62E3131B0F46229136342400002014B61139C075DD3176C7BE381A8D9E4643020000C2DCB13B3A3DD8C6ADB649D99D860400008422168BB5B73BF86A1BB36D5372740E361F13D480EC24E6F3490200B0EBD3E9C17D747AB0E33857E75843D2D9C6F6861A12FB9E2FE3230400204FD8A6E478BB837FDBC673F676BB1C6A4A2635D090CCEDD2A54B6B3E3D0000F2482412F98EE338C3ED8EBEC6FEBC24471A92CEA91A12DB385DC1A70600409EEADEBDFB397687BFCCC6235DBB76DD3B079A92647349E6333A0200409E8BC562FBDB9DFE68D775DFD72845C80DC90E7349983B02004001B13BFE886D00D6D8B83DCCD383EDFB789ED11100000A986D000EB731D9C6EBB631E8185243726660EEC8C57C2A000014A656B619E81DBF7A70AF901A236F2E09A32300001438C771FEC336050B6CBC1089440ECE7243D2B95BB76EACD40A00008A8A2A2B2BF7B0CDC19D363ECDF2E4521DAA31F19F000000DE626A67DBA664A96D4A7E5B5A5ABA4F86FFB90B6C6CB03132FE93B36C0000C03F151717EF679B92C76D7C188D46CFC87033E237211A21594753020000EA711CA75BFCF4E0812D3CE934B119D9D9FD0000A0909594941C16BFF6CCBC68347A5C0BFCC98B77D274F88F33A7040000D4671B92EB747AB08DCA16684676D66C30528216178BC5DA3B8E73BDCDE1713696D8D8145F0767AB2EAB105FA8EF663D8FAD050039CC75DD4EB660BFA5B5434A4B4B0F49F3E51714A537F291EEF38154797B858DA936B6357095E9C478D53EBF84AD0700394AA707DB423D54A707DB284EB3B94877C443AFDB445382A6B0F9D9C1E6EA2B693421C9625624123996AD0900B95BECCFB2F1B1E338A376727A70730FBF70F80669B379D9231A8DFE5FB0B988C56266D8B06166FAF4E966C58A1566E3C68D46366FDE6C6A6A6ACC9C3973CCC891238DCDE7C4A66413A3250090C3EC37C77D6DB1FEBD8EC7EBBA34499EB2B309AC8DD5527F0785D18C5C661B88AF838DC89831634C6D6DAD698C0D1B3678CFD7EB828D49589757000034928ED1DB82BDDAC6E0C0E9C12D7DB60C2325684C33D223D88CF4EDDBD71B0D690ABDAE7FFFFE894D0923250090CB2291C8A1766730D116ED373B76EC589ED08CB4B2D133FE331D89AF63A22B52D29C91E0619A810307D61D96692A1DCEB9E38E3B120FDF74626B03408E3BF7DC73EF2F2E2EFEA64D9B3657069A8ADF17FDF37A35BF4FA32949F53A9A1224659B91EAE0C848739B916053923052328BAD0D00B9CD6B1602CD48517C84C304A2314D49B019F1A32CF038734A504FFCB061DD9C91A61EA669E8F04D704E09876E002077A56A129235170D3525C99EFF5892E733A704C18664AADF2C68426A268C1D3B96511200D8459A918BD368329235258D6D46129B120EDFE471A3A12B5037F41CADACEA4F64D528C6FAF5EB33D290E8EC9B8453823BF0090140EE686C53B0B3A624DD6624F8EF7395E03C1538443235C5A9E545F1E5E0BDE7DD7DF7DD2693B44E49A021B9994F080072AB19696C3390AA29D9AD89CD48E2080D4D499E3624819894386212BF368DF7F88C193332DA9068F1B4C07B99C0270400BB5E33D25053F241339A91E6BE1FEC5A0D49DD8889DF98C42F94E7DDDFD29359136945D7C0FB58C9270400E16AEE8844B2A6A439CD486253C29C923C6F4882232636B6F8BFB7D4A9BE0D9D021CF8B7B7F209014078DAC61B8791CDFC3BBB251919F9207E7F738C6CE6C5D4885D38B221F8EF510E00203746489A3A12D1D008493A8BA7314252B82324F375CD1A5DAA40ABA732420200854B3BFF4D45999943D294A684392485D190D4352281E730870400684AD21A9148756A6FB2B36CD2694A38CB26FF1B92B95A8D35D888049EC359360080468F4CEC6C9D91745774F5752E621D927C6E4876181149C43A240080C68E503476D1B3749B12FFB0D1157C04854B2BB5DAE6607B36566A2D2929F996955A0160D71C29497705D6C63625FEBF473302AE650300D861A424F1F049CFA2F4D719E16ABF48B721C9F8D57EA3D1E8B75CED170076ADA62438D135D85CA4B3E859AAD7716A2F92B28DC2AB7EC3D0B76FDF163B0558A7FAF6EBD7EFEBE0E84843735A0000B923F1F04DABF80847BAA7F226BEAEB9EB9F20BF1B920E36D6F98DC3C081039BDD94A819B9E38E3B82F34636B9AEDB89AD0D00BB6E53D25CC90E0701F5388ED3C39FE0EA8F9434F5F08D5E973032C2A11A0028F0A68445CFD068B671280F36259A53A289AE3A4BA6B167D368026B70CE88C2363B03D8BA00B0EB6AEE61160ED3206D1A29B1B121D850A831D13A255A3C4DA31FFEE11C1D96D10AAC5AF4EC81071E303D7BF6FC266175582D4D5FCE560580FC694AD21DE160022B9A4C734A82A70337316631670400F24BBA875D384C83966A4CAE8A3726DBD36944342AC2D9340050D84D899683670556B428ADE86A1B933EF16BDF2CD3D57AFDABF6EA4279BA368D968367055600280C17C79B8D8B1B787C1DCD080000C8B45423251CA6010000A136253423000020D4A66424CD0800000893E68C98224EED050000216BCB260000000000000000000000000000000000000000000000000000E4A3FF07D4428780E5B13AA60000000049454E44AE426082, 1);
INSERT INTO `ACT_GE_BYTEARRAY` VALUES ('30002', 1, '请假流程.bpmn20.xml', '30001', 0x3C3F786D6C2076657273696F6E3D27312E302720656E636F64696E673D275554462D38273F3E0A3C646566696E6974696F6E7320786D6C6E733D22687474703A2F2F7777772E6F6D672E6F72672F737065632F42504D4E2F32303130303532342F4D4F44454C2220786D6C6E733A7873693D22687474703A2F2F7777772E77332E6F72672F323030312F584D4C536368656D612D696E7374616E63652220786D6C6E733A7873643D22687474703A2F2F7777772E77332E6F72672F323030312F584D4C536368656D612220786D6C6E733A61637469766974693D22687474703A2F2F61637469766974692E6F72672F62706D6E2220786D6C6E733A62706D6E64693D22687474703A2F2F7777772E6F6D672E6F72672F737065632F42504D4E2F32303130303532342F44492220786D6C6E733A6F6D6764633D22687474703A2F2F7777772E6F6D672E6F72672F737065632F44442F32303130303532342F44432220786D6C6E733A6F6D6764693D22687474703A2F2F7777772E6F6D672E6F72672F737065632F44442F32303130303532342F44492220747970654C616E67756167653D22687474703A2F2F7777772E77332E6F72672F323030312F584D4C536368656D61222065787072657373696F6E4C616E67756167653D22687474703A2F2F7777772E77332E6F72672F313939392F585061746822207461726765744E616D6573706163653D22687474703A2F2F7777772E61637469766974692E6F72672F70726F63657373646566223E0A20203C70726F636573732069643D2270726F636573732220697345786563757461626C653D2274727565223E0A202020203C73746172744576656E742069643D227374617274222F3E0A202020203C757365725461736B2069643D226170706C7922206E616D653D22E8AFB7E58187E794B3E8AFB7222061637469766974693A61737369676E65653D22247B656D706C6F7965657D222061637469766974693A666F726D4B65793D226C656176652D73746172742E666F726D222F3E0A202020203C73657175656E6365466C6F772069643D227369642D45354631434434332D344341302D344231322D383035362D3035353632413838433739332220736F757263655265663D22737461727422207461726765745265663D226170706C79222F3E0A202020203C757365725461736B2069643D22617070726F766522206E616D653D22E7BB8FE79086E5AEA1E689B9222061637469766974693A63616E64696461746547726F7570733D22E983A8E997A8E7BB8FE79086222F3E0A202020203C73657175656E6365466C6F772069643D227369642D39374232393435442D323143302D343041352D384439382D4445414644314145463646362220736F757263655265663D226170706C7922207461726765745265663D22617070726F7665222F3E0A202020203C6578636C7573697665476174657761792069643D22636F6E646974696F6E222F3E0A202020203C73657175656E6365466C6F772069643D227369642D44413638384642352D354336332D343933432D414141412D3134334236303833453035452220736F757263655265663D22617070726F766522207461726765745265663D22636F6E646974696F6E222F3E0A202020203C73657175656E6365466C6F772069643D227369642D43354234304335342D393233442D343830432D414530322D3630463236414145453834332220736F757263655265663D22636F6E646974696F6E22207461726765745265663D226170706C79223E0A2020202020203C636F6E646974696F6E45787072657373696F6E207873693A747970653D2274466F726D616C45787072657373696F6E223E3C215B43444154415B247B61677265653D3D66616C73657D5D5D3E3C2F636F6E646974696F6E45787072657373696F6E3E0A202020203C2F73657175656E6365466C6F773E0A202020203C656E644576656E742069643D2273746F70222F3E0A202020203C73657175656E6365466C6F772069643D227369642D37413637304633362D413531332D343334442D394338302D3142354437373742353932302220736F757263655265663D22636F6E646974696F6E22207461726765745265663D2273746F70223E0A2020202020203C636F6E646974696F6E45787072657373696F6E207873693A747970653D2274466F726D616C45787072657373696F6E223E3C215B43444154415B247B61677265653D3D747275657D5D5D3E3C2F636F6E646974696F6E45787072657373696F6E3E0A202020203C2F73657175656E6365466C6F773E0A20203C2F70726F636573733E0A20203C62706D6E64693A42504D4E4469616772616D2069643D2242504D4E4469616772616D5F70726F63657373223E0A202020203C62706D6E64693A42504D4E506C616E652062706D6E456C656D656E743D2270726F63657373222069643D2242504D4E506C616E655F70726F63657373223E0A2020202020203C62706D6E64693A42504D4E53686170652062706D6E456C656D656E743D227374617274222069643D2242504D4E53686170655F7374617274223E0A20202020202020203C6F6D6764633A426F756E6473206865696768743D2233302E30222077696474683D2233302E302220783D2234352E302220793D2237302E30222F3E0A2020202020203C2F62706D6E64693A42504D4E53686170653E0A2020202020203C62706D6E64693A42504D4E53686170652062706D6E456C656D656E743D226170706C79222069643D2242504D4E53686170655F6170706C79223E0A20202020202020203C6F6D6764633A426F756E6473206865696768743D2238302E30222077696474683D223130302E302220783D223135302E302220793D2234352E30222F3E0A2020202020203C2F62706D6E64693A42504D4E53686170653E0A2020202020203C62706D6E64693A42504D4E53686170652062706D6E456C656D656E743D22617070726F7665222069643D2242504D4E53686170655F617070726F7665223E0A20202020202020203C6F6D6764633A426F756E6473206865696768743D2238302E30222077696474683D223130302E302220783D223331352E302220793D2234352E30222F3E0A2020202020203C2F62706D6E64693A42504D4E53686170653E0A2020202020203C62706D6E64693A42504D4E53686170652062706D6E456C656D656E743D22636F6E646974696F6E222069643D2242504D4E53686170655F636F6E646974696F6E223E0A20202020202020203C6F6D6764633A426F756E6473206865696768743D2234302E30222077696474683D2234302E302220783D223334352E302220793D223138302E30222F3E0A2020202020203C2F62706D6E64693A42504D4E53686170653E0A2020202020203C62706D6E64693A42504D4E53686170652062706D6E456C656D656E743D2273746F70222069643D2242504D4E53686170655F73746F70223E0A20202020202020203C6F6D6764633A426F756E6473206865696768743D2232382E30222077696474683D2232382E302220783D223531302E302220793D223138362E30222F3E0A2020202020203C2F62706D6E64693A42504D4E53686170653E0A2020202020203C62706D6E64693A42504D4E456467652062706D6E456C656D656E743D227369642D44413638384642352D354336332D343933432D414141412D313433423630383345303545222069643D2242504D4E456467655F7369642D44413638384642352D354336332D343933432D414141412D313433423630383345303545223E0A20202020202020203C6F6D6764693A776179706F696E7420783D223336352E31373331363031373331363031372220793D223132352E30222F3E0A20202020202020203C6F6D6764693A776179706F696E7420783D223336352E343133303433343738323630392220793D223138302E3431333034333437383236303837222F3E0A2020202020203C2F62706D6E64693A42504D4E456467653E0A2020202020203C62706D6E64693A42504D4E456467652062706D6E456C656D656E743D227369642D45354631434434332D344341302D344231322D383035362D303535363241383843373933222069643D2242504D4E456467655F7369642D45354631434434332D344341302D344231322D383035362D303535363241383843373933223E0A20202020202020203C6F6D6764693A776179706F696E7420783D2237352E302220793D2238352E30222F3E0A20202020202020203C6F6D6764693A776179706F696E7420783D223135302E302220793D2238352E30222F3E0A2020202020203C2F62706D6E64693A42504D4E456467653E0A2020202020203C62706D6E64693A42504D4E456467652062706D6E456C656D656E743D227369642D37413637304633362D413531332D343334442D394338302D314235443737374235393230222069643D2242504D4E456467655F7369642D37413637304633362D413531332D343334442D394338302D314235443737374235393230223E0A20202020202020203C6F6D6764693A776179706F696E7420783D223338352E302220793D223230302E30222F3E0A20202020202020203C6F6D6764693A776179706F696E7420783D223531302E302220793D223230302E30222F3E0A2020202020203C2F62706D6E64693A42504D4E456467653E0A2020202020203C62706D6E64693A42504D4E456467652062706D6E456C656D656E743D227369642D43354234304335342D393233442D343830432D414530322D363046323641414545383433222069643D2242504D4E456467655F7369642D43354234304335342D393233442D343830432D414530322D363046323641414545383433223E0A20202020202020203C6F6D6764693A776179706F696E7420783D223335332E313331363732353937383634382220793D223139312E3836383332373430323133353234222F3E0A20202020202020203C6F6D6764693A776179706F696E7420783D223235302E302220793D223131392E3839343235393831383733313131222F3E0A2020202020203C2F62706D6E64693A42504D4E456467653E0A2020202020203C62706D6E64693A42504D4E456467652062706D6E456C656D656E743D227369642D39374232393435442D323143302D343041352D384439382D444541464431414546364636222069643D2242504D4E456467655F7369642D39374232393435442D323143302D343041352D384439382D444541464431414546364636223E0A20202020202020203C6F6D6764693A776179706F696E7420783D223235302E302220793D2238352E30222F3E0A20202020202020203C6F6D6764693A776179706F696E7420783D223331352E302220793D2238352E30222F3E0A2020202020203C2F62706D6E64693A42504D4E456467653E0A202020203C2F62706D6E64693A42504D4E506C616E653E0A20203C2F62706D6E64693A42504D4E4469616772616D3E0A3C2F646566696E6974696F6E733E, 0);
INSERT INTO `ACT_GE_BYTEARRAY` VALUES ('30003', 1, '请假流程.process.png', '30001', 0x89504E470D0A1A0A0000000D4948445200000224000000E60806000000E54C9EE600001A5E4944415478DAEDDD0B7454D5BDC7F1A058C527BD3EAA162D165D977BADB55EA9B5D62AF551B557A2A2C3C9994942A434A915298274512D0D028ACA557CDFB65815C4A2D52A8A884240E45D69A950292A0AF28840908B8A801475DFFD3B9D93753299099924336732F3FDACF55F496626219EFCFD9FFFECBDCF3E4545000000000000000000000000000000000000000000000000000000000000000000000000000000000000000000000000000000000000000000000000000000000000000000000000000000000000000000000000000000000000000000000000000000000000000000000000000000000000000000000000000000000000000000000000000000000000000000000000F9C818D371F5EAD54F2D5EBCF8F359B3669999336712598E9A9A1A3377EEDC0F6C949291E4243909A020A9F0CF9B37CFD4D5D599DDBB771321C5962D5BCCABAFBEFA913D115C454E9293E4248082A377A114FE9C3901ECB6EF4E579293E4243909A0E068489CC29B3B618BFF1E72929C242701141CCD17537473AAF81B72929C24270150FC53C4271F6E34AB973C6256D48CF4429FEB310A36C59F9C242701202BC57FFBB65AF3C6CBC3CDB269431B841ED373146D8A3F39494E0240C68BFFFA15CF372AFC7E6C583195A24DF12727C94900C87CF15FF9CAED298BBF9EA36853FCC949721200325EFCDF98392265F1D773146D8A3F39494E0200C59FE24F4E9293E42480FC2FFEBA822155F1D773146D8A3F39494E0240C68BFFAA05F7A72CFE7A8EA24DF12727C94900C878F1DF5ABBDCBC31A3BAF1D0B87D4CCF51B429FEE424390900192FFE8A357F99D8A8F8EB310A36C59F9C242701203BC5FFD34FCDAA85FFDB7868DC3EA6E728DA147F72929C04808C167FED7AF9F682FB52CED7EB3976C6A4F89393E4240064A6F8DB77991B57CD367F7FE9C69485DF0FBD46AFE59D29C59F9C242701A0CD8AFFDEDE81F2CE94E24F4E92930090F1E2DF9C77A04DBD33A58853FCC9497212005A5DFC5B5AF8FDA08853FCC9497212005A5DFC098A3F394990930028FE147F72925C20270150FC098A3F394990930028FE147F72925C2027816C33C61CB07CF9F2AA091326BC7ADB6DB77D3470E0C03D151515A6A4A4C49496967E71CD35D7ECBEE9A69B56DF7EFBED936CFC3B478CE24FF1272709721268D346E44F7FFAD3C451A346ED19346890F9ED6F7F6B162F5E6C6A6B6BCDAE5DBB8CE8635D5D9DF9EB5FFF6A6CC3627EFEF39F7F71FDF5D7BF575959D99F2348F1A7F89393043909B48A6D3CFA8D1E3DFAD3A143877ACDC6679F7D669AEBF5D75F37C3860DFBACAAAA6A6524123991A349F1A7F89393043909A43B2AD2F1B9E79E9BFDD39FFED44C9D3A35AD4624D14B2FBD64FAF5EBB793D1128A3FC59F9C24C84920AD6664CE9C39AF5D77DD75E6EDB7DF366DE1BDF7DE33B6B9D9D9BF7FFF6B39C2147F8A3F39499093C05E696444CD88D684B425FDBCCACACAEDAEEB96729429FE147F729220278194B46644D3346D3532926CA4A4BCBC7C9B6D4ABA73B429FE147F7292202781645335078C1C3972B7D68C64D2B469D376C662B1451C718A3FC59F9C24C849A091679F7DF6715D4DF3CF7FFED364DACF7EF6B34D4CDD50FC29FEE424414E028D4647B4CF882EEDCD8665CB96ED669484E24FF1272709721268403BB06A216B6B2EEF4D57BF7EFD36959494742DF463EFBAEE4C1B6753FC29FEE424414EA2E0693BF8871E7AC864D3B871E35EB70DC90D857EECB5F5BE422701C771CEA4F853FCC949829C44C1D2BD69B41D7C362D5CB8F03D5BF4A6D290FCABF807627AB277A7147F8A3F3949D09020EFE946791B376ECC6A43B269D3A63A5BE8D6D390342AFEF5EF4E8327018A3FC59F9C24684890F774D75EFF4679D9A27FCF16B95D3424C98B7FF0DDA986CD73A5F8EFDCB9D37CF2C927499FDBBE7D7BE8BF03C53FFF73527FFF4CFF1B9B376F4EF99C6A57B6729D9C44419E14C3D08CC247C4238CE27FF3CD379BD1A3477B9FDF7FFFFD5AF7637AF7EE6DBEF18D6F789F2BB4899E9E5FB66C9939F2C823CDAF7FFD6BD3AB572F2FEEBBEF3EEFF5FED7EFBFFF7EA37F433BF8EEBBEFBEDEA679ADFD1DB219E4643839B969D32673D451479977DF7DD7CC9831C3442291063179F264EF750B172E34F7DC734F83F0F330181F7CF08177E7F2A79E7AAA3EB4FDC1A1871E6AFEF8C73F3678DC6F525E7CF14573D24927799F9F78E289DE715093644BA979E79D77684880D6E8DBB7EF17D91E21B1FF036F6284A4C977A34BECBBD04B7BF6ECD931ACE1F13FFFF9CFE62B5FF98AB9E38E3BBC4663C89021E6BCF3CE33DDBA75F33EBFE1861BCC8A152BBCD70E1830C09C7EFAE926168B99CB2EBBCC1417179BAAAA2A3361C204A305D32AD66BD6ACF15EFBC20B2F784D86E257BFFA95F7DC2F7EF18BFAC7F47C4B7E078A7FFEE7E49D77DE697EF0831F789F2F5DBAD48C1D3BD60BE541870E1DCC134F3CE13DF7873FFCC19C75D659A653A74EE68A2BAE30575F7DB5D78028CF8E3DF658F3F8E38F7B79A72659FF1D7ADDF9E79F9F32F6DB6F3FB360C102B375EB56F3F0C30F9BAE5DBB7A4DF4F1C71F6F5E7EF9651A12A0AD5C77DD75BBB3BD86C41682B7584392B4F83728FA61CFD76BF441B971F7DD779BAF7FFDEBE688238E30071E78A0F7F9B7BFFD6DEF351F7EF8A1E9DCB9B3B9F1C61BBD86A47FFFFEDE09400D897E6F15EC604352595969BEF9CD6F7AAF2B2F2FF79E8B46A3DED77A5CCFA7FB3B50FC0B2327BB77EF6E6A6A6ACCB5D75EEB35087A4C4DC5C9279F6C2EB8E08206AFD5AED3C71D779CF7F9C08103CD77BEF31D6F14E5F0C30FF71A13BF21993B77AE39FBECB3EBBFEFA38F3EF2463E366CD850FFD839E79C63FEF6B7BF99F1E3C77B237AFADED34E3BAD5143327DFA74DD48B4C9291F721268C2F0E1C35765FB2A1BFB3FF18B5C65D3A0F82F725DF7F2C4A21F56F11F356A9477B2FFDEF7BEE7BD13BDF2CA2BBDF8D6B7BE658E39E698FAAF35FAA122AD62ACEF5143A2118D534E39C59B6E51D1D6F728FC02AF8643457BFDFAF5E68D37DEF0BEF7B5D75EF3BED6E37E4392CEEF40F1CFFF9C549E1D72C821A6B4B4D49B1ED454CB830F3EE8351DCA37351A4F3EF964FD7AA649932679A3216A3AD4907CFFFBDF37656565DEF78E1C39B2BE21D1EBD5541C7CF0C1F5A1E70E3AE8A0FAAF35D2E7FF1EC1291B3524FA79FAF9FA1EBD5639EC37DFE42490A6B163C73E94ED7D48AAABABA7B10F8957FC93BEFB0CBBF8AB41B8F7DE7BCDFEFBEFEF8D4E680E5E9BE705432322CB972F373FF9C94FBC3977BF211934689079F3CD37CDA2458BEA87D415AB57AFAE6F480E38E000F3E52F7FD91B595121D7477DADC7FD86249DDF81E29FFF39A9910C4DF1A92979E08107BCA64953775AEBA1E79F7EFA69EFB9679E79C65B4BA2BC52E831350C175D7491F7F1E8A38F36BFFBDDEF1A34246A324E38E1046F1A66E5CA95DE737A93A6AFCF3CF3CC064DAF5EAB11144D15AA21D134927250DF13462ED29020AFD8FFC9BB0D1830E0F32CEED4BA2B1A8DBECB4EADCD17C6F0F83FFEF10FAF19D0E73A11E85DA1FFEEF9DC73CFF51696FA532A5A68EA3724FA1E35285A1CD8B16347EF5DA9DE6DCE9F3FBFBE21193C7870FDA25615727F51AB1E0F4ED934F777A0F817464E6A64C3364A5EB3AA45AD77DD7597B778DA0F8DCAE9759F7EFAA99932658AE9D2A58BD9B1638779F4D147BD9CD1D48B72D3CF21AD09F19B0CAD4151F3121C21D1D79AA2F11B122D96D51A293D6F9B36D6900099604F04EF64EB5E36F67FE049B618CCE3A8B78F86440B9ED50C6868DA9F7ED13BD36033106C4874D2F01FFFE10F7FE83DAE779F3A49F80D8986D97562D130BA0AB91620EA6B3D9EAC2169CEEF40F1CFEF9CD4BFA7C5A5871D769839F5D453BDE9991FFDE847E68C33CEF046D6F4B9A67312D790A84978E59557BC291C35BC9AEED3E70A8DBCF90D89D62469C4442379CA494D13EA6BE5A6DF9068FD8A1A12E59E3F65434302B4B11FFFF8C791214386ECC9C228C9B66834BA94BBFDB68F8644270015FA9B6EBAC97CF7BBDF3563C68CF1428B56533524FA1E2D3AD5950EBA22619F7DF6A9BF7457A139765D85A32B1DFCA173BDBBD5D7362FBC2B265AF23B50FCF33B27B52EE3B1C71E336BD7AEF59A0D7F4D92AECAFAEA57BFDAE0B59A2E542E2AF7D43C5457577B8B5ED5C86AE4439F2BB486C96F48FC299E64913865135C4392D890FCF297BFF42E1326278156A8AAAA5AAEFFD13349EB55343AB2B7F96984DF904C9B36CD2BB2BA5A466B3582CD80DE89A66A48D450E8E4A1F9744DABE867A8A1D01E12C9F621094ED9B4E677A0F8E7774E6AC442A367BACA4A8BA5350DA3B522C3860DF316B4EA73C55B6FBDE57DD41A23FD8EDBB66DF33E2A347AA75113FF6BFF9271EDA3A386571BEEF939B96AD52AEF6B5DDDE55FD1A3913A35DA6A48D6AD5BE74DEFF4E9D3C7DC7AEBADDEF7682446A37E13274E242781D6D09A8E7EFDFAEDD49A804CB027A8E7ECBFB1D1BE0BEECED1CEFD8644C55A1B8FF9EB37AEB9E61AEFF3E79F7FDE9B5BB7B9D2E4948D2EA5D43CBB7E8E1A12FD8C741B92747E078A7F7EE7A44629AEBFFE7AAF31D1D7FADBF7E8D1A351248E4EE86A1C8D92248BE1C38737FA77D4C0A4CA492D9CD55A138DCE6991ADF623D11E3C6A582EBCF042EFFBBEF6B5AF79A338E424D04AF65D67CCBE1BDDA113455BDAB061C3FC6834BA96A99AF6D390044373EDFE10B986A713473B34EFAEC2AF42ECCFCB6FD9B2A5FE79AD1FD1FE0E893F578FEBE7EA9D676B7F078A7F61E564A64239A945B3C96E4FB0B7BC538EFB6BA5C849A00DD877B9FD2A2B2BB7B7D548894646D48CD877CBC338BA147F6E64464E12E424D06CB67928292D2DFD68CA94299FB462A1EBB63BEFBCF3114DD3D8A8E0A852FC29FEE424414E0269D39A9268343AABAAAA6AD3D2A54B77A6B3CFC88C193326DB86668916B0B26684E24FF12727097212688BC6E42A352615151575B7DD76DB8AF9F3E7AFADADADDDE8DF904F37CAD3BD696A6A6A5E183162C4F4582CB65A8D884645B89A86E24FF127270972126853B6D1E8E2BAEE20DB683C65638DEED61BDFF1501FD7EBDE34DA0E9E1D5829FE147F729220270150FC098A3F39494E0200C59FE24F4E12E424008A3F41F12727C94900A0F853FCC949829C0440F12728FEE424390900147F8A3F394990930028FE04C59F9C24270180E24FF1272709721200C59FA0F89393E4240050FC29FEE424414E02A0F813147F72929C04008A3FC59F9C24C84900147F82E24F4E92930040F1A7F8939304390980E24F50FCC94972120028FE147F729220270150FC098A3F39494E0200C59FE24F4E12E424008A3F91E1983E7D3A0D093949430280E24F84171F7FFCB1292B2B33252525EF388EF3ACFD38CA75DDCB6D74B771043949D09000A0F8135989F1E3C7AB21F9C28649121B6D4CB7F1886D50069193040D0980BC316BD62C8A6EEEC42E5BFCF7D86663428A86241815E42491AD9CA45202C8B8B973E76EACABABA3F0E640D4D6D63E618BFF4A4DD1D886635713CDC8A29E3D7B762427896CE524951240C6CD9E3DFBB23973E67CB879F3E69D14E0F0DE85AAF0D7D4D4ACB57195FE2EB6291993A219D9AE86859C24B29D93009071B6E05C6ADF052DD1D0ACE68B89AC878EFBCA60E1AFA8A8E86C9B8F2D890D896D465EA8ACACDC8F9CCCFDD0DF2B9F72120050A06CF3D13FA11999613FBE60E32FF93E4A920FF437E3280000DA3DAD13B127B535F186644B2412393A7EA2ABB45167E35A8E120D090000D938A95DA5139BE33825C1C7A3D1E849F6F1C5BA0CB8B4B4F4188E140D090000993EB18D4876554D7C04A5DAC626D775AFE448D1900000109A68347A863DF9BDAD0DD38A8B8B0FE188D0900000108AB2B2B2831CC7F98D3D09AE765DF76C8E080D090000619E04FFDBC6FBDAC7A4102E0FA6210100204745229123EDC9708A8DA5F6F3FFE488D0900000109AF83E26BA3C78A0FDB20347848604008050388ED3CD9E1817DAD0A66AC772446848000008452412D9D79E1C87EBF260DBA044382234240000847982ECE1BAEE9BF6E3C4582C762847848604008050F4EAD5EB40C7711ED096F47DFAF43987234243020040686C5372893D61D6DA8FB74722912F7144684800000885EBBA47D893E633365EB79F9FCC11A121010020348EE35CADCB836D5332A888CB8369480000084B241239C19E40E7DBA889C5625D38223424000084D594E8F2E01B6D6CB6E1704468480000088DE338FF654FA62B5DD79D649B94C338223424000084C236229DEC09F53E1B6B6DF4E488D0900000109A68347A913DB16E701CE77F2EB9E492FD39223424000084A2BCBCFC70DB903C6D4FB0CB62B1D8291C111A12000042E3BA6EDFF8E5C1438AB83C9886040080104FB25D6DCCB54DC96CFBF1388E080D090000A1183162C43E8EE30C8B5F1E1CE588D090000010E609F734D77557D8985C5151D199234243020040286C2372806D48EEB627DF7536CEE788D0900000101ADB945C684FC0EB6DDCC5E5C13424000084261289FC9B3D093F69E3EF8EE39C4A434243020040685CD72DD5E5C1B62919AA05B03424000020149148E4787B429EA3D0E7342400002014F1CB8387C637532BA521010000A1D17A12AD2BD1FA12AD33A121010000A1D09537BA024757E2E88A1C1A120000101ADB8C9C17DFB3E41EED61424302000042A15D5DB5BBAB7679D56EAF3424000020CC137654F7C3D17D71F2F1F2601A120000DACF49FBB8F89D83E7EA4EC234240000202C1D6C5332247E79705F1A120000109A582C768A3D892F731CE7E9F2F2F2C3694800004028E297078FB5B1211A8D5E4443020000C23C99F7B4F19E8DFB229148271A120000100ADB881CE6BAEE247B625F198D464FA721010000619ED81D5D1E6CE346DBA4EC4B4302000042118BC5BAD8137C8D8DF9B6293921079B8FA96A40F6124BF84B0200D0FEE9F2E041BA3CD8719CAB73AC21E961634F530D89FD9D2FE54F0800409EB04DC9C9F604FFBA8D67ECE747E4505332BD89866451CF9E3D3BF2D70300208F4422912F398E73BB3DD1D7DA8F97E44843D2235543621BA7CBF9AB010090A7FAF4E9738E3DE1AFB1F160AF5EBD0ECC81A624D95A92258C8E000090E762B1D8A1F6A43FD175DD37354A117243D2682D096B4700002820F6C41FB10DC0261BC3C3BC3CD8FE1ECF323A02004001B30DC0B1365EB6B1D03606DD426A48CE0CAC1DB998BF0A000085A9836D0606C6EF1EDC3FA4C6C85B4BC2E808000005CE719CFFB04DC1521BCF45229123B3DC90F4E8DDBB373BB5020080A2A2CACACAFD6C7370AB8DF7B3BCB854533526FE110000C0DB4CED6CDB94ACB64DC96FCACACA0ECAF03F77818D6D36C6C53F72950D0000F897E2E2E2436C53F2888DB7A3D1E819196E46FC264423245B684A000040038EE3F48E5F1E5CDDC68B4E139B91BD3D0E00000A596969E931F17BCF2C8E46A327B5C18FBC782F4D87FF3C6B4A00004043B621B9569707DBA86C8366646FCD0623256873B158AC8BE338036C0E3F6563958DEDF17D7076E9B60AF18DFA6ED0EB385A0090C35CD7ED6E0BF65FB477485959D951697EFB0545E98D7CA4FB7A2055DE5E6E63A68DDD4DDC653A315EB1AF2FE5E801408ED2E5C1B6508FD6E5C1368AD36C2ED21DF1D0F76DA729414BD8FCEC6A73F5A5349A9064312F12899CC8D10480DC2DF667D978D7719CF17BB93CB8B5D32F4CDF206D362F4BA2D1E8FF059B8B582C66C68C196366CF9E6DD6AD5B673EFEF863233B76EC30B5B5B566C1820566DCB871C6E6736253B29DD11200C861F69DE3C1B658FF5EF3F1BA2F4D9297EC6D016B73B5D5CF4161342397DA06E2B360233269D224535757679A63DBB66DDEEBF57DC1C624ACDB2B00009A4973F4B6606FB431327079705B5F2DC348099AD38C94049B91C183077BA3212DA1EF1B3A74686253C2480900E4B2482472B43D194CB345FBB56EDDBA552434231D6CF48D7F4C47E2F7B1D0152969CD48709AA6BABABA7E5AA6A5349D73CB2DB7244EDF74E76803408E3BF7DC73EF292E2EFEBC53A74E57069A8ADF17FDEB7E35BF4FA32949F57D342548CA362335C19191D63623C1A62461A4641E471B00729BD72C049A91A2F808870944739A926033E24779E079D694A081F8B461FD9A91964ED334357D135C53C2D40D00E4AE544D42B2E6A2A9A624D9EB1F4AF27AD69420D890CCF49B052D48CD84C99327334A0200EDA419B9388D26235953D2DC6624B12961FA268F1B0DDD81BAA9D76867557F21AB4631B66EDD9A91864457DF245C12DC95BF1000E48EE636057B6B4AD26D4682FF3E7709CE5381299299292E2D2F8A6F07EFBDEE8E3BEE3099A47D4A020DC90DFC850020B79A91E63603A99A927D5AD88C248ED0D094E469431288E9892326F17BD378CFCF993327A30D89364F0BFC2E53F90B0140FB6B469A6A4ADE6A4533D2DADF07EDAB21A91F31F11B93F88DF2BCC7DB7A316B22EDE81AF83DD6F317028070B57644225953D29A6624B129614D499E3724C111131B3BFDAFDBEA52DFA62E010EFCDBBBF80B0140783AC71B8771ADFC39FB241919792BFE786B8C6BE5CDD488761CD910FCF7280700901B23242D1D89686A84249DCDD3182129DC119225BA678D6E55A0DD5319210180C2A593FFF6A2CCAC21694953C21A92C26848EA1B91C06B584302003425698D48A4BAB437D95536E934255C6593FF0DC922EDC61A6C4402AFE12A1B0040B34726F6B6CF48BA3BBAFA7A14B10F493E37248D464412B10F0900A0B92314CDDDF42CDDA6C49F36BA9C3F41E1D24EADB639D8938D9D5A4B4B4BBF60A75600689F2325E9EEC0DADCA6C4FFF76846C0BD6C00008D464A12A74FFA16A5BFCF0877FB45BA0D49C6EFF61B8D46BFE06EBF00D0BE9A92E042D7607391CEA667A9BE8F4B7B91946D145EF11B86C18307B7D925C0BAD477C890219F0547479A5AD30200C81D89D3371DE2231CE95ECA9BF87DADDDFF04F9DD9074B5B1C56F1CAAABAB5BDD94A819B9E5965B82EB46B6BBAEDB9DA30D00EDB72969AD64D34140038EE394F80B5CFD9192964EDFE8FB12464698AA0180026F4AD8F40CCD661B878A6053A235255AE8AAAB649A7B358D16B006D78C286CB3338CA30B00ED576BA75998A641DA345262635BB0A15063A27D4AB4799A463FFCE91C4DCB6807566D7A76EFBDF79ABE7DFB7E9EB03BACB6A6AFE0A80240FE3425E98E70B080152DA63525C1CB815B18F358330200F925DD6917A669D0568DC955F1C6644F3A8D884645B89A06000ABB29D176F0ECC08A36A51D5D6D6332287EEF9B35BA5BAF7FD75EDD284FF7A6D176F0ECC00A0085E1E278B3717113CF6FA11901000099966AA484691A0000106A534233020000426D4AC6D18C0000803069CD8829E2D25E000010B2CE1C0200000000000000000000000000000000000000000000000000403EFA7FA8DE7D5D6D1DAABB0000000049454E44AE426082, 1);
INSERT INTO `ACT_GE_BYTEARRAY` VALUES ('37514', 1, '请假流程.bpmn20.xml', '37513', 0x3C3F786D6C2076657273696F6E3D27312E302720656E636F64696E673D275554462D38273F3E0A3C646566696E6974696F6E7320786D6C6E733D22687474703A2F2F7777772E6F6D672E6F72672F737065632F42504D4E2F32303130303532342F4D4F44454C2220786D6C6E733A7873693D22687474703A2F2F7777772E77332E6F72672F323030312F584D4C536368656D612D696E7374616E63652220786D6C6E733A7873643D22687474703A2F2F7777772E77332E6F72672F323030312F584D4C536368656D612220786D6C6E733A61637469766974693D22687474703A2F2F61637469766974692E6F72672F62706D6E2220786D6C6E733A62706D6E64693D22687474703A2F2F7777772E6F6D672E6F72672F737065632F42504D4E2F32303130303532342F44492220786D6C6E733A6F6D6764633D22687474703A2F2F7777772E6F6D672E6F72672F737065632F44442F32303130303532342F44432220786D6C6E733A6F6D6764693D22687474703A2F2F7777772E6F6D672E6F72672F737065632F44442F32303130303532342F44492220747970654C616E67756167653D22687474703A2F2F7777772E77332E6F72672F323030312F584D4C536368656D61222065787072657373696F6E4C616E67756167653D22687474703A2F2F7777772E77332E6F72672F313939392F585061746822207461726765744E616D6573706163653D22687474703A2F2F7777772E61637469766974692E6F72672F70726F63657373646566223E0A20203C70726F636573732069643D2270726F636573732220697345786563757461626C653D2274727565223E0A202020203C73746172744576656E742069643D227374617274222F3E0A202020203C757365725461736B2069643D226170706C7922206E616D653D22E8AFB7E58187E794B3E8AFB7222061637469766974693A61737369676E65653D22247B656D706C6F7965657D222061637469766974693A666F726D4B65793D226C656176652D73746172742E666F726D222F3E0A202020203C73657175656E6365466C6F772069643D227369642D45354631434434332D344341302D344231322D383035362D3035353632413838433739332220736F757263655265663D22737461727422207461726765745265663D226170706C79222F3E0A202020203C757365725461736B2069643D22617070726F766522206E616D653D22E7BB8FE79086E5AEA1E689B9222061637469766974693A63616E64696461746547726F7570733D22E983A8E997A8E7BB8FE79086222F3E0A202020203C73657175656E6365466C6F772069643D227369642D39374232393435442D323143302D343041352D384439382D4445414644314145463646362220736F757263655265663D226170706C7922207461726765745265663D22617070726F7665222F3E0A202020203C6578636C7573697665476174657761792069643D22636F6E646974696F6E222F3E0A202020203C73657175656E6365466C6F772069643D227369642D44413638384642352D354336332D343933432D414141412D3134334236303833453035452220736F757263655265663D22617070726F766522207461726765745265663D22636F6E646974696F6E222F3E0A202020203C73657175656E6365466C6F772069643D227369642D43354234304335342D393233442D343830432D414530322D3630463236414145453834332220736F757263655265663D22636F6E646974696F6E22207461726765745265663D226170706C79223E0A2020202020203C636F6E646974696F6E45787072657373696F6E207873693A747970653D2274466F726D616C45787072657373696F6E223E3C215B43444154415B247B61677265653D3D66616C73657D5D5D3E3C2F636F6E646974696F6E45787072657373696F6E3E0A202020203C2F73657175656E6365466C6F773E0A202020203C656E644576656E742069643D2273746F70222F3E0A202020203C73657175656E6365466C6F772069643D227369642D37413637304633362D413531332D343334442D394338302D3142354437373742353932302220736F757263655265663D22636F6E646974696F6E22207461726765745265663D2273746F70223E0A2020202020203C636F6E646974696F6E45787072657373696F6E207873693A747970653D2274466F726D616C45787072657373696F6E223E3C215B43444154415B247B61677265653D3D747275657D5D5D3E3C2F636F6E646974696F6E45787072657373696F6E3E0A202020203C2F73657175656E6365466C6F773E0A20203C2F70726F636573733E0A20203C62706D6E64693A42504D4E4469616772616D2069643D2242504D4E4469616772616D5F70726F63657373223E0A202020203C62706D6E64693A42504D4E506C616E652062706D6E456C656D656E743D2270726F63657373222069643D2242504D4E506C616E655F70726F63657373223E0A2020202020203C62706D6E64693A42504D4E53686170652062706D6E456C656D656E743D227374617274222069643D2242504D4E53686170655F7374617274223E0A20202020202020203C6F6D6764633A426F756E6473206865696768743D2233302E30222077696474683D2233302E302220783D2234352E302220793D2237302E30222F3E0A2020202020203C2F62706D6E64693A42504D4E53686170653E0A2020202020203C62706D6E64693A42504D4E53686170652062706D6E456C656D656E743D226170706C79222069643D2242504D4E53686170655F6170706C79223E0A20202020202020203C6F6D6764633A426F756E6473206865696768743D2238302E30222077696474683D223130302E302220783D223135302E302220793D2234352E30222F3E0A2020202020203C2F62706D6E64693A42504D4E53686170653E0A2020202020203C62706D6E64693A42504D4E53686170652062706D6E456C656D656E743D22617070726F7665222069643D2242504D4E53686170655F617070726F7665223E0A20202020202020203C6F6D6764633A426F756E6473206865696768743D2238302E30222077696474683D223130302E302220783D223331352E302220793D2234352E30222F3E0A2020202020203C2F62706D6E64693A42504D4E53686170653E0A2020202020203C62706D6E64693A42504D4E53686170652062706D6E456C656D656E743D22636F6E646974696F6E222069643D2242504D4E53686170655F636F6E646974696F6E223E0A20202020202020203C6F6D6764633A426F756E6473206865696768743D2234302E30222077696474683D2234302E302220783D223334352E302220793D223138302E30222F3E0A2020202020203C2F62706D6E64693A42504D4E53686170653E0A2020202020203C62706D6E64693A42504D4E53686170652062706D6E456C656D656E743D2273746F70222069643D2242504D4E53686170655F73746F70223E0A20202020202020203C6F6D6764633A426F756E6473206865696768743D2232382E30222077696474683D2232382E302220783D223531302E302220793D223138362E30222F3E0A2020202020203C2F62706D6E64693A42504D4E53686170653E0A2020202020203C62706D6E64693A42504D4E456467652062706D6E456C656D656E743D227369642D44413638384642352D354336332D343933432D414141412D313433423630383345303545222069643D2242504D4E456467655F7369642D44413638384642352D354336332D343933432D414141412D313433423630383345303545223E0A20202020202020203C6F6D6764693A776179706F696E7420783D223336352E31373331363031373331363031372220793D223132352E30222F3E0A20202020202020203C6F6D6764693A776179706F696E7420783D223336352E343133303433343738323630392220793D223138302E3431333034333437383236303837222F3E0A2020202020203C2F62706D6E64693A42504D4E456467653E0A2020202020203C62706D6E64693A42504D4E456467652062706D6E456C656D656E743D227369642D45354631434434332D344341302D344231322D383035362D303535363241383843373933222069643D2242504D4E456467655F7369642D45354631434434332D344341302D344231322D383035362D303535363241383843373933223E0A20202020202020203C6F6D6764693A776179706F696E7420783D2237352E302220793D2238352E30222F3E0A20202020202020203C6F6D6764693A776179706F696E7420783D223135302E302220793D2238352E30222F3E0A2020202020203C2F62706D6E64693A42504D4E456467653E0A2020202020203C62706D6E64693A42504D4E456467652062706D6E456C656D656E743D227369642D37413637304633362D413531332D343334442D394338302D314235443737374235393230222069643D2242504D4E456467655F7369642D37413637304633362D413531332D343334442D394338302D314235443737374235393230223E0A20202020202020203C6F6D6764693A776179706F696E7420783D223338352E302220793D223230302E30222F3E0A20202020202020203C6F6D6764693A776179706F696E7420783D223531302E302220793D223230302E30222F3E0A2020202020203C2F62706D6E64693A42504D4E456467653E0A2020202020203C62706D6E64693A42504D4E456467652062706D6E456C656D656E743D227369642D43354234304335342D393233442D343830432D414530322D363046323641414545383433222069643D2242504D4E456467655F7369642D43354234304335342D393233442D343830432D414530322D363046323641414545383433223E0A20202020202020203C6F6D6764693A776179706F696E7420783D223335332E313331363732353937383634382220793D223139312E3836383332373430323133353234222F3E0A20202020202020203C6F6D6764693A776179706F696E7420783D223235302E302220793D223131392E3839343235393831383733313131222F3E0A2020202020203C2F62706D6E64693A42504D4E456467653E0A2020202020203C62706D6E64693A42504D4E456467652062706D6E456C656D656E743D227369642D39374232393435442D323143302D343041352D384439382D444541464431414546364636222069643D2242504D4E456467655F7369642D39374232393435442D323143302D343041352D384439382D444541464431414546364636223E0A20202020202020203C6F6D6764693A776179706F696E7420783D223235302E302220793D2238352E30222F3E0A20202020202020203C6F6D6764693A776179706F696E7420783D223331352E302220793D2238352E30222F3E0A2020202020203C2F62706D6E64693A42504D4E456467653E0A202020203C2F62706D6E64693A42504D4E506C616E653E0A20203C2F62706D6E64693A42504D4E4469616772616D3E0A3C2F646566696E6974696F6E733E, 0);
INSERT INTO `ACT_GE_BYTEARRAY` VALUES ('37515', 1, '请假流程.process.png', '37513', 0x89504E470D0A1A0A0000000D4948445200000224000000E60806000000E54C9EE600001A5E4944415478DAEDDD0B7454D5BDC7F1A058C527BD3EAA162D165D977BADB55EA9B5D62AF551B557A2A2C3C9994942A434A915298274512D0D028ACA557CDFB65815C4A2D52A8A884240E45D69A950292A0AF28840908B8A801475DFFD3B9D93753299099924336732F3FDACF55F496626219EFCFD9FFFECBDCF3E4545000000000000000000000000000000000000000000000000000000000000000000000000000000000000000000000000000000000000000000000000000000000000000000000000000000000000000000000000000000000000000000000000000000000000000000000000000000000000000000000000000000000000000000000000000000000000000000000000F9C818D371F5EAD54F2D5EBCF8F359B3669999336712598E9A9A1A3377EEDC0F6C949291E4243909A020A9F0CF9B37CFD4D5D599DDBB771321C5962D5BCCABAFBEFA913D115C454E9293E4248082A377A114FE9C3901ECB6EF4E579293E4243909A0E068489CC29B3B618BFF1E72929C242701141CCD17537473AAF81B72929C24270150FC53C4271F6E34AB973C6256D48CF4429FEB310A36C59F9C242701202BC57FFBB65AF3C6CBC3CDB269431B841ED373146D8A3F39494E0240C68BFFFA15CF372AFC7E6C583195A24DF12727C94900C87CF15FF9CAED298BBF9EA36853FCC949721200325EFCDF98392265F1D773146D8A3F39494E0200C59FE24F4E9293E42480FC2FFEBA822155F1D773146D8A3F39494E0240C68BFFAA05F7A72CFE7A8EA24DF12727C94900C878F1DF5ABBDCBC31A3BAF1D0B87D4CCF51B429FEE424390900192FFE8A357F99D8A8F8EB310A36C59F9C242701203BC5FFD34FCDAA85FFDB7868DC3EA6E728DA147F72929C04808C167FED7AF9F682FB52CED7EB3976C6A4F89393E4240064A6F8DB77991B57CD367F7FE9C69485DF0FBD46AFE59D29C59F9C242701A0CD8AFFDEDE81F2CE94E24F4E92930090F1E2DF9C77A04DBD33A58853FCC9497212005A5DFC5B5AF8FDA08853FCC9497212005A5DFC098A3F394990930028FE147F72925C20270150FC098A3F394990930028FE147F72925C2027816C33C61CB07CF9F2AA091326BC7ADB6DB77D3470E0C03D151515A6A4A4C49496967E71CD35D7ECBEE9A69B56DF7EFBED936CFC3B478CE24FF1272709721268D346E44F7FFAD3C451A346ED19346890F9ED6F7F6B162F5E6C6A6B6BCDAE5DBB8CE8635D5D9DF9EB5FFF6A6CC3627EFEF39F7F71FDF5D7BF575959D99F2348F1A7F89393043909B48A6D3CFA8D1E3DFAD3A143877ACDC6679F7D669AEBF5D75F37C3860DFBACAAAA6A6524123991A349F1A7F89393043909A43B2AD2F1B9E79E9BFDD39FFED44C9D3A35AD4624D14B2FBD64FAF5EBB793D1128A3FC59F9C24C84920AD6664CE9C39AF5D77DD75E6EDB7DF366DE1BDF7DE33B6B9D9D9BF7FFF6B39C2147F8A3F39499093C05E696444CD88D684B425FDBCCACACAEDAEEB96729429FE147F729220278194B46644D3346D3532926CA4A4BCBC7C9B6D4ABA73B429FE147F7292202781645335078C1C3972B7D68C64D2B469D376C662B1451C718A3FC59F9C24C849A091679F7DF6715D4DF3CF7FFED364DACF7EF6B34D4CDD50FC29FEE424414E028D4647B4CF882EEDCD8665CB96ED669484E24FF1272709721268403BB06A216B6B2EEF4D57BF7EFD36959494742DF463EFBAEE4C1B6753FC29FEE424414EA2E0693BF8871E7AC864D3B871E35EB70DC90D857EECB5F5BE422701C771CEA4F853FCC949829C44C1D2BD69B41D7C362D5CB8F03D5BF4A6D290FCABF807627AB277A7147F8A3F3949D09020EFE946791B376ECC6A43B269D3A63A5BE8D6D390342AFEF5EF4E8327018A3FC59F9C24684890F774D75EFF4679D9A27FCF16B95D3424C98B7FF0DDA986CD73A5F8EFDCB9D37CF2C927499FDBBE7D7BE8BF03C53FFF73527FFF4CFF1B9B376F4EF99C6A57B6729D9C44419E14C3D08CC247C4238CE27FF3CD379BD1A3477B9FDF7FFFFD5AF7637AF7EE6DBEF18D6F789F2BB4899E9E5FB66C9939F2C823CDAF7FFD6BD3AB572F2FEEBBEF3EEFF5FED7EFBFFF7EA37F433BF8EEBBEFBEDEA679ADFD1DB219E4643839B969D32673D451479977DF7DD7CC9831C3442291063179F264EF750B172E34F7DC734F83F0F330181F7CF08177E7F2A79E7AAA3EB4FDC1A1871E6AFEF8C73F3678DC6F525E7CF14573D24927799F9F78E289DE715093644BA979E79D77684880D6E8DBB7EF17D91E21B1FF036F6284A4C977A34BECBBD04B7BF6ECD931ACE1F13FFFF9CFE62B5FF98AB9E38E3BBC4663C89021E6BCF3CE33DDBA75F33EBFE1861BCC8A152BBCD70E1830C09C7EFAE926168B99CB2EBBCC1417179BAAAA2A3361C204A305D32AD66BD6ACF15EFBC20B2F784D86E257BFFA95F7DC2F7EF18BFAC7F47C4B7E078A7FFEE7E49D77DE697EF0831F789F2F5DBAD48C1D3BD60BE541870E1DCC134F3CE13DF7873FFCC19C75D659A653A74EE68A2BAE30575F7DB5D78028CF8E3DF658F3F8E38F7B79A72659FF1D7ADDF9E79F9F32F6DB6F3FB360C102B375EB56F3F0C30F9BAE5DBB7A4DF4F1C71F6F5E7EF9651A12A0AD5C77DD75BBB3BD86C41682B7584392B4F83728FA61CFD76BF441B971F7DD779BAF7FFDEBE688238E30071E78A0F7F9B7BFFD6DEF351F7EF8A1E9DCB9B3B9F1C61BBD86A47FFFFEDE09400D897E6F15EC604352595969BEF9CD6F7AAF2B2F2FF79E8B46A3DED77A5CCFA7FB3B50FC0B2327BB77EF6E6A6A6ACCB5D75EEB35087A4C4DC5C9279F6C2EB8E08206AFD5AED3C71D779CF7F9C08103CD77BEF31D6F14E5F0C30FF71A13BF21993B77AE39FBECB3EBBFEFA38F3EF2463E366CD850FFD839E79C63FEF6B7BF99F1E3C77B237AFADED34E3BAD5143327DFA74DD48B4C9291F721268C2F0E1C35765FB2A1BFB3FF18B5C65D3A0F82F725DF7F2C4A21F56F11F356A9477B2FFDEF7BEE7BD13BDF2CA2BBDF8D6B7BE658E39E698FAAF35FAA122AD62ACEF5143A2118D534E39C59B6E51D1D6F728FC02AF8643457BFDFAF5E68D37DEF0BEF7B5D75EF3BED6E37E4392CEEF40F1CFFF9C549E1D72C821A6B4B4D49B1ED454CB830F3EE8351DCA37351A4F3EF964FD7AA649932679A3216A3AD4907CFFFBDF37656565DEF78E1C39B2BE21D1EBD5541C7CF0C1F5A1E70E3AE8A0FAAF35D2E7FF1EC1291B3524FA79FAF9FA1EBD5639EC37DFE42490A6B163C73E94ED7D48AAABABA7B10F8957FC93BEFB0CBBF8AB41B8F7DE7BCDFEFBEFEF8D4E680E5E9BE705432322CB972F373FF9C94FBC3977BF211934689079F3CD37CDA2458BEA87D415AB57AFAE6F480E38E000F3E52F7FD91B595121D7477DADC7FD86249DDF81E29FFF39A9910C4DF1A92979E08107BCA64953775AEBA1E79F7EFA69EFB9679E79C65B4BA2BC52E831350C175D7491F7F1E8A38F36BFFBDDEF1A34246A324E38E1046F1A66E5CA95DE737A93A6AFCF3CF3CC064DAF5EAB11144D15AA21D134927250DF13462ED29020AFD8FFC9BB0D1830E0F32CEED4BA2B1A8DBECB4EADCD17C6F0F83FFEF10FAF19D0E73A11E85DA1FFEEF9DC73CFF51696FA532A5A68EA3724FA1E35285A1CD8B16347EF5DA9DE6DCE9F3FBFBE21193C7870FDA25615727F51AB1E0F4ED934F777A0F817464E6A64C3364A5EB3AA45AD77DD7597B778DA0F8DCAE9759F7EFAA99932658AE9D2A58BD9B1638779F4D147BD9CD1D48B72D3CF21AD09F19B0CAD4151F3121C21D1D79AA2F11B122D96D51A293D6F9B36D6900099604F04EF64EB5E36F67FE049B618CCE3A8B78F86440B9ED50C6868DA9F7ED13BD36033106C4874D2F01FFFE10F7FE83DAE779F3A49F80D8986D97562D130BA0AB91620EA6B3D9EAC2169CEEF40F1CFEF9CD4BFA7C5A5871D769839F5D453BDE9991FFDE847E68C33CEF046D6F4B9A67312D790A84978E59557BC291C35BC9AEED3E70A8DBCF90D89D62469C4442379CA494D13EA6BE5A6DF9068FD8A1A12E59E3F65434302B4B11FFFF8C791214386ECC9C228C9B66834BA94BBFDB68F8644270015FA9B6EBAC97CF7BBDF3563C68CF1428B56533524FA1E2D3AD5950EBA22619F7DF6A9BF7457A139765D85A32B1DFCA173BDBBD5D7362FBC2B265AF23B50FCF33B27B52EE3B1C71E336BD7AEF59A0D7F4D92AECAFAEA57BFDAE0B59A2E542E2AF7D43C5457577B8B5ED5C86AE4439F2BB486C96F48FC299E64913865135C4392D890FCF297BFF42E1326278156A8AAAA5AAEFFD13349EB55343AB2B7F96984DF904C9B36CD2BB2BA5A466B3582CD80DE89A66A48D450E8E4A1F9744DABE867A8A1D01E12C9F621094ED9B4E677A0F8E7774E6AC442A367BACA4A8BA5350DA3B522C3860DF316B4EA73C55B6FBDE57DD41A23FD8EDBB66DF33E2A347AA75113FF6BFF9271EDA3A386571BEEF939B96AD52AEF6B5DDDE55FD1A3913A35DA6A48D6AD5BE74DEFF4E9D3C7DC7AEBADDEF7682446A37E13274E242781D6D09A8E7EFDFAEDD49A804CB027A8E7ECBFB1D1BE0BEECED1CEFD8644C55A1B8FF9EB37AEB9E61AEFF3E79F7FDE9B5BB7B9D2E4948D2EA5D43CBB7E8E1A12FD8C741B92747E078A7F7EE7A44629AEBFFE7AAF31D1D7FADBF7E8D1A351248E4EE86A1C8D92248BE1C38737FA77D4C0A4CA492D9CD55A138DCE6991ADF623D11E3C6A582EBCF042EFFBBEF6B5AF79A338E424D04AF65D67CCBE1BDDA113455BDAB061C3FC6834BA96A99AF6D390044373EDFE10B986A713473B34EFAEC2AF42ECCFCB6FD9B2A5FE79AD1FD1FE0E893F578FEBE7EA9D676B7F078A7F61E564A64239A945B3C96E4FB0B7BC538EFB6BA5C849A00DD877B9FD2A2B2BB7B7D548894646D48CD877CBC338BA147F6E64464E12E424D06CB67928292D2DFD68CA94299FB462A1EBB63BEFBCF3114DD3D8A8E0A852FC29FEE424414E0269D39A9268343AABAAAA6AD3D2A54B77A6B3CFC88C193326DB86668916B0B26684E24FF12727097212688BC6E42A352615151575B7DD76DB8AF9F3E7AFADADADDDE8DF904F37CAD3BD696A6A6A5E183162C4F4582CB65A8D884645B89A86E24FF127270972126853B6D1E8E2BAEE20DB683C65638DEED61BDFF1501FD7EBDE34DA0E9E1D5829FE147F729220270150FC098A3F39494E0200C59FE24F4E12E424008A3F41F12727C94900A0F853FCC949829C0440F12728FEE424390900147F8A3F394990930028FE04C59F9C24270180E24FF1272709721200C59FA0F89393E4240050FC29FEE424414E02A0F813147F72929C04008A3FC59F9C24C84900147F82E24F4E92930040F1A7F8939304390980E24F50FCC94972120028FE147F729220270150FC098A3F39494E0200C59FE24F4E12E424008A3F91E1983E7D3A0D093949430280E24F84171F7FFCB1292B2B33252525EF388EF3ACFD38CA75DDCB6D74B771043949D09000A0F8135989F1E3C7AB21F9C28649121B6D4CB7F1886D50069193040D0980BC316BD62C8A6EEEC42E5BFCF7D86663428A86241815E42491AD9CA45202C8B8B973E76EACABABA3F0E640D4D6D63E618BFF4A4DD1D886635713CDC8A29E3D7B762427896CE524951240C6CD9E3DFBB23973E67CB879F3E69D14E0F0DE85AAF0D7D4D4ACB57195FE2EB6291993A219D9AE86859C24B29D93009071B6E05C6ADF052DD1D0ACE68B89AC878EFBCA60E1AFA8A8E86C9B8F2D890D896D465EA8ACACDC8F9CCCFDD0DF2B9F72120050A06CF3D13FA11999613FBE60E32FF93E4A920FF437E3280000DA3DAD13B127B535F186644B2412393A7EA2ABB45167E35A8E120D090000D938A95DA5139BE33825C1C7A3D1E849F6F1C5BA0CB8B4B4F4188E140D090000993EB18D4876554D7C04A5DAC626D775AFE448D1900000109A68347A863DF9BDAD0DD38A8B8B0FE188D0900000108AB2B2B2831CC7F98D3D09AE765DF76C8E080D090000619E04FFDBC6FBDAC7A4102E0FA6210100204745229123EDC9708A8DA5F6F3FFE488D0900000109AF83E26BA3C78A0FDB20347848604008050388ED3CD9E1817DAD0A66AC772446848000008452412D9D79E1C87EBF260DBA044382234240000847982ECE1BAEE9BF6E3C4582C762847848604008050F4EAD5EB40C7711ED096F47DFAF43987234243020040686C5372893D61D6DA8FB74722912F7144684800000885EBBA47D893E633365EB79F9FCC11A121010020348EE35CADCB836D5332A888CB8369480000084B241239C19E40E7DBA889C5625D38223424000084D594E8F2E01B6D6CB6E1704468480000088DE338FF654FA62B5DD79D649B94C338223424000084C236229DEC09F53E1B6B6DF4E488D0900000109A68347A913DB16E701CE77F2EB9E492FD39223424000084A2BCBCFC70DB903C6D4FB0CB62B1D8291C111A12000042E3BA6EDFF8E5C1438AB83C9886040080104FB25D6DCCB54DC96CFBF1388E080D090000A1183162C43E8EE30C8B5F1E1CE588D090000010E609F734D77557D8985C5151D199234243020040286C2372806D48EEB627DF7536CEE788D0900000101ADB945C684FC0EB6DDCC5E5C13424000084261289FC9B3D093F69E3EF8EE39C4A434243020040685CD72DD5E5C1B62919AA05B03424000020149148E4787B429EA3D0E7342400002014F1CB8387C637532BA521010000A1D17A12AD2BD1FA12AD33A121010000A1D09537BA024757E2E88A1C1A120000101ADB8C9C17DFB3E41EED61424302000042A15D5DB5BBAB7679D56EAF3424000020CC137654F7C3D17D71F2F1F2601A120000DACF49FBB8F89D83E7EA4EC234240000202C1D6C5332247E79705F1A120000109A582C768A3D892F731CE7E9F2F2F2C3694800004028E297078FB5B1211A8D5E4443020000C23C99F7B4F19E8DFB229148271A120000100ADB881CE6BAEE247B625F198D464FA721010000619ED81D5D1E6CE346DBA4EC4B4302000042118BC5BAD8137C8D8DF9B6293921079B8FA96A40F6124BF84B0200D0FEE9F2E041BA3CD8719CAB73AC21E961634F530D89FD9D2FE54F0800409EB04DC9C9F604FFBA8D67ECE747E4505332BD89866451CF9E3D3BF2D70300208F4422912F398E73BB3DD1D7DA8F97E44843D2235543621BA7CBF9AB010090A7FAF4E9738E3DE1AFB1F160AF5EBD0ECC81A624D95A92258C8E000090E762B1D8A1F6A43FD175DD37354A117243D2682D096B4700002820F6C41FB10DC0261BC3C3BC3CD8FE1ECF323A02004001B30DC0B1365EB6B1D03606DD426A48CE0CAC1DB998BF0A000085A9836D0606C6EF1EDC3FA4C6C85B4BC2E808000005CE719CFFB04DC1521BCF45229123B3DC90F4E8DDBB373BB5020080A2A2CACACAFD6C7370AB8DF7B3BCB854533526FE110000C0DB4CED6CDB94ACB64DC96FCACACA0ECAF03F77818D6D36C6C53F72950D0000F897E2E2E2436C53F2888DB7A3D1E819196E46FC264423245B684A000040038EE3F48E5F1E5CDDC68B4E139B91BD3D0E00000A596969E931F17BCF2C8E46A327B5C18FBC782F4D87FF3C6B4A00004043B621B9569707DBA86C8366646FCD0623256873B158AC8BE338036C0E3F6563958DEDF17D7076E9B60AF18DFA6ED0EB385A0090C35CD7ED6E0BF65FB477485959D951697EFB0545E98D7CA4FB7A2055DE5E6E63A68DDD4DDC653A315EB1AF2FE5E801408ED2E5C1B6508FD6E5C1368AD36C2ED21DF1D0F76DA729414BD8FCEC6A73F5A5349A9064312F12899CC8D10480DC2DF667D978D7719CF17BB93CB8B5D32F4CDF206D362F4BA2D1E8FF059B8B582C66C68C196366CF9E6DD6AD5B673EFEF863233B76EC30B5B5B566C1820566DCB871C6E6736253B29DD11200C861F69DE3C1B658FF5EF3F1BA2F4D9297EC6D016B73B5D5CF4161342397DA06E2B360233269D224535757679A63DBB66DDEEBF57DC1C624ACDB2B00009A4973F4B6606FB431327079705B5F2DC348099AD38C94049B91C183077BA3212DA1EF1B3A74686253C2480900E4B2482472B43D194CB345FBB56EDDBA552434231D6CF48D7F4C47E2F7B1D0152969CD48709AA6BABABA7E5AA6A5349D73CB2DB7244EDF74E76803408E3BF7DC73EF292E2EFEBC53A74E57069A8ADF17FDEB7E35BF4FA32949F57D342548CA362335C19191D63623C1A62461A4641E471B00729BD72C049A91A2F808870944739A926033E24779E079D694A081F8B461FD9A91964ED334357D135C53C2D40D00E4AE544D42B2E6A2A9A624D9EB1F4AF27AD69420D890CCF49B052D48CD84C99327334A0200EDA419B9388D26235953D2DC6624B12961FA268F1B0DDD81BAA9D76867557F21AB4631B66EDD9A91864457DF245C12DC95BF1000E48EE636057B6B4AD26D4682FF3E7709CE5381299299292E2D2F8A6F07EFBDEE8E3BEE3099A47D4A020DC90DFC850020B79A91E63603A99A927D5AD88C248ED0D094E469431288E9892326F17BD378CFCF993327A30D89364F0BFC2E53F90B0140FB6B469A6A4ADE6A4533D2DADF07EDAB21A91F31F11B93F88DF2BCC7DB7A316B22EDE81AF83DD6F317028070B57644225953D29A6624B129614D499E3724C111131B3BFDAFDBEA52DFA62E010EFCDBBBF80B0140783AC71B8771ADFC39FB241919792BFE786B8C6BE5CDD488761CD910FCF7280700901B23242D1D89686A84249DCDD3182129DC119225BA678D6E55A0DD5319210180C2A593FFF6A2CCAC21694953C21A92C26848EA1B91C06B584302003425698D48A4BAB437D95536E934255C6593FF0DC922EDC61A6C4402AFE12A1B0040B34726F6B6CF48BA3BBAFA7A14B10F493E37248D464412B10F0900A0B92314CDDDF42CDDA6C49F36BA9C3F41E1D24EADB639D8938D9D5A4B4B4BBF60A75600689F2325E9EEC0DADCA6C4FFF76846C0BD6C00008D464A12A74FFA16A5BFCF0877FB45BA0D49C6EFF61B8D46BFE06EBF00D0BE9A92E042D7607391CEA667A9BE8F4B7B91946D145EF11B86C18307B7D925C0BAD477C890219F0547479A5AD30200C81D89D3371DE2231CE95ECA9BF87DADDDFF04F9DD9074B5B1C56F1CAAABAB5BDD94A819B9E5965B82EB46B6BBAEDB9DA30D00EDB72969AD64D34140038EE394F80B5CFD9192964EDFE8FB12464698AA0180026F4AD8F40CCD661B878A6053A235255AE8AAAB649A7B358D16B006D78C286CB3338CA30B00ED576BA75998A641DA345262635BB0A15063A27D4AB4799A463FFCE91C4DCB6807566D7A76EFBDF79ABE7DFB7E9EB03BACB6A6AFE0A80240FE3425E98E70B080152DA63525C1CB815B18F358330200F925DD6917A669D0568DC955F1C6644F3A8D884645B89A06000ABB29D176F0ECC08A36A51D5D6D6332287EEF9B35BA5BAF7FD75EDD284FF7A6D176F0ECC00A0085E1E278B3717113CF6FA11901000099966AA484691A0000106A534233020000426D4AC6D18C0000803069CD8829E2D25E000010B2CE1C0200000000000000000000000000000000000000000000000000403EFA7FA8DE7D5D6D1DAABB0000000049454E44AE426082, 1);
INSERT INTO `ACT_GE_BYTEARRAY` VALUES ('42514', 1, '请假流程.bpmn20.xml', '42513', 0x3C3F786D6C2076657273696F6E3D27312E302720656E636F64696E673D275554462D38273F3E0A3C646566696E6974696F6E7320786D6C6E733D22687474703A2F2F7777772E6F6D672E6F72672F737065632F42504D4E2F32303130303532342F4D4F44454C2220786D6C6E733A7873693D22687474703A2F2F7777772E77332E6F72672F323030312F584D4C536368656D612D696E7374616E63652220786D6C6E733A7873643D22687474703A2F2F7777772E77332E6F72672F323030312F584D4C536368656D612220786D6C6E733A61637469766974693D22687474703A2F2F61637469766974692E6F72672F62706D6E2220786D6C6E733A62706D6E64693D22687474703A2F2F7777772E6F6D672E6F72672F737065632F42504D4E2F32303130303532342F44492220786D6C6E733A6F6D6764633D22687474703A2F2F7777772E6F6D672E6F72672F737065632F44442F32303130303532342F44432220786D6C6E733A6F6D6764693D22687474703A2F2F7777772E6F6D672E6F72672F737065632F44442F32303130303532342F44492220747970654C616E67756167653D22687474703A2F2F7777772E77332E6F72672F323030312F584D4C536368656D61222065787072657373696F6E4C616E67756167653D22687474703A2F2F7777772E77332E6F72672F313939392F585061746822207461726765744E616D6573706163653D22687474703A2F2F7777772E61637469766974692E6F72672F70726F63657373646566223E0A20203C70726F636573732069643D2270726F636573732220697345786563757461626C653D2274727565223E0A202020203C73746172744576656E742069643D227374617274222F3E0A202020203C757365725461736B2069643D226170706C7922206E616D653D22E8AFB7E58187E794B3E8AFB7222061637469766974693A61737369676E65653D22247B656D706C6F7965657D222061637469766974693A666F726D4B65793D226C656176652D73746172742E666F726D223E0A2020202020203C657874656E73696F6E456C656D656E74733E0A20202020202020203C61637469766974693A666F726D50726F70657274792069643D2273746172744461746522206E616D653D227374617274446174652220747970653D22646174652220646174655061747465726E3D224D4D2D64642D797979792068683A6D6D222072657175697265643D2274727565222F3E0A20202020202020203C61637469766974693A666F726D50726F70657274792069643D22656E644461746522206E616D653D22656E64446174652220747970653D22646174652220646174655061747465726E3D224D4D2D64642D797979792068683A6D6D222072657175697265643D2274727565222F3E0A20202020202020203C61637469766974693A666F726D50726F70657274792069643D22726561736F6E22206E616D653D22726561736F6E2220747970653D22737472696E67222072657175697265643D2274727565222F3E0A2020202020203C2F657874656E73696F6E456C656D656E74733E0A202020203C2F757365725461736B3E0A202020203C73657175656E6365466C6F772069643D227369642D45354631434434332D344341302D344231322D383035362D3035353632413838433739332220736F757263655265663D22737461727422207461726765745265663D226170706C79222F3E0A202020203C757365725461736B2069643D22617070726F766522206E616D653D22E7BB8FE79086E5AEA1E689B9222061637469766974693A63616E64696461746547726F7570733D22E983A8E997A8E7BB8FE79086222F3E0A202020203C73657175656E6365466C6F772069643D227369642D39374232393435442D323143302D343041352D384439382D4445414644314145463646362220736F757263655265663D226170706C7922207461726765745265663D22617070726F7665222F3E0A202020203C6578636C7573697665476174657761792069643D22636F6E646974696F6E222F3E0A202020203C73657175656E6365466C6F772069643D227369642D44413638384642352D354336332D343933432D414141412D3134334236303833453035452220736F757263655265663D22617070726F766522207461726765745265663D22636F6E646974696F6E222F3E0A202020203C73657175656E6365466C6F772069643D227369642D43354234304335342D393233442D343830432D414530322D3630463236414145453834332220736F757263655265663D22636F6E646974696F6E22207461726765745265663D226170706C79223E0A2020202020203C636F6E646974696F6E45787072657373696F6E207873693A747970653D2274466F726D616C45787072657373696F6E223E3C215B43444154415B247B61677265653D3D66616C73657D5D5D3E3C2F636F6E646974696F6E45787072657373696F6E3E0A202020203C2F73657175656E6365466C6F773E0A202020203C656E644576656E742069643D2273746F70222F3E0A202020203C73657175656E6365466C6F772069643D227369642D37413637304633362D413531332D343334442D394338302D3142354437373742353932302220736F757263655265663D22636F6E646974696F6E22207461726765745265663D2273746F70223E0A2020202020203C636F6E646974696F6E45787072657373696F6E207873693A747970653D2274466F726D616C45787072657373696F6E223E3C215B43444154415B247B61677265653D3D747275657D5D5D3E3C2F636F6E646974696F6E45787072657373696F6E3E0A202020203C2F73657175656E6365466C6F773E0A20203C2F70726F636573733E0A20203C62706D6E64693A42504D4E4469616772616D2069643D2242504D4E4469616772616D5F70726F63657373223E0A202020203C62706D6E64693A42504D4E506C616E652062706D6E456C656D656E743D2270726F63657373222069643D2242504D4E506C616E655F70726F63657373223E0A2020202020203C62706D6E64693A42504D4E53686170652062706D6E456C656D656E743D227374617274222069643D2242504D4E53686170655F7374617274223E0A20202020202020203C6F6D6764633A426F756E6473206865696768743D2233302E30222077696474683D2233302E302220783D2234352E302220793D2237302E30222F3E0A2020202020203C2F62706D6E64693A42504D4E53686170653E0A2020202020203C62706D6E64693A42504D4E53686170652062706D6E456C656D656E743D226170706C79222069643D2242504D4E53686170655F6170706C79223E0A20202020202020203C6F6D6764633A426F756E6473206865696768743D2238302E30222077696474683D223130302E302220783D223135302E302220793D2234352E30222F3E0A2020202020203C2F62706D6E64693A42504D4E53686170653E0A2020202020203C62706D6E64693A42504D4E53686170652062706D6E456C656D656E743D22617070726F7665222069643D2242504D4E53686170655F617070726F7665223E0A20202020202020203C6F6D6764633A426F756E6473206865696768743D2238302E30222077696474683D223130302E302220783D223331352E302220793D2234352E30222F3E0A2020202020203C2F62706D6E64693A42504D4E53686170653E0A2020202020203C62706D6E64693A42504D4E53686170652062706D6E456C656D656E743D22636F6E646974696F6E222069643D2242504D4E53686170655F636F6E646974696F6E223E0A20202020202020203C6F6D6764633A426F756E6473206865696768743D2234302E30222077696474683D2234302E302220783D223334352E302220793D223138302E30222F3E0A2020202020203C2F62706D6E64693A42504D4E53686170653E0A2020202020203C62706D6E64693A42504D4E53686170652062706D6E456C656D656E743D2273746F70222069643D2242504D4E53686170655F73746F70223E0A20202020202020203C6F6D6764633A426F756E6473206865696768743D2232382E30222077696474683D2232382E302220783D223531302E302220793D223138362E30222F3E0A2020202020203C2F62706D6E64693A42504D4E53686170653E0A2020202020203C62706D6E64693A42504D4E456467652062706D6E456C656D656E743D227369642D44413638384642352D354336332D343933432D414141412D313433423630383345303545222069643D2242504D4E456467655F7369642D44413638384642352D354336332D343933432D414141412D313433423630383345303545223E0A20202020202020203C6F6D6764693A776179706F696E7420783D223336352E31373331363031373331363031372220793D223132352E30222F3E0A20202020202020203C6F6D6764693A776179706F696E7420783D223336352E343133303433343738323630392220793D223138302E3431333034333437383236303837222F3E0A2020202020203C2F62706D6E64693A42504D4E456467653E0A2020202020203C62706D6E64693A42504D4E456467652062706D6E456C656D656E743D227369642D45354631434434332D344341302D344231322D383035362D303535363241383843373933222069643D2242504D4E456467655F7369642D45354631434434332D344341302D344231322D383035362D303535363241383843373933223E0A20202020202020203C6F6D6764693A776179706F696E7420783D2237352E302220793D2238352E30222F3E0A20202020202020203C6F6D6764693A776179706F696E7420783D223135302E302220793D2238352E30222F3E0A2020202020203C2F62706D6E64693A42504D4E456467653E0A2020202020203C62706D6E64693A42504D4E456467652062706D6E456C656D656E743D227369642D37413637304633362D413531332D343334442D394338302D314235443737374235393230222069643D2242504D4E456467655F7369642D37413637304633362D413531332D343334442D394338302D314235443737374235393230223E0A20202020202020203C6F6D6764693A776179706F696E7420783D223338352E302220793D223230302E30222F3E0A20202020202020203C6F6D6764693A776179706F696E7420783D223531302E302220793D223230302E30222F3E0A2020202020203C2F62706D6E64693A42504D4E456467653E0A2020202020203C62706D6E64693A42504D4E456467652062706D6E456C656D656E743D227369642D43354234304335342D393233442D343830432D414530322D363046323641414545383433222069643D2242504D4E456467655F7369642D43354234304335342D393233442D343830432D414530322D363046323641414545383433223E0A20202020202020203C6F6D6764693A776179706F696E7420783D223335332E313331363732353937383634382220793D223139312E3836383332373430323133353234222F3E0A20202020202020203C6F6D6764693A776179706F696E7420783D223235302E302220793D223131392E3839343235393831383733313131222F3E0A2020202020203C2F62706D6E64693A42504D4E456467653E0A2020202020203C62706D6E64693A42504D4E456467652062706D6E456C656D656E743D227369642D39374232393435442D323143302D343041352D384439382D444541464431414546364636222069643D2242504D4E456467655F7369642D39374232393435442D323143302D343041352D384439382D444541464431414546364636223E0A20202020202020203C6F6D6764693A776179706F696E7420783D223235302E302220793D2238352E30222F3E0A20202020202020203C6F6D6764693A776179706F696E7420783D223331352E302220793D2238352E30222F3E0A2020202020203C2F62706D6E64693A42504D4E456467653E0A202020203C2F62706D6E64693A42504D4E506C616E653E0A20203C2F62706D6E64693A42504D4E4469616772616D3E0A3C2F646566696E6974696F6E733E, 0);
INSERT INTO `ACT_GE_BYTEARRAY` VALUES ('42515', 1, '请假流程.process.png', '42513', 0x89504E470D0A1A0A0000000D4948445200000224000000E60806000000E54C9EE600001A5E4944415478DAEDDD0B7454D5BDC7F1A058C527BD3EAA162D165D977BADB55EA9B5D62AF551B557A2A2C3C9994942A434A915298274512D0D028ACA557CDFB65815C4A2D52A8A884240E45D69A950292A0AF28840908B8A801475DFFD3B9D93753299099924336732F3FDACF55F496626219EFCFD9FFFECBDCF3E4545000000000000000000000000000000000000000000000000000000000000000000000000000000000000000000000000000000000000000000000000000000000000000000000000000000000000000000000000000000000000000000000000000000000000000000000000000000000000000000000000000000000000000000000000000000000000000000000000F9C818D371F5EAD54F2D5EBCF8F359B3669999336712598E9A9A1A3377EEDC0F6C949291E4243909A020A9F0CF9B37CFD4D5D599DDBB771321C5962D5BCCABAFBEFA913D115C454E9293E4248082A377A114FE9C3901ECB6EF4E579293E4243909A0E068489CC29B3B618BFF1E72929C242701141CCD17537473AAF81B72929C24270150FC53C4271F6E34AB973C6256D48CF4429FEB310A36C59F9C242701202BC57FFBB65AF3C6CBC3CDB269431B841ED373146D8A3F39494E0240C68BFFFA15CF372AFC7E6C583195A24DF12727C94900C87CF15FF9CAED298BBF9EA36853FCC949721200325EFCDF98392265F1D773146D8A3F39494E0200C59FE24F4E9293E42480FC2FFEBA822155F1D773146D8A3F39494E0240C68BFFAA05F7A72CFE7A8EA24DF12727C94900C878F1DF5ABBDCBC31A3BAF1D0B87D4CCF51B429FEE424390900192FFE8A357F99D8A8F8EB310A36C59F9C242701203BC5FFD34FCDAA85FFDB7868DC3EA6E728DA147F72929C04808C167FED7AF9F682FB52CED7EB3976C6A4F89393E4240064A6F8DB77991B57CD367F7FE9C69485DF0FBD46AFE59D29C59F9C242701A0CD8AFFDEDE81F2CE94E24F4E92930090F1E2DF9C77A04DBD33A58853FCC9497212005A5DFC5B5AF8FDA08853FCC9497212005A5DFC098A3F394990930028FE147F72925C20270150FC098A3F394990930028FE147F72925C2027816C33C61CB07CF9F2AA091326BC7ADB6DB77D3470E0C03D151515A6A4A4C49496967E71CD35D7ECBEE9A69B56DF7EFBED936CFC3B478CE24FF1272709721268D346E44F7FFAD3C451A346ED19346890F9ED6F7F6B162F5E6C6A6B6BCDAE5DBB8CE8635D5D9DF9EB5FFF6A6CC3627EFEF39F7F71FDF5D7BF575959D99F2348F1A7F89393043909B48A6D3CFA8D1E3DFAD3A143877ACDC6679F7D669AEBF5D75F37C3860DFBACAAAA6A6524123991A349F1A7F89393043909A43B2AD2F1B9E79E9BFDD39FFED44C9D3A35AD4624D14B2FBD64FAF5EBB793D1128A3FC59F9C24C84920AD6664CE9C39AF5D77DD75E6EDB7DF366DE1BDF7DE33B6B9D9D9BF7FFF6B39C2147F8A3F39499093C05E696444CD88D684B425FDBCCACACAEDAEEB96729429FE147F729220278194B46644D3346D3532926CA4A4BCBC7C9B6D4ABA73B429FE147F7292202781645335078C1C3972B7D68C64D2B469D376C662B1451C718A3FC59F9C24C849A091679F7DF6715D4DF3CF7FFED364DACF7EF6B34D4CDD50FC29FEE424414E028D4647B4CF882EEDCD8665CB96ED669484E24FF1272709721268403BB06A216B6B2EEF4D57BF7EFD36959494742DF463EFBAEE4C1B6753FC29FEE424414EA2E0693BF8871E7AC864D3B871E35EB70DC90D857EECB5F5BE422701C771CEA4F853FCC949829C44C1D2BD69B41D7C362D5CB8F03D5BF4A6D290FCABF807627AB277A7147F8A3F3949D09020EFE946791B376ECC6A43B269D3A63A5BE8D6D390342AFEF5EF4E8327018A3FC59F9C24684890F774D75EFF4679D9A27FCF16B95D3424C98B7FF0DDA986CD73A5F8EFDCB9D37CF2C927499FDBBE7D7BE8BF03C53FFF73527FFF4CFF1B9B376F4EF99C6A57B6729D9C44419E14C3D08CC247C4238CE27FF3CD379BD1A3477B9FDF7FFFFD5AF7637AF7EE6DBEF18D6F789F2BB4899E9E5FB66C9939F2C823CDAF7FFD6BD3AB572F2FEEBBEF3EEFF5FED7EFBFFF7EA37F433BF8EEBBEFBEDEA679ADFD1DB219E4643839B969D32673D451479977DF7DD7CC9831C3442291063179F264EF750B172E34F7DC734F83F0F330181F7CF08177E7F2A79E7AAA3EB4FDC1A1871E6AFEF8C73F3678DC6F525E7CF14573D24927799F9F78E289DE715093644BA979E79D77684880D6E8DBB7EF17D91E21B1FF036F6284A4C977A34BECBBD04B7BF6ECD931ACE1F13FFFF9CFE62B5FF98AB9E38E3BBC4663C89021E6BCF3CE33DDBA75F33EBFE1861BCC8A152BBCD70E1830C09C7EFAE926168B99CB2EBBCC1417179BAAAA2A3361C204A305D32AD66BD6ACF15EFBC20B2F784D86E257BFFA95F7DC2F7EF18BFAC7F47C4B7E078A7FFEE7E49D77DE697EF0831F789F2F5DBAD48C1D3BD60BE541870E1DCC134F3CE13DF7873FFCC19C75D659A653A74EE68A2BAE30575F7DB5D78028CF8E3DF658F3F8E38F7B79A72659FF1D7ADDF9E79F9F32F6DB6F3FB360C102B375EB56F3F0C30F9BAE5DBB7A4DF4F1C71F6F5E7EF9651A12A0AD5C77DD75BBB3BD86C41682B7584392B4F83728FA61CFD76BF441B971F7DD779BAF7FFDEBE688238E30071E78A0F7F9B7BFFD6DEF351F7EF8A1E9DCB9B3B9F1C61BBD86A47FFFFEDE09400D897E6F15EC604352595969BEF9CD6F7AAF2B2F2FF79E8B46A3DED77A5CCFA7FB3B50FC0B2327BB77EF6E6A6A6ACCB5D75EEB35087A4C4DC5C9279F6C2EB8E08206AFD5AED3C71D779CF7F9C08103CD77BEF31D6F14E5F0C30FF71A13BF21993B77AE39FBECB3EBBFEFA38F3EF2463E366CD850FFD839E79C63FEF6B7BF99F1E3C77B237AFADED34E3BAD5143327DFA74DD48B4C9291F721268C2F0E1C35765FB2A1BFB3FF18B5C65D3A0F82F725DF7F2C4A21F56F11F356A9477B2FFDEF7BEE7BD13BDF2CA2BBDF8D6B7BE658E39E698FAAF35FAA122AD62ACEF5143A2118D534E39C59B6E51D1D6F728FC02AF8643457BFDFAF5E68D37DEF0BEF7B5D75EF3BED6E37E4392CEEF40F1CFFF9C549E1D72C821A6B4B4D49B1ED454CB830F3EE8351DCA37351A4F3EF964FD7AA649932679A3216A3AD4907CFFFBDF37656565DEF78E1C39B2BE21D1EBD5541C7CF0C1F5A1E70E3AE8A0FAAF35D2E7FF1EC1291B3524FA79FAF9FA1EBD5639EC37DFE42490A6B163C73E94ED7D48AAABABA7B10F8957FC93BEFB0CBBF8AB41B8F7DE7BCDFEFBEFEF8D4E680E5E9BE705432322CB972F373FF9C94FBC3977BF211934689079F3CD37CDA2458BEA87D415AB57AFAE6F480E38E000F3E52F7FD91B595121D7477DADC7FD86249DDF81E29FFF39A9910C4DF1A92979E08107BCA64953775AEBA1E79F7EFA69EFB9679E79C65B4BA2BC52E831350C175D7491F7F1E8A38F36BFFBDDEF1A34246A324E38E1046F1A66E5CA95DE737A93A6AFCF3CF3CC064DAF5EAB11144D15AA21D134927250DF13462ED29020AFD8FFC9BB0D1830E0F32CEED4BA2B1A8DBECB4EADCD17C6F0F83FFEF10FAF19D0E73A11E85DA1FFEEF9DC73CFF51696FA532A5A68EA3724FA1E35285A1CD8B16347EF5DA9DE6DCE9F3FBFBE21193C7870FDA25615727F51AB1E0F4ED934F777A0F817464E6A64C3364A5EB3AA45AD77DD7597B778DA0F8DCAE9759F7EFAA99932658AE9D2A58BD9B1638779F4D147BD9CD1D48B72D3CF21AD09F19B0CAD4151F3121C21D1D79AA2F11B122D96D51A293D6F9B36D6900099604F04EF64EB5E36F67FE049B618CCE3A8B78F86440B9ED50C6868DA9F7ED13BD36033106C4874D2F01FFFE10F7FE83DAE779F3A49F80D8986D97562D130BA0AB91620EA6B3D9EAC2169CEEF40F1CFEF9CD4BFA7C5A5871D769839F5D453BDE9991FFDE847E68C33CEF046D6F4B9A67312D790A84978E59557BC291C35BC9AEED3E70A8DBCF90D89D62469C4442379CA494D13EA6BE5A6DF9068FD8A1A12E59E3F65434302B4B11FFFF8C791214386ECC9C228C9B66834BA94BBFDB68F8644270015FA9B6EBAC97CF7BBDF3563C68CF1428B56533524FA1E2D3AD5950EBA22619F7DF6A9BF7457A139765D85A32B1DFCA173BDBBD5D7362FBC2B265AF23B50FCF33B27B52EE3B1C71E336BD7AEF59A0D7F4D92AECAFAEA57BFDAE0B59A2E542E2AF7D43C5457577B8B5ED5C86AE4439F2BB486C96F48FC299E64913865135C4392D890FCF297BFF42E1326278156A8AAAA5AAEFFD13349EB55343AB2B7F96984DF904C9B36CD2BB2BA5A466B3582CD80DE89A66A48D450E8E4A1F9744DABE867A8A1D01E12C9F621094ED9B4E677A0F8E7774E6AC442A367BACA4A8BA5350DA3B522C3860DF316B4EA73C55B6FBDE57DD41A23FD8EDBB66DF33E2A347AA75113FF6BFF9271EDA3A386571BEEF939B96AD52AEF6B5DDDE55FD1A3913A35DA6A48D6AD5BE74DEFF4E9D3C7DC7AEBADDEF7682446A37E13274E242781D6D09A8E7EFDFAEDD49A804CB027A8E7ECBFB1D1BE0BEECED1CEFD8644C55A1B8FF9EB37AEB9E61AEFF3E79F7FDE9B5BB7B9D2E4948D2EA5D43CBB7E8E1A12FD8C741B92747E078A7F7EE7A44629AEBFFE7AAF31D1D7FADBF7E8D1A351248E4EE86A1C8D92248BE1C38737FA77D4C0A4CA492D9CD55A138DCE6991ADF623D11E3C6A582EBCF042EFFBBEF6B5AF79A338E424D04AF65D67CCBE1BDDA113455BDAB061C3FC6834BA96A99AF6D390044373EDFE10B986A713473B34EFAEC2AF42ECCFCB6FD9B2A5FE79AD1FD1FE0E893F578FEBE7EA9D676B7F078A7F61E564A64239A945B3C96E4FB0B7BC538EFB6BA5C849A00DD877B9FD2A2B2BB7B7D548894646D48CD877CBC338BA147F6E64464E12E424D06CB67928292D2DFD68CA94299FB462A1EBB63BEFBCF3114DD3D8A8E0A852FC29FEE424414E0269D39A9268343AABAAAA6AD3D2A54B77A6B3CFC88C193326DB86668916B0B26684E24FF12727097212688BC6E42A352615151575B7DD76DB8AF9F3E7AFADADADDDE8DF904F37CAD3BD696A6A6A5E183162C4F4582CB65A8D884645B89A86E24FF127270972126853B6D1E8E2BAEE20DB683C65638DEED61BDFF1501FD7EBDE34DA0E9E1D5829FE147F729220270150FC098A3F39494E0200C59FE24F4E12E424008A3F41F12727C94900A0F853FCC949829C0440F12728FEE424390900147F8A3F394990930028FE04C59F9C24270180E24FF1272709721200C59FA0F89393E4240050FC29FEE424414E02A0F813147F72929C04008A3FC59F9C24C84900147F82E24F4E92930040F1A7F8939304390980E24F50FCC94972120028FE147F729220270150FC098A3F39494E0200C59FE24F4E12E424008A3F91E1983E7D3A0D093949430280E24F84171F7FFCB1292B2B33252525EF388EF3ACFD38CA75DDCB6D74B771043949D09000A0F8135989F1E3C7AB21F9C28649121B6D4CB7F1886D50069193040D0980BC316BD62C8A6EEEC42E5BFCF7D86663428A86241815E42491AD9CA45202C8B8B973E76EACABABA3F0E640D4D6D63E618BFF4A4DD1D886635713CDC8A29E3D7B762427896CE524951240C6CD9E3DFBB23973E67CB879F3E69D14E0F0DE85AAF0D7D4D4ACB57195FE2EB6291993A219D9AE86859C24B29D93009071B6E05C6ADF052DD1D0ACE68B89AC878EFBCA60E1AFA8A8E86C9B8F2D890D896D465EA8ACACDC8F9CCCFDD0DF2B9F72120050A06CF3D13FA11999613FBE60E32FF93E4A920FF437E3280000DA3DAD13B127B535F186644B2412393A7EA2ABB45167E35A8E120D090000D938A95DA5139BE33825C1C7A3D1E849F6F1C5BA0CB8B4B4F4188E140D090000993EB18D4876554D7C04A5DAC626D775AFE448D1900000109A68347A863DF9BDAD0DD38A8B8B0FE188D0900000108AB2B2B2831CC7F98D3D09AE765DF76C8E080D090000619E04FFDBC6FBDAC7A4102E0FA6210100204745229123EDC9708A8DA5F6F3FFE488D0900000109AF83E26BA3C78A0FDB20347848604008050388ED3CD9E1817DAD0A66AC772446848000008452412D9D79E1C87EBF260DBA044382234240000847982ECE1BAEE9BF6E3C4582C762847848604008050F4EAD5EB40C7711ED096F47DFAF43987234243020040686C5372893D61D6DA8FB74722912F7144684800000885EBBA47D893E633365EB79F9FCC11A121010020348EE35CADCB836D5332A888CB8369480000084B241239C19E40E7DBA889C5625D38223424000084D594E8F2E01B6D6CB6E1704468480000088DE338FF654FA62B5DD79D649B94C338223424000084C236229DEC09F53E1B6B6DF4E488D0900000109A68347A913DB16E701CE77F2EB9E492FD39223424000084A2BCBCFC70DB903C6D4FB0CB62B1D8291C111A12000042E3BA6EDFF8E5C1438AB83C9886040080104FB25D6DCCB54DC96CFBF1388E080D090000A1183162C43E8EE30C8B5F1E1CE588D090000010E609F734D77557D8985C5151D199234243020040286C2372806D48EEB627DF7536CEE788D0900000101ADB945C684FC0EB6DDCC5E5C13424000084261289FC9B3D093F69E3EF8EE39C4A434243020040685CD72DD5E5C1B62919AA05B03424000020149148E4787B429EA3D0E7342400002014F1CB8387C637532BA521010000A1D17A12AD2BD1FA12AD33A121010000A1D09537BA024757E2E88A1C1A120000101ADB8C9C17DFB3E41EED61424302000042A15D5DB5BBAB7679D56EAF3424000020CC137654F7C3D17D71F2F1F2601A120000DACF49FBB8F89D83E7EA4EC234240000202C1D6C5332247E79705F1A120000109A582C768A3D892F731CE7E9F2F2F2C3694800004028E297078FB5B1211A8D5E4443020000C23C99F7B4F19E8DFB229148271A120000100ADB881CE6BAEE247B625F198D464FA721010000619ED81D5D1E6CE346DBA4EC4B4302000042118BC5BAD8137C8D8DF9B6293921079B8FA96A40F6124BF84B0200D0FEE9F2E041BA3CD8719CAB73AC21E961634F530D89FD9D2FE54F0800409EB04DC9C9F604FFBA8D67ECE747E4505332BD89866451CF9E3D3BF2D70300208F4422912F398E73BB3DD1D7DA8F97E44843D2235543621BA7CBF9AB010090A7FAF4E9738E3DE1AFB1F160AF5EBD0ECC81A624D95A92258C8E000090E762B1D8A1F6A43FD175DD37354A117243D2682D096B4700002820F6C41FB10DC0261BC3C3BC3CD8FE1ECF323A02004001B30DC0B1365EB6B1D03606DD426A48CE0CAC1DB998BF0A000085A9836D0606C6EF1EDC3FA4C6C85B4BC2E808000005CE719CFFB04DC1521BCF45229123B3DC90F4E8DDBB373BB5020080A2A2CACACAFD6C7370AB8DF7B3BCB854533526FE110000C0DB4CED6CDB94ACB64DC96FCACACA0ECAF03F77818D6D36C6C53F72950D0000F897E2E2E2436C53F2888DB7A3D1E819196E46FC264423245B684A000040038EE3F48E5F1E5CDDC68B4E139B91BD3D0E00000A596969E931F17BCF2C8E46A327B5C18FBC782F4D87FF3C6B4A00004043B621B9569707DBA86C8366646FCD0623256873B158AC8BE338036C0E3F6563958DEDF17D7076E9B60AF18DFA6ED0EB385A0090C35CD7ED6E0BF65FB477485959D951697EFB0545E98D7CA4FB7A2055DE5E6E63A68DDD4DDC653A315EB1AF2FE5E801408ED2E5C1B6508FD6E5C1368AD36C2ED21DF1D0F76DA729414BD8FCEC6A73F5A5349A9064312F12899CC8D10480DC2DF667D978D7719CF17BB93CB8B5D32F4CDF206D362F4BA2D1E8FF059B8B582C66C68C196366CF9E6DD6AD5B673EFEF863233B76EC30B5B5B566C1820566DCB871C6E6736253B29DD11200C861F69DE3C1B658FF5EF3F1BA2F4D9297EC6D016B73B5D5CF4161342397DA06E2B360233269D224535757679A63DBB66DDEEBF57DC1C624ACDB2B00009A4973F4B6606FB431327079705B5F2DC348099AD38C94049B91C183077BA3212DA1EF1B3A74686253C2480900E4B2482472B43D194CB345FBB56EDDBA552434231D6CF48D7F4C47E2F7B1D0152969CD48709AA6BABABA7E5AA6A5349D73CB2DB7244EDF74E76803408E3BF7DC73EF292E2EFEBC53A74E57069A8ADF17FDEB7E35BF4FA32949F57D342548CA362335C19191D63623C1A62461A4641E471B00729BD72C049A91A2F808870944739A926033E24779E079D694A081F8B461FD9A91964ED334357D135C53C2D40D00E4AE544D42B2E6A2A9A624D9EB1F4AF27AD69420D890CCF49B052D48CD84C99327334A0200EDA419B9388D26235953D2DC6624B12961FA268F1B0DDD81BAA9D76867557F21AB4631B66EDD9A91864457DF245C12DC95BF1000E48EE636057B6B4AD26D4682FF3E7709CE5381299299292E2D2F8A6F07EFBDEE8E3BEE3099A47D4A020DC90DFC850020B79A91E63603A99A927D5AD88C248ED0D094E469431288E9892326F17BD378CFCF993327A30D89364F0BFC2E53F90B0140FB6B469A6A4ADE6A4533D2DADF07EDAB21A91F31F11B93F88DF2BCC7DB7A316B22EDE81AF83DD6F317028070B57644225953D29A6624B129614D499E3724C111131B3BFDAFDBEA52DFA62E010EFCDBBBF80B0140783AC71B8771ADFC39FB241919792BFE786B8C6BE5CDD488761CD910FCF7280700901B23242D1D89686A84249DCDD3182129DC119225BA678D6E55A0DD5319210180C2A593FFF6A2CCAC21694953C21A92C26848EA1B91C06B584302003425698D48A4BAB437D95536E934255C6593FF0DC922EDC61A6C4402AFE12A1B0040B34726F6B6CF48BA3BBAFA7A14B10F493E37248D464412B10F0900A0B92314CDDDF42CDDA6C49F36BA9C3F41E1D24EADB639D8938D9D5A4B4B4BBF60A75600689F2325E9EEC0DADCA6C4FFF76846C0BD6C00008D464A12A74FFA16A5BFCF0877FB45BA0D49C6EFF61B8D46BFE06EBF00D0BE9A92E042D7607391CEA667A9BE8F4B7B91946D145EF11B86C18307B7D925C0BAD477C890219F0547479A5AD30200C81D89D3371DE2231CE95ECA9BF87DADDDFF04F9DD9074B5B1C56F1CAAABAB5BDD94A819B9E5965B82EB46B6BBAEDB9DA30D00EDB72969AD64D34140038EE394F80B5CFD9192964EDFE8FB12464698AA0180026F4AD8F40CCD661B878A6053A235255AE8AAAB649A7B358D16B006D78C286CB3338CA30B00ED576BA75998A641DA345262635BB0A15063A27D4AB4799A463FFCE91C4DCB6807566D7A76EFBDF79ABE7DFB7E9EB03BACB6A6AFE0A80240FE3425E98E70B080152DA63525C1CB815B18F358330200F925DD6917A669D0568DC955F1C6644F3A8D884645B89A06000ABB29D176F0ECC08A36A51D5D6D6332287EEF9B35BA5BAF7FD75EDD284FF7A6D176F0ECC00A0085E1E278B3717113CF6FA11901000099966AA484691A0000106A534233020000426D4AC6D18C0000803069CD8829E2D25E000010B2CE1C0200000000000000000000000000000000000000000000000000403EFA7FA8DE7D5D6D1DAABB0000000049454E44AE426082, 1);
INSERT INTO `ACT_GE_BYTEARRAY` VALUES ('5002', 1, '请假流程.bpmn20.xml', '5001', 0x3C3F786D6C2076657273696F6E3D27312E302720656E636F64696E673D275554462D38273F3E0A3C646566696E6974696F6E7320786D6C6E733D22687474703A2F2F7777772E6F6D672E6F72672F737065632F42504D4E2F32303130303532342F4D4F44454C2220786D6C6E733A7873693D22687474703A2F2F7777772E77332E6F72672F323030312F584D4C536368656D612D696E7374616E63652220786D6C6E733A7873643D22687474703A2F2F7777772E77332E6F72672F323030312F584D4C536368656D612220786D6C6E733A61637469766974693D22687474703A2F2F61637469766974692E6F72672F62706D6E2220786D6C6E733A62706D6E64693D22687474703A2F2F7777772E6F6D672E6F72672F737065632F42504D4E2F32303130303532342F44492220786D6C6E733A6F6D6764633D22687474703A2F2F7777772E6F6D672E6F72672F737065632F44442F32303130303532342F44432220786D6C6E733A6F6D6764693D22687474703A2F2F7777772E6F6D672E6F72672F737065632F44442F32303130303532342F44492220747970654C616E67756167653D22687474703A2F2F7777772E77332E6F72672F323030312F584D4C536368656D61222065787072657373696F6E4C616E67756167653D22687474703A2F2F7777772E77332E6F72672F313939392F585061746822207461726765744E616D6573706163653D22687474703A2F2F7777772E61637469766974692E6F72672F70726F63657373646566223E0A20203C70726F636573732069643D2270726F636573732220697345786563757461626C653D2274727565223E0A202020203C73746172744576656E742069643D227374617274222F3E0A202020203C757365725461736B2069643D226170706C7922206E616D653D22E8AFB7E58187E794B3E8AFB7222061637469766974693A61737369676E65653D22247B656D706C6F7965657D222F3E0A202020203C73657175656E6365466C6F772069643D227369642D45354631434434332D344341302D344231322D383035362D3035353632413838433739332220736F757263655265663D22737461727422207461726765745265663D226170706C79222F3E0A202020203C757365725461736B2069643D22617070726F766522206E616D653D22E7BB8FE79086E5AEA1E689B9222061637469766974693A63616E64696461746547726F7570733D22E983A8E997A8E7BB8FE79086222F3E0A202020203C73657175656E6365466C6F772069643D227369642D39374232393435442D323143302D343041352D384439382D4445414644314145463646362220736F757263655265663D226170706C7922207461726765745265663D22617070726F7665222F3E0A202020203C6578636C7573697665476174657761792069643D22636F6E646974696F6E222F3E0A202020203C73657175656E6365466C6F772069643D227369642D44413638384642352D354336332D343933432D414141412D3134334236303833453035452220736F757263655265663D22617070726F766522207461726765745265663D22636F6E646974696F6E222F3E0A202020203C73657175656E6365466C6F772069643D227369642D43354234304335342D393233442D343830432D414530322D3630463236414145453834332220736F757263655265663D22636F6E646974696F6E22207461726765745265663D226170706C79223E0A2020202020203C636F6E646974696F6E45787072657373696F6E207873693A747970653D2274466F726D616C45787072657373696F6E223E3C215B43444154415B247B61677265653D3D66616C73657D5D5D3E3C2F636F6E646974696F6E45787072657373696F6E3E0A202020203C2F73657175656E6365466C6F773E0A202020203C656E644576656E742069643D2273746F70222F3E0A202020203C73657175656E6365466C6F772069643D227369642D37413637304633362D413531332D343334442D394338302D3142354437373742353932302220736F757263655265663D22636F6E646974696F6E22207461726765745265663D2273746F70223E0A2020202020203C636F6E646974696F6E45787072657373696F6E207873693A747970653D2274466F726D616C45787072657373696F6E223E3C215B43444154415B247B61677265653D3D747275657D5D5D3E3C2F636F6E646974696F6E45787072657373696F6E3E0A202020203C2F73657175656E6365466C6F773E0A20203C2F70726F636573733E0A20203C62706D6E64693A42504D4E4469616772616D2069643D2242504D4E4469616772616D5F70726F63657373223E0A202020203C62706D6E64693A42504D4E506C616E652062706D6E456C656D656E743D2270726F63657373222069643D2242504D4E506C616E655F70726F63657373223E0A2020202020203C62706D6E64693A42504D4E53686170652062706D6E456C656D656E743D227374617274222069643D2242504D4E53686170655F7374617274223E0A20202020202020203C6F6D6764633A426F756E6473206865696768743D2233302E30222077696474683D2233302E302220783D2234352E302220793D2237352E30222F3E0A2020202020203C2F62706D6E64693A42504D4E53686170653E0A2020202020203C62706D6E64693A42504D4E53686170652062706D6E456C656D656E743D226170706C79222069643D2242504D4E53686170655F6170706C79223E0A20202020202020203C6F6D6764633A426F756E6473206865696768743D2238302E30222077696474683D223130302E302220783D223135302E302220793D2234352E30222F3E0A2020202020203C2F62706D6E64693A42504D4E53686170653E0A2020202020203C62706D6E64693A42504D4E53686170652062706D6E456C656D656E743D22617070726F7665222069643D2242504D4E53686170655F617070726F7665223E0A20202020202020203C6F6D6764633A426F756E6473206865696768743D2238302E30222077696474683D223130302E302220783D223331352E302220793D2234352E30222F3E0A2020202020203C2F62706D6E64693A42504D4E53686170653E0A2020202020203C62706D6E64693A42504D4E53686170652062706D6E456C656D656E743D22636F6E646974696F6E222069643D2242504D4E53686170655F636F6E646974696F6E223E0A20202020202020203C6F6D6764633A426F756E6473206865696768743D2234302E30222077696474683D2234302E302220783D223334352E302220793D223138302E30222F3E0A2020202020203C2F62706D6E64693A42504D4E53686170653E0A2020202020203C62706D6E64693A42504D4E53686170652062706D6E456C656D656E743D2273746F70222069643D2242504D4E53686170655F73746F70223E0A20202020202020203C6F6D6764633A426F756E6473206865696768743D2232382E30222077696474683D2232382E302220783D223531302E302220793D223138362E30222F3E0A2020202020203C2F62706D6E64693A42504D4E53686170653E0A2020202020203C62706D6E64693A42504D4E456467652062706D6E456C656D656E743D227369642D44413638384642352D354336332D343933432D414141412D313433423630383345303545222069643D2242504D4E456467655F7369642D44413638384642352D354336332D343933432D414141412D313433423630383345303545223E0A20202020202020203C6F6D6764693A776179706F696E7420783D223336352E31373331363031373331363031372220793D223132352E30222F3E0A20202020202020203C6F6D6764693A776179706F696E7420783D223336352E343133303433343738323630392220793D223138302E3431333034333437383236303837222F3E0A2020202020203C2F62706D6E64693A42504D4E456467653E0A2020202020203C62706D6E64693A42504D4E456467652062706D6E456C656D656E743D227369642D45354631434434332D344341302D344231322D383035362D303535363241383843373933222069643D2242504D4E456467655F7369642D45354631434434332D344341302D344231322D383035362D303535363241383843373933223E0A20202020202020203C6F6D6764693A776179706F696E7420783D2237352E302220793D2239302E30222F3E0A20202020202020203C6F6D6764693A776179706F696E7420783D223131322E352220793D2239302E30222F3E0A20202020202020203C6F6D6764693A776179706F696E7420783D223131322E352220793D2238352E30222F3E0A20202020202020203C6F6D6764693A776179706F696E7420783D223135302E302220793D2238352E30222F3E0A2020202020203C2F62706D6E64693A42504D4E456467653E0A2020202020203C62706D6E64693A42504D4E456467652062706D6E456C656D656E743D227369642D37413637304633362D413531332D343334442D394338302D314235443737374235393230222069643D2242504D4E456467655F7369642D37413637304633362D413531332D343334442D394338302D314235443737374235393230223E0A20202020202020203C6F6D6764693A776179706F696E7420783D223338352E302220793D223230302E30222F3E0A20202020202020203C6F6D6764693A776179706F696E7420783D223531302E302220793D223230302E30222F3E0A2020202020203C2F62706D6E64693A42504D4E456467653E0A2020202020203C62706D6E64693A42504D4E456467652062706D6E456C656D656E743D227369642D43354234304335342D393233442D343830432D414530322D363046323641414545383433222069643D2242504D4E456467655F7369642D43354234304335342D393233442D343830432D414530322D363046323641414545383433223E0A20202020202020203C6F6D6764693A776179706F696E7420783D223335332E313331363732353937383634382220793D223139312E3836383332373430323133353234222F3E0A20202020202020203C6F6D6764693A776179706F696E7420783D223235302E302220793D223131392E3839343235393831383733313131222F3E0A2020202020203C2F62706D6E64693A42504D4E456467653E0A2020202020203C62706D6E64693A42504D4E456467652062706D6E456C656D656E743D227369642D39374232393435442D323143302D343041352D384439382D444541464431414546364636222069643D2242504D4E456467655F7369642D39374232393435442D323143302D343041352D384439382D444541464431414546364636223E0A20202020202020203C6F6D6764693A776179706F696E7420783D223235302E302220793D2238352E30222F3E0A20202020202020203C6F6D6764693A776179706F696E7420783D223331352E302220793D2238352E30222F3E0A2020202020203C2F62706D6E64693A42504D4E456467653E0A202020203C2F62706D6E64693A42504D4E506C616E653E0A20203C2F62706D6E64693A42504D4E4469616772616D3E0A3C2F646566696E6974696F6E733E, 0);
INSERT INTO `ACT_GE_BYTEARRAY` VALUES ('5003', 1, '请假流程.process.png', '5001', 0x89504E470D0A1A0A0000000D4948445200000224000000E60806000000E54C9EE600001A634944415478DAEDDD097854E5BDC7F1A058C515AF685DD0A2E873B9D7FD8AD65AABD4A52E57A24587C39949424C69523744101FAAB5504011B98AFBADC5D64AB1687141111108882C8262A952111505592210E4A22020457DEFFB3B9D939E0C33219364E60C33DFCFF3FC9F4C6609E399BFFFF39FF7BCE73D4545000000000000000000000000000000000000000000000000000000000000000000000000000000000000000000000000000000000000000000000000000000000000000000000000000000000000000000000000000000000000000000000000000000000000000000000000000000000000000000000000000000000000000000000000000000000000000000000000F9C818D37AE9D2A5E3E6CD9BF7CDB469D3CCD4A953892C477575B5993973E667364AC84872929C04509054F867CD9A656A6B6BCDB66DDB889062DDBA75E6B5D75EFBC2EE08AE2227C949721240C1D1B7500A7FCEEC00B6D96FA78BC94972929C04507034244EE1CD9DB0C57F3B39494E9293000A8E8E17537473AAF81B72929C24270150FC53C4979FAF364BE73F6E16550FF642B7751F059BE24F4E9293009095E2BF69438D7977F2EDE69D89FDEB85EED363146D8A3F39494E0240C68BFFCA452FEE50F8FD58B56802459BE24F4E92930090F9E2BFF8D5E1298BBF1EA36853FCC949721200325EFCDF9D3A2865F1D763146D8A3F39494E0200C59FE24F4E9293E42480FC2FFE3A832155F1D763146D8A3F39494E0240C68BFF92390FA52CFE7A8CA24DF12727C94900C878F15F5FB3D0BC3B65E08E43E3F63E3D46D1A6F89393E4240064BCF82B96BD357A87E2AFFB28D8147F72929C0480EC14FFAFBE324B5EFFDF1D87C6ED7D7A8CA24DF12727C94900C868F1D7AA971FCE7930E5F17A3DC6CA98147F72929C0480CC147FFB2D73F592E9E6EFAFDC9AB2F0FBA1E7E8B97C33A5F89393E42400B458F1DFD93750BE9952FCC949721200325EFC1BF30DB4A16FA614718A3F39494E0240B38B7F530BBF1F14718A3F39494E0240B38B3F41F1272709721200C59FE24F4E920BE424008A3F41F1272709721200C59FE24F4E920BE424008A3F41F1272709721200C59FE24F4E920BE424008A3F41F1272709721200C59FE24F4E920BE424008A3F41F1272709721205C718B3D7C2850BAB9E78E289D7EEBAEBAE2F7AF7EEBDBDBCBCDCF4E8D1C39494947C7BCD35D76CBBEDB6DB960E1F3E7C8C8D7F678B51FC29FEE424414E022DDA883CFBECB3A3870C19B2BD4F9F3EE6D1471F35F3E6CD3335353566EBD6AD46F4B3B6B6D6FCF5AF7F35B6613137DE78E3B737DD74D327959595BDD882147F8A3F3949909340B3D8C6A362E8D0A15FF5EFDFDF6B36BEFEFA6BD3586FBFFDB6193060C0D75555558B2391C8B16C4D8A3FC59F9C24C84920DD5191D62FBCF0C2F45FFCE21766C28409693522895E79E515535151B185D1128A3FC59F9C24C84920AD6664C68C196FDE70C30DE6C30F3F342DE1934F3E31B6B9D9D2AB57AFEBD8C2147F8A3F39499093C04E696444CD88E684B424FDBDCACACA4DAEEB96B095FFC56E8FA936CEA6F853FCC949829C04E234674487695A6A6424D948495959D9065BEC3AB1B5FF49672929B413701CE74C8A3FC59F9C24C84914FAA19ABD060F1EBC4D73463269E2C4895B62B1D85CB678FDE21F8849C9BE9D52FC29FEE42441438282F0FCF3CF3FA9B369FEF18F7F984CBBF6DA6BD770E82665F1AFFB761ADC0950FC29FEE42441438282181DD13A233AB5371BDE79E79D6D8C92345CFC83DF4E356C9E2BC57FCB962DE6CB2FBF4CFAD8A64D9B427F0F14FFFCCF497DFE99FE37D6AE5D9BF231ADBB94AD5C27275170B402AB26B236E7F4DE74555454ACB185ADC32E588C4389308AFF6F7EF31B3374E850EFF6430F3D64468E1C69BA75EB664E38E104EFB642F38DF4B86D32CDC1071F6C7EFDEB5F9BAE5DBB7AF1E0830F7ACFF77FFFF4D34F77F83734D979F7DD77F7E61735F73D643372354FF23D27D7AC59630E39E410F3F1C71F9B2953A6984824522FC68E1DEB3DEFF5D75F37F7DF7F7FBDF0F330189F7DF699B7C8E3B871E3EA4223C5FBEFBFBFF9CB5FFE52EF7EBF4979F9E597CD71C71DE7DD3EF6D863BDEDA02649DFED3EFAE8231A12A039B41CFC638F3D66B2C9EE48DEB645EDE65C6C4872A4019A6FBF855ED6A54B97D6610D8FBFF1C61BE6BBDFFDAEB9FBEEBBBD46A35FBF7EE6BCF3CE331D3B76F46EDF7CF3CD66D1A245DE73AFBFFE7A73DA69A799582C662EBFFC72535C5C6CAAAAAABC957B955B2AD6CB962DF39EFBD24B2F794D86E257BFFA95F7D82DB7DC52779F1E6FCA7BA0F8E77F4EDE73CF3DE6C73FFEB1777BC1820566C488115E280F5AB56A659E7AEA29EFB13FFFF9CFE6ACB3CE326DDAB4313FFDE94FCDD5575FED3520CAB3C30F3FDC3CF9E4935EDEA949D67F879E77FEF9E7A78C3DF6D8C3CC9933C7AC5FBFDEFCE10F7F301D3A74F09AE8A38E3ACA4C9E3C9986046829BA368D9683CF26FB0DE6135BE026D090345CF47D610D8F6BF461F5EAD5E6BEFBEE33C71C738C69D7AE9DD97BEFBDBDDBA79F7EBAF79CCF3FFFDCB46DDBD6DC7AEBAD5E43D2AB572F6F07A08644EF5B053BD8905456569A934E3AC97B5E595999F758341AF57ED7FD7A3CDDF740F12F8C9CECD4A993A9AEAE36D75D779DD720E83E3515C71F7FBCB9E0820BEA3D5713F48F3CF248EF76EFDEBDCDF7BFFF7D6F14E5A0830EF21A13BF21993973A639FBECB3EB5EF7C5175F78231FAB56ADAABBEF9C73CE317FFBDBDFCCA851A3BC113DBDF6D4534FDDA12199346992D65C6AF0900F3909344017CA53C1CFA6356BD6D4DA42B79286A4AEE8CF755DF78AC4A21F56F11F326488B7B3FFE10F7FE87D13BDF2CA2BBD38E59453CC61871D56F7BB463F54A4558CF51A35241AD138F1C413BDC32D2ADA7A8DC22FF06A3854B457AE5C69DE7DF75DEFB56FBEF9A6F7BBEEF71B9274DE03C53FFF735279B6DF7EFBE9629EDEE1411D6A79E49147BCA643F9A646E3E9A79FAE9BCF3466CC186F34444D871A921FFDE847A6B4B4D47BEDE0C183EB1A123D5F4DC5BEFBEE5B177A6C9F7DF6A9FB5D237DFEFB081EB25143A2BFA7BFAFD7E8B9CA61BFF926278134E9AABDFE85F2B245FF9E2D785B6948927FFB0CBBF8AB4178E08107CC9E7BEEE98D4EE818BCE619054323220B172E343FFFF9CFBD63EE7E43A28B30BEFFFEFB66EEDCB97543EA8AA54B97D635247BEDB59739F0C003BD91151572FDD4EFBADF6F48D2790F14FFFCCF498D64E8109F9A92871F7ED86B9A74E84E733DF4F833CF3CE33DF6DC73CF79734994570ADDA786E1A28B2EF27E1E7AE8A1E677BFFB5DBD86444DC6D1471FED1D8659BC78B1F798468DF5FB99679E59AFE9D5733582A243856A4874184939A8D784918B3424C8BB6F4461C8D5C97AB9F81985313CFEDE7BEF79CD806E6B47A06F85FE363AF7DC73BD89A5FE21154D34F51B12BD460D8A2607B66EDDDAFB56AA6F9BB367CFAE6B48FAF6ED5B37A95585DC9FD4AAFB83876C1AFB1E28FE8591931AD9B08D92D7AC6A52EBBDF7DEEB4D9EF643A3727ADE575F7D65C68F1F6FDAB76F6F366FDE6CFEF8C73F7A39A3432FCA4D3F873427C46F32340745CD4B708444BFEB108DDF9068B2ACE648E971DBB431870468693D7BF6FC36DB2324F67FE035B9384242F1DFB121516EA819D0D0B47FF845DF4C83CD40B021D14EC3BFFF273FF98977BFBE7D6A27E137241A66D78E45C3E82AE49A80A8DF757FB286A431EF81E29FDF39A97F4F934B0F38E00073F2C9277B87672EBDF45273C6196778236BBAADC339897348D424BCFAEAABDE211C35BC3ADCA7DB0A8DBCF90D89E62469C4442379CA491D26D4EFCA4DBF21D1FC153524CA3DFF900D0D09D0826EB8E1866DD99E4362FF47FF2017E79050FCEB3724DA01A8D0DF76DB6DE6073FF88119366C98179AB49AAA21D16B34E954673AE88C84DD76DBADEED45D858EB1EB2C1C9DE9E00F9DEBDBAD7E775DD73B63A229EF81E29FDF39A979197FFAD39FCCF2E5CBBD66C39F93A4B3B28E38E2887ACFD5E142E5A2724FCDC3C08103BD49AF6A6435F2A1DB0ACD61F21B12FF104FB2483C64139C4392D890FCF297BFF44E1326278126B8FDF6DB9764FB2C1BFB3FF1CBB978960DC5FF5F3171E244AFC8EA6C19CDD5083603FA269AAA215143A19D878EA7EBB08AFE861A0AAD21916C1D92E0219BE6BC078A7F7EE7A4462C347AA6B3AC34595A8761345764C08001DE8456DD567CF0C107DE4FCD31D27BDCB06183F753A1D13B8D9AF8BFFBA78C6B1D1D35BC5A70CFCFC9254B9678BFEBEC2EFF8C1E8DD4A9D15643B262C50AEFF04EF7EEDDCD9D77DEE9BD4623311AF51B3D7A34390934C58811231ECBF63A24F61BCBC45C5C8784E2FFAF50B1D6C263FEFC8D6BAEB9C6BBFDE28B2F7AC7D62B2A2A1A3C64A35329759C5D7F470D89FE46BA0D493AEF81E29FDF39A91A75D34D37798D897ED767DFB973E71D2271744267E368942459D82F633BFC3B6A6052E5A426CE6AAE8946E734C956EB91680D1E352C175E78A1F7BAEF7DEF7BDE280E390934812DF41DEDFF54DF6471A5D6ADD168F4E35C5CA995E29F3C7448CF1F22D7F074E268878EBBABF0AB10FBC7E5D7AD5B57F7B8E68F687D87C4BFABFBF577F5CDB3B9EF81E25F583999A9504E6AD26CB2CB13EC2CEF94E3FE5C29721268A2BE7DFB7E94AD6BD94C9E3C798C6D4666B1D529FE5CC88C9C24C849A09E9FFDEC67917EFDFA6DCFC228C9866834BA80ABFD52FC29FEE424414E02495555552DD4ECF54CD27C158D8EEC6CD12550FC29FEE424414EA240694E474545C5162D7495090B172E7CC1FE1BAB5DD7EDC4D6A6F853FCC949829C04522A2929895555556DD6D90F2D69D5AA55B3A3D1E8720ED550FC29FEE424414E028D128BC52A2A2B2B37B5D448894646D48C388E3380AD4BF1A7F89393043909349A6D1E7A9494947C317EFCF82F9B31D175C33DF7DCF3B80ED3D82867AB52FC29FEE424414E0269D39C9268343AADAAAA6ACD82050BB6A4B3CEC8942953C6DA8666BE26B0326784E24FF127270972126889C6E42A3526E5E5E5B577DD75D7A2D9B3672FAFA9A959ED5F904F17CAD3B569AAABAB5F1A3468D0A4582CB6548D884645389B86E24FF127270972126851B6D168EFBA6E1FDB688CB3B14C57EB8D5FC65B3F57EADA345A0E9E155829FE147F729220270150FC098A3F39494E0200C59FE24F4E12E424008A3F41F12727C94900A0F853FCC949829C0440F12728FEE424390900147F8A3F394990930028FE04C59F9C24270180E24FF1272709721200C59FA0F89393E4240050FC29FEE424414E02A0F813147F72929C04008A3FC59F9C24C84900147F82E24F4E92930040F1CFF7983469120D093949430280E24F84171B376E34A5A5A5A6478F1E1F398EF3BCFD39C475DD2B6C74B2D18E9C2468480050FC89ACC4A851A3D4907C6BC32489D53626D978DC36287DC84982860440DE98366D1A45377762AB2DFEDB6DB3F1448A862418E5E42491AD9CA45202C8B8993367AEAEADADA5F0E640D4D4D43C658BFF621DA2B10DC7D6069A91B95DBA74694D4E12D9CA492A25808C9B3E7DFAE53366CCF87CEDDAB55B28C0E17D0B55E1AFAEAE5E6EE32A7D2EB6291996A219D9A486859C24B29D93009071B6E05C66BF05CDD7D0AC8E1713590F6DF7C5C1C25F5E5EDED6361FEB121B12DB8CBC545959B9073999FBA1CF2B9F72120050A06CF3D12BA11999627FBE64E3AD7C1F25C907FACCD80A00805D9EE689D89DDAB27843B22E12891C1ADFD155DAA8B5711D5B89860400806CECD4AED28ECD719C1EC1FBA3D1E871F6FE793A0DB8A4A4E430B6140D09000099DEB10D4A76564D7C0465A08D35AEEB5EC996A22101002034D168F40CBBF3FB500BA6151717EFC716A12101002014A5A5A5FB388EF35BBB135CEABAEED96C111A120000C2DC09FEB78D4FB58E49219C1E4C430200408E8A442207DB9DE1781B0BECEDFF648BD0900000109AF83A263A3DB8B7FDB5155B848604008050388ED3D1EE185FB7A145D50E678BD0900000108A4824B2BBDD39DEAED3836D8312618BD090000010E60EB2B3EBBAEFDB9FA363B1D8FE6C111A12000042D1B56BD7BD1DC779584BD277EFDEFD1CB6080D090000A1B14DC925768759637F0E8F4422DF618BD0900000100AD775DBD99DE67336DEB6B78F678BD0900000101AC771AED6E9C1B629E953C4E9C134240000842512891C6D77A0B36D54C762B1F66C111A120000C26A4A747AF0AD36D6DA70D8223424000084C6719CFFB23BD3C5AEEB8EB14DCA016C111A12000042611B91367687FAA08DE536BAB04568480000084D341ABDC8EE5857398EF33F975C72C99E6C111A1200004251565676906D489EB13BD87762B1D8896C111A12000042E3BA6ECFF8E9C1FD8A383D98860400801077B21D6CCCB44DC974FBF348B6080D090000A1183468D06E8EE30C889F1E1C658BD090000010E60EF754D77517D9185B5E5EDE962D4243020040286C23B2976D48EEB33BDF1536CE678BD0900000101ADB945C6877C02B6DDCCBE9C13424000084261289FC9BDD093F6DE3EF8EE39C4C434243020040685CD72DD1E9C1B629E9AF09B03424000020149148E428BB439EA1D06D1A120000108AF8E9C1FDE38BA995D090000080D0683E89E695687E89E699D09000008050E8CC1B9D81A3337174460E0D090000088D6D46CE8BAF5972BFD630A121010000A1D0AAAE5ADD55ABBC6AB5571A12000010E60E3BAAEBE1E8BA38F9787A300D090000BBCE4EFBC8F8958367EA4AC234240000202CAD6C53D22F7E7A704F1A120000109A582C76A2DD89BFE338CE3365656507D19000008050C44F0F1E616355341ABD888604000084B933EF62E3131B0F46229136342400002014B61139C075DD3176C7BE381A8D9E4643020000C2DCB13B3A3DD8C6ADB649D99D860400008422168BB5B73BF86A1BB36D5372740E361F13D480EC24E6F3490200B0EBD3E9C17D747AB0E33857E75843D2D9C6F6861A12FB9E2FE3230400204FD8A6E478BB837FDBC673F676BB1C6A4A2635D090CCEDD2A54B6B3E3D0000F2482412F98EE338C3ED8EBEC6FEBC24471A92CEA91A12DB385DC1A70600409EEADEBDFB397687BFCCC6235DBB76DD3B079A92647349E6333A0200409E8BC562FBDB9DFE68D775DFD72845C80DC90E7349983B02004001B13BFE886D00D6D8B83DCCD383EDFB789ED11100000A986D000EB731D9C6EBB631E8185243726660EEC8C57C2A000014A656B619E81DBF7A70AF901A236F2E09A32300001438C771FEC336050B6CBC1089440ECE7243D2B95BB76EACD40A00008A8A2A2B2BF7B0CDC19D363ECDF2E4521DAA31F19F000000DE626A67DBA664A96D4A7E5B5A5ABA4F86FFB90B6C6CB03132FE93B36C0000C03F151717EF679B92C76D7C188D46CFC87033E237211A21594753020000EA711CA75BFCF4E0812D3CE934B119D9D9FD0000A0909594941C16BFF6CCBC68347A5C0BFCC98B77D274F88F33A7040000D4671B92EB747AB08DCA16684676D66C30528216178BC5DA3B8E73BDCDE1713696D8D8145F0767AB2EAB105FA8EF663D8FAD050039CC75DD4EB660BFA5B5434A4B4B0F49F3E51714A537F291EEF38154797B858DA936B6357095E9C478D53EBF84AD0700394AA707DB423D54A707DB284EB3B94877C443AFDB445382A6B0F9D9C1E6EA2B693421C9625624123996AD0900B95BECCFB2F1B1E338A376727A70730FBF70F80669B379D9231A8DFE5FB0B988C56266D8B06166FAF4E966C58A1566E3C68D46366FDE6C6A6A6ACC9C3973CCC891238DCDE7C4A66413A3250090C3EC37C77D6DB1FEBD8EC7EBBA34499EB2B309AC8DD5527F0785D18C5C661B88AF838DC89831634C6D6DAD698C0D1B3678CFD7EB828D49589757000034928ED1DB82BDDAC6E0C0E9C12D7DB60C2325684C33D223D88CF4EDDBD71B0D690ABDAE7FFFFE894D0923250090CB2291C8A1766730D116ED373B76EC589ED08CB4B2D133FE331D89AF63A22B52D29C91E0619A810307D61D96692A1DCEB9E38E3B120FDF74626B03408E3BF7DC73EF2F2E2EFEA64D9B3657069A8ADF17FDF37A35BF4FA32949F53A9A1224659B91EAE0C848739B916053923052328BAD0D00B9CD6B1602CD48517C84C304A2314D49B019F1A32CF038734A504FFCB061DD9C91A61EA669E8F04D704E09876E002077A56A129235170D3525C99EFF5892E733A704C18664AADF2C68426A268C1D3B96511200D8459A918BD368329235258D6D46129B120EDFE471A3A12B5037F41CADACEA4F64D528C6FAF5EB33D290E8EC9B8453823BF0090140EE686C53B0B3A624DD6624F8EF7395E03C1538443235C5A9E545F1E5E0BDE7DD7DF7DD2693B44E49A021B9994F080072AB19696C3390AA29D9AD89CD48E2080D4D499E3624819894386212BF368DF7F88C193332DA9068F1B4C07B99C0270400BB5E33D25053F241339A91E6BE1FEC5A0D49DD8889DF98C42F94E7DDDFD29359136945D7C0FB58C9270400E16AEE8844B2A6A439CD486253C29C923C6F4882232636B6F8BFB7D4A9BE0D9D021CF8B7B7F209014078DAC61B8791CDFC3BBB251919F9207E7F738C6CE6C5D4885D38B221F8EF510E00203746489A3A12D1D008493A8BA7314252B82324F375CD1A5DAA40ABA732420200854B3BFF4D45999943D294A684392485D190D4352281E730870400684AD21A9148756A6FB2B36CD2694A38CB26FF1B92B95A8D35D888049EC359360080468F4CEC6C9D91745774F5752E621D927C6E4876181149C43A240080C68E503476D1B3749B12FFB0D1157C04854B2BB5DAE6607B36566A2D2929F996955A0160D71C29497705D6C63625FEBF473302AE650300D861A424F1F049CFA2F4D719E16ABF48B721C9F8D57EA3D1E8B75CED170076ADA62438D135D85CA4B3E859AAD7716A2F92B28DC2AB7EC3D0B76FDF163B0558A7FAF6EBD7EFEBE0E84843735A0000B923F1F04DABF80847BAA7F226BEAEB9EB9F20BF1B920E36D6F98DC3C081039BDD94A819B9E38E3B82F34636B9AEDB89AD0D00BB6E53D25CC90E0701F5388ED3C39FE0EA8F9434F5F08D5E973032C2A11A0028F0A68445CFD068B671280F36259A53A289AE3A4BA6B167D368026B70CE88C2363B03D8BA00B0EB6AEE61160ED3206D1A29B1B121D850A831D13A255A3C4DA31FFEE11C1D96D10AAC5AF4EC81071E303D7BF6FC266175582D4D5FCE560580FC694AD21DE160022B9A4C734A82A70337316631670400F24BBA875D384C83966A4CAE8A3726DBD36944342AC2D9340050D84D899683670556B428ADE86A1B933EF16BDF2CD3D57AFDABF6EA4279BA368D968367055600280C17C79B8D8B1B787C1DCD080000C8B45423251CA6010000A136253423000020D4A66424CD0800000893E68C98224EED050000216BCB260000000000000000000000000000000000000000000000000000E4A3FF07D4428780E5B13AA60000000049454E44AE426082, 1);
INSERT INTO `ACT_GE_BYTEARRAY` VALUES ('60002', 1, '请假流程.bpmn20.xml', '60001', 0x3C3F786D6C2076657273696F6E3D22312E302220656E636F64696E673D225554462D38223F3E0A3C646566696E6974696F6E7320786D6C6E733D22687474703A2F2F7777772E6F6D672E6F72672F737065632F42504D4E2F32303130303532342F4D4F44454C2220786D6C6E733A7873693D22687474703A2F2F7777772E77332E6F72672F323030312F584D4C536368656D612D696E7374616E63652220786D6C6E733A7873643D22687474703A2F2F7777772E77332E6F72672F323030312F584D4C536368656D612220786D6C6E733A61637469766974693D22687474703A2F2F61637469766974692E6F72672F62706D6E2220786D6C6E733A62706D6E64693D22687474703A2F2F7777772E6F6D672E6F72672F737065632F42504D4E2F32303130303532342F44492220786D6C6E733A6F6D6764633D22687474703A2F2F7777772E6F6D672E6F72672F737065632F44442F32303130303532342F44432220786D6C6E733A6F6D6764693D22687474703A2F2F7777772E6F6D672E6F72672F737065632F44442F32303130303532342F44492220747970654C616E67756167653D22687474703A2F2F7777772E77332E6F72672F323030312F584D4C536368656D61222065787072657373696F6E4C616E67756167653D22687474703A2F2F7777772E77332E6F72672F313939392F585061746822207461726765744E616D6573706163653D22687474703A2F2F7777772E61637469766974692E6F72672F70726F63657373646566223E0A20203C70726F636573732069643D2270726F636573732220697345786563757461626C653D2274727565223E0A202020203C73746172744576656E742069643D227374617274223E3C2F73746172744576656E743E0A202020203C757365725461736B2069643D226170706C7922206E616D653D22E8AFB7E58187E794B3E8AFB7222061637469766974693A61737369676E65653D22247B656D706C6F7965657D222061637469766974693A666F726D4B65793D226C656176652D73746172742E666F726D223E0A2020202020203C657874656E73696F6E456C656D656E74733E0A20202020202020203C61637469766974693A666F726D50726F70657274792069643D2273746172744461746522206E616D653D227374617274446174652220747970653D22646174652220646174655061747465726E3D224D4D2D64642D797979792068683A6D6D222072657175697265643D2274727565223E3C2F61637469766974693A666F726D50726F70657274793E0A20202020202020203C61637469766974693A666F726D50726F70657274792069643D22656E644461746522206E616D653D22656E64446174652220747970653D22646174652220646174655061747465726E3D224D4D2D64642D797979792068683A6D6D222072657175697265643D2274727565223E3C2F61637469766974693A666F726D50726F70657274793E0A20202020202020203C61637469766974693A666F726D50726F70657274792069643D22726561736F6E22206E616D653D22726561736F6E2220747970653D22737472696E67222072657175697265643D2274727565223E3C2F61637469766974693A666F726D50726F70657274793E0A2020202020203C2F657874656E73696F6E456C656D656E74733E0A202020203C2F757365725461736B3E0A202020203C73657175656E6365466C6F772069643D227369642D45354631434434332D344341302D344231322D383035362D3035353632413838433739332220736F757263655265663D22737461727422207461726765745265663D226170706C79223E3C2F73657175656E6365466C6F773E0A202020203C757365725461736B2069643D22617070726F766522206E616D653D22E7BB8FE79086E5AEA1E689B9222061637469766974693A63616E64696461746547726F7570733D22E983A8E997A8E7BB8FE79086223E3C2F757365725461736B3E0A202020203C73657175656E6365466C6F772069643D227369642D39374232393435442D323143302D343041352D384439382D4445414644314145463646362220736F757263655265663D226170706C7922207461726765745265663D22617070726F7665223E3C2F73657175656E6365466C6F773E0A202020203C6578636C7573697665476174657761792069643D22636F6E646974696F6E223E3C2F6578636C7573697665476174657761793E0A202020203C73657175656E6365466C6F772069643D227369642D44413638384642352D354336332D343933432D414141412D3134334236303833453035452220736F757263655265663D22617070726F766522207461726765745265663D22636F6E646974696F6E223E3C2F73657175656E6365466C6F773E0A202020203C73657175656E6365466C6F772069643D227369642D43354234304335342D393233442D343830432D414530322D3630463236414145453834332220736F757263655265663D22636F6E646974696F6E22207461726765745265663D226170706C79223E0A2020202020203C636F6E646974696F6E45787072657373696F6E207873693A747970653D2274466F726D616C45787072657373696F6E223E3C215B43444154415B247B61677265653D3D66616C73657D5D5D3E3C2F636F6E646974696F6E45787072657373696F6E3E0A202020203C2F73657175656E6365466C6F773E0A202020203C656E644576656E742069643D2273746F70223E3C2F656E644576656E743E0A202020203C73657175656E6365466C6F772069643D227369642D37413637304633362D413531332D343334442D394338302D3142354437373742353932302220736F757263655265663D22636F6E646974696F6E22207461726765745265663D2273746F70223E0A2020202020203C636F6E646974696F6E45787072657373696F6E207873693A747970653D2274466F726D616C45787072657373696F6E223E3C215B43444154415B247B61677265653D3D747275657D5D5D3E3C2F636F6E646974696F6E45787072657373696F6E3E0A202020203C2F73657175656E6365466C6F773E0A20203C2F70726F636573733E0A20203C62706D6E64693A42504D4E4469616772616D2069643D2242504D4E4469616772616D5F70726F63657373223E0A202020203C62706D6E64693A42504D4E506C616E652062706D6E456C656D656E743D2270726F63657373222069643D2242504D4E506C616E655F70726F63657373223E0A2020202020203C62706D6E64693A42504D4E53686170652062706D6E456C656D656E743D227374617274222069643D2242504D4E53686170655F7374617274223E0A20202020202020203C6F6D6764633A426F756E6473206865696768743D2233302E30222077696474683D2233302E302220783D2234352E302220793D2237302E30223E3C2F6F6D6764633A426F756E64733E0A2020202020203C2F62706D6E64693A42504D4E53686170653E0A2020202020203C62706D6E64693A42504D4E53686170652062706D6E456C656D656E743D226170706C79222069643D2242504D4E53686170655F6170706C79223E0A20202020202020203C6F6D6764633A426F756E6473206865696768743D2238302E30222077696474683D223130302E302220783D223135302E302220793D2234352E30223E3C2F6F6D6764633A426F756E64733E0A2020202020203C2F62706D6E64693A42504D4E53686170653E0A2020202020203C62706D6E64693A42504D4E53686170652062706D6E456C656D656E743D22617070726F7665222069643D2242504D4E53686170655F617070726F7665223E0A20202020202020203C6F6D6764633A426F756E6473206865696768743D2238302E30222077696474683D223130302E302220783D223331352E302220793D2234352E30223E3C2F6F6D6764633A426F756E64733E0A2020202020203C2F62706D6E64693A42504D4E53686170653E0A2020202020203C62706D6E64693A42504D4E53686170652062706D6E456C656D656E743D22636F6E646974696F6E222069643D2242504D4E53686170655F636F6E646974696F6E223E0A20202020202020203C6F6D6764633A426F756E6473206865696768743D2234302E30222077696474683D2234302E302220783D223334352E302220793D223138302E30223E3C2F6F6D6764633A426F756E64733E0A2020202020203C2F62706D6E64693A42504D4E53686170653E0A2020202020203C62706D6E64693A42504D4E53686170652062706D6E456C656D656E743D2273746F70222069643D2242504D4E53686170655F73746F70223E0A20202020202020203C6F6D6764633A426F756E6473206865696768743D2232382E30222077696474683D2232382E302220783D223531302E302220793D223138362E30223E3C2F6F6D6764633A426F756E64733E0A2020202020203C2F62706D6E64693A42504D4E53686170653E0A2020202020203C62706D6E64693A42504D4E456467652062706D6E456C656D656E743D227369642D44413638384642352D354336332D343933432D414141412D313433423630383345303545222069643D2242504D4E456467655F7369642D44413638384642352D354336332D343933432D414141412D313433423630383345303545223E0A20202020202020203C6F6D6764693A776179706F696E7420783D223336352E31373331363031373331363031372220793D223132352E30223E3C2F6F6D6764693A776179706F696E743E0A20202020202020203C6F6D6764693A776179706F696E7420783D223336352E343133303433343738323630392220793D223138302E3431333034333437383236303837223E3C2F6F6D6764693A776179706F696E743E0A2020202020203C2F62706D6E64693A42504D4E456467653E0A2020202020203C62706D6E64693A42504D4E456467652062706D6E456C656D656E743D227369642D45354631434434332D344341302D344231322D383035362D303535363241383843373933222069643D2242504D4E456467655F7369642D45354631434434332D344341302D344231322D383035362D303535363241383843373933223E0A20202020202020203C6F6D6764693A776179706F696E7420783D2237352E302220793D2238352E30223E3C2F6F6D6764693A776179706F696E743E0A20202020202020203C6F6D6764693A776179706F696E7420783D223135302E302220793D2238352E30223E3C2F6F6D6764693A776179706F696E743E0A2020202020203C2F62706D6E64693A42504D4E456467653E0A2020202020203C62706D6E64693A42504D4E456467652062706D6E456C656D656E743D227369642D37413637304633362D413531332D343334442D394338302D314235443737374235393230222069643D2242504D4E456467655F7369642D37413637304633362D413531332D343334442D394338302D314235443737374235393230223E0A20202020202020203C6F6D6764693A776179706F696E7420783D223338352E302220793D223230302E30223E3C2F6F6D6764693A776179706F696E743E0A20202020202020203C6F6D6764693A776179706F696E7420783D223531302E302220793D223230302E30223E3C2F6F6D6764693A776179706F696E743E0A2020202020203C2F62706D6E64693A42504D4E456467653E0A2020202020203C62706D6E64693A42504D4E456467652062706D6E456C656D656E743D227369642D43354234304335342D393233442D343830432D414530322D363046323641414545383433222069643D2242504D4E456467655F7369642D43354234304335342D393233442D343830432D414530322D363046323641414545383433223E0A20202020202020203C6F6D6764693A776179706F696E7420783D223335332E313331363732353937383634382220793D223139312E3836383332373430323133353234223E3C2F6F6D6764693A776179706F696E743E0A20202020202020203C6F6D6764693A776179706F696E7420783D223235302E302220793D223131392E3839343235393831383733313131223E3C2F6F6D6764693A776179706F696E743E0A2020202020203C2F62706D6E64693A42504D4E456467653E0A2020202020203C62706D6E64693A42504D4E456467652062706D6E456C656D656E743D227369642D39374232393435442D323143302D343041352D384439382D444541464431414546364636222069643D2242504D4E456467655F7369642D39374232393435442D323143302D343041352D384439382D444541464431414546364636223E0A20202020202020203C6F6D6764693A776179706F696E7420783D223235302E302220793D2238352E30223E3C2F6F6D6764693A776179706F696E743E0A20202020202020203C6F6D6764693A776179706F696E7420783D223331352E302220793D2238352E30223E3C2F6F6D6764693A776179706F696E743E0A2020202020203C2F62706D6E64693A42504D4E456467653E0A202020203C2F62706D6E64693A42504D4E506C616E653E0A20203C2F62706D6E64693A42504D4E4469616772616D3E0A3C2F646566696E6974696F6E733E, 0);
INSERT INTO `ACT_GE_BYTEARRAY` VALUES ('60003', 1, '请假流程.process.png', '60001', 0x89504E470D0A1A0A0000000D4948445200000224000000E60806000000E54C9EE600001A5B4944415478DAEDDD0B7454D5BDC7F1A0F8C027F571576BF12E2CBA445DD6C7A5D6BAAC521F152B448A0C2767660231D2D0AA5504E9A25A0B45101415B55AB568292C2C57AD15A4084A401EF2A8582A28C58A8208010C7A511090A2EEBB7FA773B24E869990C964E62433DFCF5AFF95646642C2C97FFDCF7FF6D97B9F921200000000000000000000000000000000000000000000000000000000000000000000000000000000000000000000000000000000000000000000000000000000000000000000000000000000000000000000000000000000000000000000000000000000000000000000000000000000000000000000000000000000000000000000000000000000000000000000008042648C69BB76EDDA67972E5DFAE59C3973CCECD9B3893C477575B559B060C14736E2642439494E02284A2AFC0B172E34B5B5B566CF9E3D4448B175EB56337FFEFC4FED89A03739494E9293008A8EDE8552F85BCC09608F7D77BA9A9C2427C94900454743E214DE9613B6F8EF2527C949721240D1D1F5628A6E8B2AFE869C2427C9490014FF34F1D9279BCDDA6513CCAAEA115EE8733D46C1A6F89393E42400E4A5F8EFD85663DE7AE90EB362C6907AA1C7F41C459BE24F4E92930090F3E2BF61D50BFB147E3F36AE9A4ED1A6F89393E42400E4BEF8AF7EE5EEB4C55FCF51B429FEE424390900392FFE6FCD1E9EB6F8EB398A36C59F9C24270180E24FF12727C949721240E1177FAD604857FCF51C459BE24F4E92930090F3E2BF66D1C3698BBF9EA36853FCC949721200725EFC3FAE5969DE7A79D8BE43E3F6313D47D1A6F89393E42400E4BCF82BD6BD3E699FE2AFC728D8147F72929C0480FC14FFCF3F376B163FBAEFD0B87D4CCF51B429FEE424390900392DFEDAF5F29D45BF4D7BBD5ECFB13326C59F9C2427012037C5DFBECBDCBC66AE7973D66D690BBF1F7A8D5ECB3B538A3F39494E0240B315FFFDBD03E59D29C59F9C24270120E7C5BF31EF401B7A674A11A7F89393E42400645DFC9B5AF8FDA08853FCC949721200B22EFE04C59F9C24C84900147F8A3F39492E90930028FE04C59F9C24C84900147F8A3F39492E909340BE19630E5DB972E580891327CE1F3366CCA737DD74D3DE8A8A0A53565666E2F1F8573FFBD9CFF6DC7EFBED6BEFBEFBEEC9364EE58851FC29FEE424414E02CDDA883CF7DC7393EEBCF3CEBD03070E348F3FFEB859BA74A9A9A9A931BB77EF36A28FB5B5B5E6EF7FFFBBB10D8BB9F9E69BBFBAE5965BDEAFAAAAEACF11A4F853FCC949829C04B2621B8FCA9123477E3E64C810AFD9F8E28B2F4C63BDF1C61B66E8D0A15F0C1830607524123999A349F1A7F89393043909643A2AD276DAB469737FFAD39F9AE9D3A767D488249B356B96A9ACACDCC56809C59FE24F4E12E424905133326FDEBCD77EFEF39F9B77DE79C73487F7DF7FDFD8E66657FFFEFD6FE00853FC29FEE424414E02FBA5911135239A13D29CF4EF555555ED705D37CE51A6F853FCC949829C04D2D29C115DA669AE91915423257DFBF6DD669B92CE1C6D8A3FC59F9C24C84920D5A59A43478C18B14773467269C68C19BB62B1D8128E38C59FE24F4E12E424B08FE79F7FFE29ADA6F9F7BFFF6D72EDFAEBAFDFC2A51B8A3FC59F9C24C849609FD111ED33A2A5BDF9B062C58A3D8C9250FC29FEE424414E02F56807564D64CD66796FA62A2B2BB7949595752CF663EFBAEE6C1B1752FC29FEE424414EA2E8693BF8279E78C2E4D3B871E3DEB00DC9ADC57EECB5F5BE422701C771CEA7F853FCC949829C44D1D2BD69B41D7C3E2D5EBCF87D5BF4A6D390FCA7F8076266AA77A7147F8A3F3949D090A0E0E946799B376FCE6B43B265CB965A5BE836D090EC53FCEBDE9D064F02147F8A3F3949D090A0E0E9AEBDFE8DF2F2453FCF16B9DD3424A98B7FF0DDA986CDC328FEFA1B7DFEF9E7F51EDBB4699379F7DD77F779AD5E97EAF1FDC5AE5DBBCC7BEFBD673EFBECB3AC7F078A7FE1E7A442FB19E5F2DFD7268E7FFBDBDFD23EFFD1471F99D5AB577B9F6FD8B0C17CFAE9A75E9E6AFFA674794C4E021914A03034A2F0118908A3F8DB938EF7B3B76FDF6E74A7E79B6FBED97CEF7BDF33DFFCE637BDCF154B962CF15E3B63C60CD3B66D5BD3BD7B7773E699677AA189D2DFFEF6B7EBBEFEE73FFFB9CFCF58B3668D8AA8F9C73FFE91F5EF90CF2027C3C9C9B7DE7ACB1C70C00166E1C285E68F7FFCA339EFBCF3EAC53DF7DCE3BD6EEAD4A966D0A04175A10D1FFD3C0C869A61351763C78EAD8B1E3D7A783F63CC9831F51EF79BE0A79E7ACA1C7FFCF1DEE7471F7DB479FAE9A7BDBB9F2B8F5F7FFD751A12201BFDFAF5FB2ADF2324F69DF11646481A7C37BACC9E8CBB77EDDAB56D58C3E373E7CE35C71C738CE9DFBFBFB6FD37D75C738DE9DCB9B3578CF579EFDEBDBDBB40EBB5575F7DB5F9D6B7BE65AEBAEA2A73F9E5979B1FFCE007DE6BFEF0873F98071F7CD02BD6CB972FF75EFBF8E38F9B9FFCE4275EE8FFAAE7F45AFFB1471F7DB449BF03C5BFF073520DE8B9E79EEB7DAE46D46F1662B19897478F3DF698F7DCF8F1E3CD77BEF31DAF49FEF18F7F6C7EF8C31F7A3979C30D3798F6EDDB9BDFFFFEF7DEEBD58C3CFBECB3DEEB2EBDF4D2B4A1D7BEF8E28B66DDBA75E697BFFCA5F76FCC9F3F9F8604686EF69DEC9E7CCF21D9B469D3BF984392B2F8D72BFA615FAF7FF3CD37CDFAF5EBCD881123BC8643CDC1C1071FEC7D7EDA69A7D50DA1ABA05F7FFDF55E43D2AD5B37EF04A013814E0C0F3CF040BD86A44F9F3EE6D4534FF59A8C482452D790E86B3DAEE733FD1D28FE859F931A253BF6D863BD06E0C20B2F34CF3CF38CF7B846D78E3BEE3873D65967D5BBBC3769D22473E491477A9FDB375DA653A74EE6FCF3CF37871C7288E9D5AB575D433273E64C2FEFD45428F4EF299F5F79E595BAC7CE38E30C6F54E6DE7BEFF5464FF4BD279D7492D790FCE94F7F321B376EF41E1B356A94B9E8A28BCCAA55ABC849A029EEB8E38E35F95E65F3D24B2FBDC82A9B7AC57F89EBBA3D938B7E58C5BFB2B2D21B8550BCF0C20BA64B972E5E9C70C2095E91F7BFFEF5AF7FED858AB186C6D590E8A4A1E1703528679F7D765DBCFDF6DB750D895EB760C102EFA4A2EF9D3871A2F7B51EF71B924C7E078A7FE1E7E4EDB7DFEEE5CA77BFFB5DEFEFAFD1088D98B46BD7CE6B4E0F3CF0402F1734DAAB0661D8B061E6B0C30E338B162DD23DB4BC5C51E37BC4114798A14387D63524FE65187D9D2EEEBBEFBEBADF23F9928D9EFFFEF7BFEF7D3CF4D043CDB5D75E9BF2F224390934C2D8B1639FC8F73E24B658CC601F12AFF8A77CF71976F15711D7357415595D67BFEDB6DB4C696969BDB0272B6FD4C37FB7E93724BA8C326BD62C3365CA14AF29F1C3BFB4A28643EF52BFF6B5AFD515749D24F4B51EF71B924C7E078A7FE1E7A47D13E3CD4B523EDC75D75D5E6372E289277ACDAC464634A7440D819A075DF60B3614F178DC9C73CE39A667CF9E5E03A35C4D6E4834F2A626479766F49C9A657DAD9195E4864479AB26591F870F1FEE8DA6E87BD45473C906C8C2AF7EF5AB4E37DE78E39779DCA97577341A7D8F9D5A1B2F8C4B368B172FF68AAC5611D8FCF08ABFFFEEF9820B2EF02696EA75CB962D33F6E465060F1EEC3524071D749039EAA8A38CFD1B7BDFAFC6A14D9B36DEC457BF21B9EEBAEB524E6AD5E3C14B368DFD1D28FEC59193E5E5E5DE1C225D8E79E8A187BC465779E7879A617F65D6840913BC91949D3B779A471E79C4CB195DB251D3E2E7904652321921D17C13CD61D163575C71057348805CB0EF18DECDD7BD6CEC3B9DC9B6182CE4A8B78E8644F337D40C68DE86463114871F7E78BD66E0924B2EA96B48B4A24185FE934F3EF1DEC5FEE8473FF286B877ECD851D790684444D7E03B74E8E0FD0CFD5BFA5A8FA76A481AF33B50FC0B3B279F7CF2C9BA06E1F4D34F370F3FFCB0975BBA1CA886579F6B0424388744976C34E23179F2643372E4486F5E93724C9F2BB454D76F489453CA37ADD0D1CFD063FA3A3842A2E734C9557356D2ADB25103444E0259B0EF4C23F684B2370FA324DBEC3BE7E5DCEDB7F534246A1A745D5C8579C080015E68C542BA86C43F69E81DAC0AB93EBFF5D65BEB5EABCB2C975D769957F0FD1538A3478FF6BED609450D4D537E078A7F61E7A4E66568D443F3DDEEBFFF7E6F09B01E57B3A12623F85A8D646872A97247739A949BCA394D4E5553ABCF15AFBDF65AD67348921B1235D4FAFDC849200BB6C8AF9C3E7D7A4EBB11CD57D1E8C8FEAE4F23FC86442B64546475E9450D80DE89AA71D06A17ADA449D7906879AE96474E9B36CD74ECD8D1FB37B41A66C58A1519EF4392C9EF40F12FEC9C546DBAF8E28BBD552E6A2C7EF18B5F78B9A006574D863E5768EE9196FFAAB1D5E88836D2D3325F853681D4E544FFEBEAEAEABA25C4B7DC728BB7B1999F93BA14A9AFF56FFAAFDBB2658BF9CD6F7EE335247A5E1369353745CBDEF53D1AB539E59453BC469B9C04B2A0391D959595BB348C990B2B57AE9C667FC6665B403A73B45B7E43A222AD13BF3ED7E512157E7DAE62AFE2ABE1EF540D89260CEA3AFEC9279FEC6D32A577A19A63A24625F96728D71A6A4832F91D28FE859D931AA5D09C118D90E86B2D19F7575A0543935C83DFA7D55D1A594B155AA5936A27D87439A9C9FF7EDEA941D2C89D1A9F3973E6781BB3E939AD0263D92FD00CE2F178CCBE13DDA9ED939BD3C68D1B5FB5EF72D773A9A6F53424C1D03E35DA265B9FEB1AB9BE4E1EE9D0BC118D8CE81DA91EF3270CFA5BC06BCBED545BC3EB75C9DBC337E577A0F817574EE62A945B6AA2FD394FC1D088899F77A9725693AF1B93CBE424D048B158ACD2BE9BDDD15C23251A195133E238CE508E2EC59F1B999193043909349A6D1ECAE2F1F8A753A74EFD2C8B89AEDBEEBBEFBE09BA4C63A382A34AF1A7F89393043909644C734AA2D1E89C0103066C59BE7CF9AE4CF61979F9E597A7D886669926B0326784E24FF12727097212688EC6A4B71A938A8A8ADA3163C6AC7AF5D557D7D7D4D46CF66FC8A71BE5E9DE34D5D5D57F1D3E7CF8CC582CB6568D884645584D43F1A7F89393043909342BDB6874705D77A06D349EB5B14E77EB4DEC78A88F1B746F1A6D07CF0EAC147F8A3F394990930028FE04C59F9C24270180E24FF1272709721200C59FA0F89393E4240050FC29FEE424414E02A0F813147F72929C04008A3FC59F9C24C84900147F82E24F4E92930040F1A7F8939304390980E24F50FCC94972120028FE147F729220270150FC098A3F39494E0200C59FE24F4E12E424008A3F41F12727C94900A0F853FCC949829C0440F12728FEE424390900147F8A3F394990930028FE04C59F9C24270180E24FF1272709721200C59FC871CC9C399386849CA4210140F127C28BEDDBB79BF2F272535656F6AEE338CFDB8F77BAAEDBD346671BC79193040D09008A3F9197183F7EBC1A92AF6C9814B1D9C64C1B136C8332909C24684800148C3973E650745B4EECB6C57FAF6D3626A669488251414E12F9CA492A25809C5BB060C1E6DADA5A0A6F0B889A9A9AFFB5C57FB52ED1D886637703CDC892AE5DBBB62527897CE524951240CECD9D3BF7EA79F3E67DF2E1871FEEA20087F72E5485BFBABA7ABD8DDEFABBD8A664749A6664871A167292C8774E0240CED982D3DDBE0B5AA6A1595D2F26F21E3AEEAB8385BFA2A2A2BD6D3EB6263724B619F96B5555D541E464CB0FFDBD0A2927010045CA361FFD939A9197EDC7BFDA78BDD047490A81FE661C050040ABA77922F6A4B62ED1906C8D44225F4F9CE8AA6CD4DAB881A344430200403E4E6ABD7562731CA72CF878341A3DC53EBE54CB80E3F1F837385234240000E4FAC4363CD5AA9AC408CA301B5B5CD7BD8623454302004068A2D1E879F6E4F78E364C2B2D2D3D9223424302004028CACBCB0F771CE7317B125CEBBAEE851C111A120000C23C095E656393F6312986E5C134240000B4509148E4787B329C6A63B9FDFC748E080D090000A149EC63A2E5C137D92FDB7044684800000885E3389DEC8971B10D6DAA76024784860400805044229103EDC9F10E2D0FB60D4A842342430200409827C82EAEEBBE6D3F4E8AC5624771446848000008458F1E3D0E731CE7116D49DFA74F9F8B38223424000084C6362557DA13668DFD787724123998234243020040285CD73DCE9E34FF62E30DFBF9191C111A12000042E338CEB55A1E6C9B9281252C0FA6210100202C9148E4247B027DD546752C16EBC011A121010020ACA644CB836FB3F1A10D87234243020040681CC739D79E4C57BBAE3BD936294773446848000008856D44DAD913EA6F6DACB7D19523424302004068A2D1E815F6C4BAD1719C7BAFBCF2CA4338223424000084A26FDFBEC7DA86E4CFF604BB22168B9DC911A12101002034AEEBF64B2C0F1E5CC2F2601A120000423CC976B4B1C0362573EDC7133922342400008462F8F0E107388E3334B13C38CA11A121010020CC13EE39AEEBAEB231A5A2A2A23D47848604008050D846E450DB903C604FBE1FD8B894234243020040686C5372B93D016FB0713FCB8369480000084D241239C69E849FB6F1A6E33867D190D0900000101AD775E35A1E6C9B92219A004B4302000042118944FEDB9E90E729F4390D09000008456279F090C4666A711A120000101ACD27D1BC12CD2FD13C131A120000100AADBCD10A1CADC4D18A1C1A120000101ADB8C5C92D8B3E441ED61424302000042A15D5DB5BBAB7679D56EAF3424000020CC137654F7C3D17D710A7179300D090000ADE7A47D62E2CEC10B7427611A120000109636B629199C581EDC8F860400008426168B9D694FE22B1CC7F973DFBE7D8FA521010000A1482C0F1E6B6363341ABD8286040000847932EF6AE37D1BBF8D4422ED6848000040286C2372B4EBBA93ED897D75341AFD1F1A12000010E689DDD1F2601BB7D926E5401A120000108A582CD6C19EE0AB6DBC6A9B92935A60F3315D0DC87E62197F4900005A3F2D0F1EA8E5C18EE35CDBC21A922E36F636D490D8DFB93B7F4200000A846D4ACEB027F8376CFCC57E7E5C0B6A4A6636D0902CE9DAB56B5BFE7A00001490482472B0E33877DB137D8DFD78650B6948BAA46B486CE3D493BF1A000005AA4F9F3E17D913FE3A1BBFEBD1A3C7612DA0294935976419A323000014B8582C76943DE94F725DF76D8D5284DC90EC339784B923000014117BE28FD806608B8D3BC25C1E6C7F8FE7191D0100A088D906E0041B2FD9586C1B834E213524E707E68E74E3AF020040716A639B819B12770FEE1F5263E4CD25617404008022E738CE69B629586E635A2412393ECF0D49975EBD7AB1532B00002829A9AAAA3AC8360777D9D894E7C9A5BA5463121F010000BCCDD42EB44DC95ADB943C565E5E7E788E7FDC6536B6D91897F8C82A1B0000F01FA5A5A547DAA664828D77A2D1E879396E46FC264423245B694A0000403D8EE3F44A2C0F1ED6CC934E939B91FD3D0E00008A593C1EFF46E2DE334BA3D1E829CDF04F76DB4FD3E13FCF9C120000509F6D486ED0F2601B55CDD08CECAFD960A404CD2E168B75701CE7469BC3CFDA58636347621F9CDDBAAD4262A3BE5BF53A8E1600B460AEEB76B605FB75ED1D525E5EFE5F197EFB6525998D7C64FA7A205DDEF6B431DBC69E06EE329D1CAFD8D7C7397A00D0426979B02DD423B53CD8466986CD45A6231EFABE1D3425680A9B9F1D6DAECECAA00949150B2391C8C91C4D0068B9C5FE021BEF398E337E3FCB83B3BDFCC2E51B64CCE66559341AFDBF6073118BC5CCE8D1A3CDDCB973CD071F7C60B66FDF6E64E7CE9DA6A6A6C62C5AB4C88C1B37CED87C4E6E4A76305A02002D987DE778842DD64FEA7ABCEE4B93E225FB9BC0DA58CDF5EFA0389A91EEB681F822D8884C9E3CD9D4D6D69AC6D8B66D9BF77A7D5FB03109EBF60A008046D2357A5BB037DB1811581EDCDCAB65182941639A91B260333268D0206F34A429F47D43860C496E4A18290180962C12897CDD9E0C66D8A2FD5AA74E9D2A929A913636FA253E6622F9FB98E88AB4346724789966D8B0617597659A4A9773468D1A957CF9A633471B005AB88B2FBEF8C1D2D2D22FDBB56B774DA0A978B2E43FF7AB793283A624DDF7D1942025DB8C54074746B26D46824D49D248C9428E3600B46C5EB31068464A12231C26108D694A82CD881F7D03CF33A704F5242E1BD6CD1969EA659A862EDF04E79470E906005AAE744D42AAE6A2A1A624D5EB9F48F17AE69420D890CCF69B054D48CD852953A6304A0200ADA419E996419391AA29696C3392DC9470F9A6801B0DDD81BAA1D76867557F22AB46313EFEF8E39C34245A7D93B424B8237F210068391ADB14ECAF29C9B41909FE7CEE125CA002974866A7595A5E92D80EDE7BDD3DF7DC637249FB94041A925BF90B0140CB6A461ADB0CA46B4A0E686233923C42435352A00D492066268F9824EE4DE33D3F6FDEBC9C3624DA3C2DF0BB4CE72F0400ADAF1969A829F95716CD48B6BF0F5A5743523762E23726891BE5798F37F764D664DAD135F07B6CE02F0400E1CA7644225553924D3392DC9430A7A4C01B92E088898D5DFED7CDB5D4B7A125C0819FBD9BBF100084A77DA2711897E5BF73408A91917F251ECFC6B82C6FA646B4E2C887E0CFA31C0040CB182169EA4844432324996C9EC60849F18E902CD33D6B74AB02ED9ECA080900142F9DFC7794E4660E49539A12E69014474352D788045EC31C1200A029C9684422DDD2DE54AB6C32694A586553F80DC912EDC61A6C4402AF61950D00A0D12313FBDB6724D31D5D7D5D4AD887A4901B927D464492B10F0900A0B123148DDDF42CD3A6C4BF6CD4933F41F1D24EADB639D89B8F9D5AE3F1F857ECD40A00AD73A424D31D581BDB94F83F8F6604DCCB0600B0CF4849F2E5937E2599EF33C2DD7E91694392F3BBFD46A3D1AFB8DB2F00B4AEA62438D135D85C64B2E959BAEF63692F52B28DC22B7EC33068D0A0665B02ACA5BE83070FFE22383AD2D09C160040CB917CF9A64D628423D3A5BCC9DF97EDFE2728EC86A4A38DAD7EE3306CD8B0AC9B123523A3468D0ACE1BD9E1BA6E678E3600B4DEA6245BA92E0701F5388E53E64F70F5474A9A7AF946DF973432C2A51A0028F2A6844DCFD068B671A80836259A53A289AE5A25D3D8D5349AC01A9C33A2B0CDCE508E2E00B45ED95E66E1320D32A691121BDB820D851A13ED53A2CDD334FAE15FCED16519EDC0AA4DCF1E7AE821D3AF5FBF2F937687D5D6F4151C5500289CA624D3110E26B0A2C934A724B81CB889B190392300505832BDECC2651A345763D23BD198ECCDA411D1A808AB6900A0B89B126D07CF0EAC6856DAD1D536260313F7BE59A7BBF5FA77EDD58DF2746F1A6D07CF0EAC00501CBA259A8D6E0D3CBF9566040000E45ABA91122ED3000080509B129A110000106A53328E66040000844973464C094B7B010040C8DA7308000000000000000000000000000000000000000000000000000085E8FF012EA1E3EE9C5D191A0000000049454E44AE426082, 1);
INSERT INTO `ACT_GE_BYTEARRAY` VALUES ('62502', 1, '请假流程.bpmn20.xml', '62501', 0x3C3F786D6C2076657273696F6E3D22312E302220656E636F64696E673D225554462D38223F3E0A3C646566696E6974696F6E7320786D6C6E733D22687474703A2F2F7777772E6F6D672E6F72672F737065632F42504D4E2F32303130303532342F4D4F44454C2220786D6C6E733A7873693D22687474703A2F2F7777772E77332E6F72672F323030312F584D4C536368656D612D696E7374616E63652220786D6C6E733A7873643D22687474703A2F2F7777772E77332E6F72672F323030312F584D4C536368656D612220786D6C6E733A61637469766974693D22687474703A2F2F61637469766974692E6F72672F62706D6E2220786D6C6E733A62706D6E64693D22687474703A2F2F7777772E6F6D672E6F72672F737065632F42504D4E2F32303130303532342F44492220786D6C6E733A6F6D6764633D22687474703A2F2F7777772E6F6D672E6F72672F737065632F44442F32303130303532342F44432220786D6C6E733A6F6D6764693D22687474703A2F2F7777772E6F6D672E6F72672F737065632F44442F32303130303532342F44492220747970654C616E67756167653D22687474703A2F2F7777772E77332E6F72672F323030312F584D4C536368656D61222065787072657373696F6E4C616E67756167653D22687474703A2F2F7777772E77332E6F72672F313939392F585061746822207461726765744E616D6573706163653D22687474703A2F2F7777772E61637469766974692E6F72672F70726F63657373646566223E0A20203C70726F636573732069643D2270726F636573732220697345786563757461626C653D2274727565223E0A202020203C73746172744576656E742069643D227374617274223E3C2F73746172744576656E743E0A202020203C757365725461736B2069643D226170706C7922206E616D653D22E8AFB7E58187E794B3E8AFB7222061637469766974693A61737369676E65653D22247B656D706C6F7965657D222061637469766974693A666F726D4B65793D226C656176652D73746172742E666F726D223E0A2020202020203C657874656E73696F6E456C656D656E74733E0A20202020202020203C61637469766974693A666F726D50726F70657274792069643D2273746172744461746522206E616D653D227374617274446174652220747970653D22646174652220646174655061747465726E3D224D4D2D64642D797979792068683A6D6D222072657175697265643D2274727565223E3C2F61637469766974693A666F726D50726F70657274793E0A20202020202020203C61637469766974693A666F726D50726F70657274792069643D22656E644461746522206E616D653D22656E64446174652220747970653D22646174652220646174655061747465726E3D224D4D2D64642D797979792068683A6D6D222072657175697265643D2274727565223E3C2F61637469766974693A666F726D50726F70657274793E0A20202020202020203C61637469766974693A666F726D50726F70657274792069643D22726561736F6E22206E616D653D22726561736F6E2220747970653D22737472696E67222072657175697265643D2274727565223E3C2F61637469766974693A666F726D50726F70657274793E0A2020202020203C2F657874656E73696F6E456C656D656E74733E0A202020203C2F757365725461736B3E0A202020203C73657175656E6365466C6F772069643D227369642D45354631434434332D344341302D344231322D383035362D3035353632413838433739332220736F757263655265663D22737461727422207461726765745265663D226170706C79223E3C2F73657175656E6365466C6F773E0A202020203C757365725461736B2069643D22617070726F766522206E616D653D22E7BB8FE79086E5AEA1E689B9222061637469766974693A63616E64696461746547726F7570733D22E983A8E997A8E7BB8FE79086223E3C2F757365725461736B3E0A202020203C73657175656E6365466C6F772069643D227369642D39374232393435442D323143302D343041352D384439382D4445414644314145463646362220736F757263655265663D226170706C7922207461726765745265663D22617070726F7665223E3C2F73657175656E6365466C6F773E0A202020203C6578636C7573697665476174657761792069643D22636F6E646974696F6E223E3C2F6578636C7573697665476174657761793E0A202020203C73657175656E6365466C6F772069643D227369642D44413638384642352D354336332D343933432D414141412D3134334236303833453035452220736F757263655265663D22617070726F766522207461726765745265663D22636F6E646974696F6E223E3C2F73657175656E6365466C6F773E0A202020203C73657175656E6365466C6F772069643D227369642D43354234304335342D393233442D343830432D414530322D3630463236414145453834332220736F757263655265663D22636F6E646974696F6E22207461726765745265663D226170706C79223E0A2020202020203C636F6E646974696F6E45787072657373696F6E207873693A747970653D2274466F726D616C45787072657373696F6E223E3C215B43444154415B247B61677265653D3D66616C73657D5D5D3E3C2F636F6E646974696F6E45787072657373696F6E3E0A202020203C2F73657175656E6365466C6F773E0A202020203C656E644576656E742069643D2273746F70223E3C2F656E644576656E743E0A202020203C73657175656E6365466C6F772069643D227369642D37413637304633362D413531332D343334442D394338302D3142354437373742353932302220736F757263655265663D22636F6E646974696F6E22207461726765745265663D2273746F70223E0A2020202020203C636F6E646974696F6E45787072657373696F6E207873693A747970653D2274466F726D616C45787072657373696F6E223E3C215B43444154415B247B61677265653D3D747275657D5D5D3E3C2F636F6E646974696F6E45787072657373696F6E3E0A202020203C2F73657175656E6365466C6F773E0A20203C2F70726F636573733E0A20203C62706D6E64693A42504D4E4469616772616D2069643D2242504D4E4469616772616D5F70726F63657373223E0A202020203C62706D6E64693A42504D4E506C616E652062706D6E456C656D656E743D2270726F63657373222069643D2242504D4E506C616E655F70726F63657373223E0A2020202020203C62706D6E64693A42504D4E53686170652062706D6E456C656D656E743D227374617274222069643D2242504D4E53686170655F7374617274223E0A20202020202020203C6F6D6764633A426F756E6473206865696768743D2233302E30222077696474683D2233302E302220783D2234352E302220793D2237302E30223E3C2F6F6D6764633A426F756E64733E0A2020202020203C2F62706D6E64693A42504D4E53686170653E0A2020202020203C62706D6E64693A42504D4E53686170652062706D6E456C656D656E743D226170706C79222069643D2242504D4E53686170655F6170706C79223E0A20202020202020203C6F6D6764633A426F756E6473206865696768743D2238302E30222077696474683D223130302E302220783D223135302E302220793D2234352E30223E3C2F6F6D6764633A426F756E64733E0A2020202020203C2F62706D6E64693A42504D4E53686170653E0A2020202020203C62706D6E64693A42504D4E53686170652062706D6E456C656D656E743D22617070726F7665222069643D2242504D4E53686170655F617070726F7665223E0A20202020202020203C6F6D6764633A426F756E6473206865696768743D2238302E30222077696474683D223130302E302220783D223331352E302220793D2234352E30223E3C2F6F6D6764633A426F756E64733E0A2020202020203C2F62706D6E64693A42504D4E53686170653E0A2020202020203C62706D6E64693A42504D4E53686170652062706D6E456C656D656E743D22636F6E646974696F6E222069643D2242504D4E53686170655F636F6E646974696F6E223E0A20202020202020203C6F6D6764633A426F756E6473206865696768743D2234302E30222077696474683D2234302E302220783D223334352E302220793D223138302E30223E3C2F6F6D6764633A426F756E64733E0A2020202020203C2F62706D6E64693A42504D4E53686170653E0A2020202020203C62706D6E64693A42504D4E53686170652062706D6E456C656D656E743D2273746F70222069643D2242504D4E53686170655F73746F70223E0A20202020202020203C6F6D6764633A426F756E6473206865696768743D2232382E30222077696474683D2232382E302220783D223531302E302220793D223138362E30223E3C2F6F6D6764633A426F756E64733E0A2020202020203C2F62706D6E64693A42504D4E53686170653E0A2020202020203C62706D6E64693A42504D4E456467652062706D6E456C656D656E743D227369642D44413638384642352D354336332D343933432D414141412D313433423630383345303545222069643D2242504D4E456467655F7369642D44413638384642352D354336332D343933432D414141412D313433423630383345303545223E0A20202020202020203C6F6D6764693A776179706F696E7420783D223336352E31373331363031373331363031372220793D223132352E30223E3C2F6F6D6764693A776179706F696E743E0A20202020202020203C6F6D6764693A776179706F696E7420783D223336352E343133303433343738323630392220793D223138302E3431333034333437383236303837223E3C2F6F6D6764693A776179706F696E743E0A2020202020203C2F62706D6E64693A42504D4E456467653E0A2020202020203C62706D6E64693A42504D4E456467652062706D6E456C656D656E743D227369642D45354631434434332D344341302D344231322D383035362D303535363241383843373933222069643D2242504D4E456467655F7369642D45354631434434332D344341302D344231322D383035362D303535363241383843373933223E0A20202020202020203C6F6D6764693A776179706F696E7420783D2237352E302220793D2238352E30223E3C2F6F6D6764693A776179706F696E743E0A20202020202020203C6F6D6764693A776179706F696E7420783D223135302E302220793D2238352E30223E3C2F6F6D6764693A776179706F696E743E0A2020202020203C2F62706D6E64693A42504D4E456467653E0A2020202020203C62706D6E64693A42504D4E456467652062706D6E456C656D656E743D227369642D37413637304633362D413531332D343334442D394338302D314235443737374235393230222069643D2242504D4E456467655F7369642D37413637304633362D413531332D343334442D394338302D314235443737374235393230223E0A20202020202020203C6F6D6764693A776179706F696E7420783D223338352E302220793D223230302E30223E3C2F6F6D6764693A776179706F696E743E0A20202020202020203C6F6D6764693A776179706F696E7420783D223531302E302220793D223230302E30223E3C2F6F6D6764693A776179706F696E743E0A2020202020203C2F62706D6E64693A42504D4E456467653E0A2020202020203C62706D6E64693A42504D4E456467652062706D6E456C656D656E743D227369642D43354234304335342D393233442D343830432D414530322D363046323641414545383433222069643D2242504D4E456467655F7369642D43354234304335342D393233442D343830432D414530322D363046323641414545383433223E0A20202020202020203C6F6D6764693A776179706F696E7420783D223335332E313331363732353937383634382220793D223139312E3836383332373430323133353234223E3C2F6F6D6764693A776179706F696E743E0A20202020202020203C6F6D6764693A776179706F696E7420783D223235302E302220793D223131392E3839343235393831383733313131223E3C2F6F6D6764693A776179706F696E743E0A2020202020203C2F62706D6E64693A42504D4E456467653E0A2020202020203C62706D6E64693A42504D4E456467652062706D6E456C656D656E743D227369642D39374232393435442D323143302D343041352D384439382D444541464431414546364636222069643D2242504D4E456467655F7369642D39374232393435442D323143302D343041352D384439382D444541464431414546364636223E0A20202020202020203C6F6D6764693A776179706F696E7420783D223235302E302220793D2238352E30223E3C2F6F6D6764693A776179706F696E743E0A20202020202020203C6F6D6764693A776179706F696E7420783D223331352E302220793D2238352E30223E3C2F6F6D6764693A776179706F696E743E0A2020202020203C2F62706D6E64693A42504D4E456467653E0A202020203C2F62706D6E64693A42504D4E506C616E653E0A20203C2F62706D6E64693A42504D4E4469616772616D3E0A3C2F646566696E6974696F6E733E, 0);
INSERT INTO `ACT_GE_BYTEARRAY` VALUES ('62503', 1, '请假流程.process.png', '62501', 0x89504E470D0A1A0A0000000D4948445200000224000000E60806000000E54C9EE600001A5B4944415478DAEDDD0B7454D5BDC7F1A0F8C027F571576BF12E2CBA445DD6C7A5D6BAAC521F152B448A0C2767660231D2D0AA5504E9A25A0B45101415B55AB568292C2C57AD15A4084A401EF2A8582A28C58A8208010C7A511090A2EEBB7FA773B24E869990C964E62433DFCF5AFF95646642C2C97FFDCF7FF6D97B9F921200000000000000000000000000000000000000000000000000000000000000000000000000000000000000000000000000000000000000000000000000000000000000000000000000000000000000000000000000000000000000000000000000000000000000000000000000000000000000000000000000000000000000000000000000000000000000000000008042648C69BB76EDDA67972E5DFAE59C3973CCECD9B3893C477575B559B060C14736E2642439494E02284A2AFC0B172E34B5B5B566CF9E3D4448B175EB56337FFEFC4FED89A03739494E9293008A8EDE8552F85BCC09608F7D77BA9A9C2427C94900454743E214DE9613B6F8EF2527C949721240D1D1F5628A6E8B2AFE869C2427C9490014FF34F1D9279BCDDA6513CCAAEA115EE8733D46C1A6F89393E42400E4A5F8EFD85663DE7AE90EB362C6907AA1C7F41C459BE24F4E92930090F3E2BF61D50BFB147E3F36AE9A4ED1A6F89393E42400E4BEF8AF7EE5EEB4C55FCF51B429FEE424390900392FFE6FCD1E9EB6F8EB398A36C59F9C24270180E24FF12727C949721240E1177FAD604857FCF51C459BE24F4E92930090F3E2BF66D1C3698BBF9EA36853FCC949721200725EFC3FAE5969DE7A79D8BE43E3F6313D47D1A6F89393E42400E4BCF82BD6BD3E699FE2AFC728D8147F72929C0480FC14FFCF3F376B163FBAEFD0B87D4CCF51B429FEE424390900392DFEDAF5F29D45BF4D7BBD5ECFB13326C59F9C2427012037C5DFBECBDCBC66AE7973D66D690BBF1F7A8D5ECB3B538A3F39494E0240B315FFFDBD03E59D29C59F9C24270120E7C5BF31EF401B7A674A11A7F89393E42400645DFC9B5AF8FDA08853FCC949721200B22EFE04C59F9C24C84900147F8A3F39492E90930028FE04C59F9C24C84900147F8A3F39492E909340BE19630E5DB972E580891327CE1F3366CCA737DD74D3DE8A8A0A53565666E2F1F8573FFBD9CFF6DC7EFBED6BEFBEFBEEC9364EE58851FC29FEE424414E02CDDA883CF7DC7393EEBCF3CEBD03070E348F3FFEB859BA74A9A9A9A931BB77EF36A28FB5B5B5E6EF7FFFBBB10D8BB9F9E69BBFBAE5965BDEAFAAAAEACF11A4F853FCC949829C04B2621B8FCA9123477E3E64C810AFD9F8E28B2F4C63BDF1C61B66E8D0A15F0C1830607524123999A349F1A7F89393043909643A2AD276DAB469737FFAD39F9AE9D3A767D488249B356B96A9ACACDCC56809C59FE24F4E12E424905133326FDEBCD77EFEF39F9B77DE79C73487F7DF7FDFD8E66657FFFEFD6FE00853FC29FEE424414E02FBA5911135239A13D29CF4EF555555ED705D37CE51A6F853FCC949829C04D2D29C115DA669AE91915423257DFBF6DD669B92CE1C6D8A3FC59F9C24C84920D5A59A43478C18B14773467269C68C19BB62B1D8128E38C59FE24F4E12E424B08FE79F7FFE29ADA6F9F7BFFF6D72EDFAEBAFDFC2A51B8A3FC59F9C24C849609FD111ED33A2A5BDF9B062C58A3D8C9250FC29FEE424414E02F56807564D64CD66796FA62A2B2BB7949595752CF663EFBAEE6C1B1752FC29FEE424414EA2E8693BF8279E78C2E4D3B871E3DEB00DC9ADC57EECB5F5BE422701C771CEA7F853FCC949829C44D1D2BD69B41D7C3E2D5EBCF87D5BF4A6D390FCA7F8076266AA77A7147F8A3F3949D090A0E0E946799B376FCE6B43B265CB965A5BE836D090EC53FCEBDE9D064F02147F8A3F3949D090A0E0E9AEBDFE8DF2F2453FCF16B9DD3424A98B7FF0DDA986CDC328FEFA1B7DFEF9E7F51EDBB4699379F7DD77F779AD5E97EAF1FDC5AE5DBBCC7BEFBD673EFBECB3AC7F078A7FE1E7A442FB19E5F2DFD7268E7FFBDBDFD23EFFD1471F99D5AB577B9F6FD8B0C17CFAE9A75E9E6AFFA674794C4E021914A03034A2F0118908A3F8DB938EF7B3B76FDF6E74A7E79B6FBED97CEF7BDF33DFFCE637BDCF154B962CF15E3B63C60CD3B66D5BD3BD7B7773E699677AA189D2DFFEF6B7EBBEFEE73FFFB9CFCF58B3668D8AA8F9C73FFE91F5EF90CF2027C3C9C9B7DE7ACB1C70C00166E1C285E68F7FFCA339EFBCF3EAC53DF7DCE3BD6EEAD4A966D0A04175A10D1FFD3C0C869A61351763C78EAD8B1E3D7A783F63CC9831F51EF79BE0A79E7ACA1C7FFCF1DEE7471F7DB479FAE9A7BDBB9F2B8F5F7FFD751A12201BFDFAF5FB2ADF2324F69DF11646481A7C37BACC9E8CBB77EDDAB56D58C3E373E7CE35C71C738CE9DFBFBFB6FD37D75C738DE9DCB9B3578CF579EFDEBDBDBB40EBB5575F7DB5F9D6B7BE65AEBAEA2A73F9E5979B1FFCE007DE6BFEF0873F98071F7CD02BD6CB972FF75EFBF8E38F9B9FFCE4275EE8FFAAE7F45AFFB1471F7DB449BF03C5BFF073520DE8B9E79EEB7DAE46D46F1662B19897478F3DF698F7DCF8F1E3CD77BEF31DAF49FEF18F7F6C7EF8C31F7A3979C30D3798F6EDDB9BDFFFFEF7DEEBD58C3CFBECB3DEEB2EBDF4D2B4A1D7BEF8E28B66DDBA75E697BFFCA5F76FCC9F3F9F8604686EF69DEC9E7CCF21D9B469D3BF984392B2F8D72BFA615FAF7FF3CD37CDFAF5EBCD881123BC8643CDC1C1071FEC7D7EDA69A7D50DA1ABA05F7FFDF55E43D2AD5B37EF04A013814E0C0F3CF040BD86A44F9F3EE6D4534FF59A8C482452D790E86B3DAEE733FD1D28FE859F931A253BF6D863BD06E0C20B2F34CF3CF38CF7B846D78E3BEE3873D65967D5BBBC3769D22473E491477A9FDB375DA653A74EE6FCF3CF37871C7288E9D5AB575D433273E64C2FEFD45428F4EF299F5F79E595BAC7CE38E30C6F54E6DE7BEFF5464FF4BD279D7492D790FCE94F7F321B376EF41E1B356A94B9E8A28BCCAA55ABC849A029EEB8E38E35F95E65F3D24B2FBDC82A9B7AC57F89EBBA3D938B7E58C5BFB2B2D21B8550BCF0C20BA64B972E5E9C70C2095E91F7BFFEF5AF7FED858AB186C6D590E8A4A1E1703528679F7D765DBCFDF6DB750D895EB760C102EFA4A2EF9D3871A2F7B51EF71B924C7E078A7FE1E7E4EDB7DFEEE5CA77BFFB5DEFEFAFD1088D98B46BD7CE6B4E0F3CF0402F1734DAAB0661D8B061E6B0C30E338B162DD23DB4BC5C51E37BC4114798A14387D63524FE65187D9D2EEEBBEFBEBADF23F9928D9EFFFEF7BFEF7D3CF4D043CDB5D75E9BF2F224390934C2D8B1639FC8F73E24B658CC601F12AFF8A77CF71976F15711D7357415595D67BFEDB6DB4C696969BDB0272B6FD4C37FB7E93724BA8C326BD62C3365CA14AF29F1C3BFB4A28643EF52BFF6B5AFD515749D24F4B51EF71B924C7E078A7FE1E7A47D13E3CD4B523EDC75D75D5E6372E289277ACDAC464634A7440D819A075DF60B3614F178DC9C73CE39A667CF9E5E03A35C4D6E4834F2A626479766F49C9A657DAD9195E4864479AB26591F870F1FEE8DA6E87BD45473C906C8C2AF7EF5AB4E37DE78E39779DCA97577341A7D8F9D5A1B2F8C4B368B172FF68AAC5611D8FCF08ABFFFEEF9820B2EF02696EA75CB962D33F6E465060F1EEC3524071D749039EAA8A38CFD1B7BDFAFC6A14D9B36DEC457BF21B9EEBAEB524E6AD5E3C14B368DFD1D28FEC59193E5E5E5DE1C225D8E79E8A187BC465779E7879A617F65D6840913BC91949D3B779A471E79C4CB195DB251D3E2E7904652321921D17C13CD61D163575C71057348805CB0EF18DECDD7BD6CEC3B9DC9B6182CE4A8B78E8644F337D40C68DE86463114871F7E78BD66E0924B2EA96B48B4A24185FE934F3EF1DEC5FEE8473FF286B877ECD851D790684444D7E03B74E8E0FD0CFD5BFA5A8FA76A481AF33B50FC0B3B279F7CF2C9BA06E1F4D34F370F3FFCB0975BBA1CA886579F6B0424388744976C34E23179F2643372E4486F5E93724C9F2BB454D76F489453CA37ADD0D1CFD063FA3A3842A2E734C9557356D2ADB25103444E0259B0EF4C23F684B2370FA324DBEC3BE7E5DCEDB7F534246A1A745D5C8579C080015E68C542BA86C43F69E81DAC0AB93EBFF5D65BEB5EABCB2C975D769957F0FD1538A3478FF6BED609450D4D537E078A7F61E7A4E66568D443F3DDEEBFFF7E6F09B01E57B3A12623F85A8D646872A97247739A949BCA394D4E5553ABCF15AFBDF65AD67348921B1235D4FAFDC849200BB6C8AF9C3E7D7A4EBB11CD57D1E8C8FEAE4F23FC86442B64546475E9450D80DE89AA71D06A17ADA449D7906879AE96474E9B36CD74ECD8D1FB37B41A66C58A1519EF4392C9EF40F12FEC9C546DBAF8E28BBD552E6A2C7EF18B5F78B9A006574D863E5768EE9196FFAAB1D5E88836D2D3325F853681D4E544FFEBEAEAEABA25C4B7DC728BB7B1999F93BA14A9AFF56FFAAFDBB2658BF9CD6F7EE335247A5E1369353745CBDEF53D1AB539E59453BC469B9C04B2A0391D959595BB348C990B2B57AE9C667FC6665B403A73B45B7E43A222AD13BF3ED7E512157E7DAE62AFE2ABE1EF540D89260CEA3AFEC9279FEC6D32A577A19A63A24625F96728D71A6A4832F91D28FE859D931AA5D09C118D90E86B2D19F7575A0543935C83DFA7D55D1A594B155AA5936A27D87439A9C9FF7EDEA941D2C89D1A9F3973E6781BB3E939AD0263D92FD00CE2F178CCBE13DDA9ED939BD3C68D1B5FB5EF72D773A9A6F53424C1D03E35DA265B9FEB1AB9BE4E1EE9D0BC118D8CE81DA91EF3270CFA5BC06BCBED545BC3EB75C9DBC337E577A0F817574EE62A945B6AA2FD394FC1D088899F77A9725693AF1B93CBE424D048B158ACD2BE9BDDD15C23251A195133E238CE508E2EC59F1B999193043909349A6D1ECAE2F1F8A753A74EFD2C8B89AEDBEEBBEFBE09BA4C63A382A34AF1A7F89393043909644C734AA2D1E89C0103066C59BE7CF9AE4CF61979F9E597A7D886669926B0326784E24FF12727097212688EC6A4B71A938A8A8ADA3163C6AC7AF5D557D7D7D4D46CF66FC8A71BE5E9DE34D5D5D57F1D3E7CF8CC582CB6568D884645584D43F1A7F89393043909342BDB6874705D77A06D349EB5B14E77EB4DEC78A88F1B746F1A6D07CF0EAC147F8A3F394990930028FE04C59F9C24270180E24FF1272709721200C59FA0F89393E4240050FC29FEE424414E02A0F813147F72929C04008A3FC59F9C24C84900147F82E24F4E92930040F1A7F8939304390980E24F50FCC94972120028FE147F729220270150FC098A3F39494E0200C59FE24F4E12E424008A3F41F12727C94900A0F853FCC949829C0440F12728FEE424390900147F8A3F394990930028FE04C59F9C24270180E24FF1272709721200C59FC871CC9C399386849CA4210140F127C28BEDDBB79BF2F272535656F6AEE338CFDB8F77BAAEDBD346671BC79193040D09008A3F9197183F7EBC1A92AF6C9814B1D9C64C1B136C8332909C24684800148C3973E650745B4EECB6C57FAF6D3626A669488251414E12F9CA492A25809C5BB060C1E6DADA5A0A6F0B889A9A9AFFB5C57FB52ED1D886637703CDC892AE5DBBB62527897CE524951240CECD9D3BF7EA79F3E67DF2E1871FEEA20087F72E5485BFBABA7ABD8DDEFABBD8A664749A6664871A167292C8774E0240CED982D3DDBE0B5AA6A1595D2F26F21E3AEEAB8385BFA2A2A2BD6D3EB6263724B619F96B5555D541E464CB0FFDBD0A2927010045CA361FFD939A9197EDC7BFDA78BDD047490A81FE661C050040ABA77922F6A4B62ED1906C8D44225F4F9CE8AA6CD4DAB881A344430200403E4E6ABD7562731CA72CF878341A3DC53EBE54CB80E3F1F837385234240000E4FAC4363CD5AA9AC408CA301B5B5CD7BD8623454302004068A2D1E879F6E4F78E364C2B2D2D3D9223424302004028CACBCB0F771CE7317B125CEBBAEE851C111A120000C23C095E656393F6312986E5C134240000B4509148E4787B329C6A63B9FDFC748E080D090000A149EC63A2E5C137D92FDB7044684800000885E3389DEC8971B10D6DAA76024784860400805044229103EDC9F10E2D0FB60D4A842342430200409827C82EAEEBBE6D3F4E8AC5624771446848000008458F1E3D0E731CE7116D49DFA74F9F8B38223424000084C6362557DA13668DFD787724123998234243020040285CD73DCE9E34FF62E30DFBF9191C111A12000042E338CEB55A1E6C9B9281252C0FA6210100202C9148E4247B027DD546752C16EBC011A121010020ACA644CB836FB3F1A10D87234243020040681CC739D79E4C57BBAE3BD936294773446848000008856D44DAD913EA6F6DACB7D19523424302004068A2D1E815F6C4BAD1719C7BAFBCF2CA4338223424000084A26FDFBEC7DA86E4CFF604BB22168B9DC911A12101002034AEEBF64B2C0F1E5CC2F2601A120000423CC976B4B1C0362573EDC7133922342400008462F8F0E107388E3334B13C38CA11A121010020CC13EE39AEEBAEB231A5A2A2A23D47848604008050D846E450DB903C604FBE1FD8B894234243020040686C5372B93D016FB0713FCB8369480000084D241239C69E849FB6F1A6E33867D190D0900000101AD775E35A1E6C9B92219A004B4302000042118944FEDB9E90E729F4390D09000008456279F090C4666A711A120000101ACD27D1BC12CD2FD13C131A120000100AADBCD10A1CADC4D18A1C1A120000101ADB8C5C92D8B3E441ED61424302000042A15D5DB5BBAB7679D56EAF3424000020CC137654F7C3D17D710A7179300D090000ADE7A47D62E2CEC10B7427611A120000109636B629199C581EDC8F860400008426168B9D694FE22B1CC7F973DFBE7D8FA521010000A1482C0F1E6B6363341ABD8286040000847932EF6AE37D1BBF8D4422ED6848000040286C2372B4EBBA93ED897D75341AFD1F1A12000010E689DDD1F2601BB7D926E5401A120000108A582CD6C19EE0AB6DBC6A9B92935A60F3315D0DC87E62197F4900005A3F2D0F1EA8E5C18EE35CDBC21A922E36F636D490D8DFB93B7F4200000A846D4ACEB027F8376CFCC57E7E5C0B6A4A6636D0902CE9DAB56B5BFE7A00001490482472B0E33877DB137D8DFD78650B6948BAA46B486CE3D493BF1A000005AA4F9F3E17D913FE3A1BBFEBD1A3C7612DA0294935976419A323000014B8582C76943DE94F725DF76D8D5284DC90EC339784B923000014117BE28FD806608B8D3BC25C1E6C7F8FE7191D0100A088D906E0041B2FD9586C1B834E213524E707E68E74E3AF020040716A639B819B12770FEE1F5263E4CD25617404008022E738CE69B629586E635A2412393ECF0D49975EBD7AB1532B00002829A9AAAA3AC8360777D9D894E7C9A5BA5463121F010000BCCDD42EB44DC95ADB943C565E5E7E788E7FDC6536B6D91897F8C82A1B0000F01FA5A5A547DAA664828D77A2D1E879396E46FC264423245B694A0000403D8EE3F44A2C0F1ED6CC934E939B91FD3D0E00008A593C1EFF46E2DE334BA3D1E829CDF04F76DB4FD3E13FCF9C120000509F6D486ED0F2601B55CDD08CECAFD960A404CD2E168B75701CE7469BC3CFDA58636347621F9CDDBAAD4262A3BE5BF53A8E1600B460AEEB76B605FB75ED1D525E5EFE5F197EFB6525998D7C64FA7A205DDEF6B431DBC69E06EE329D1CAFD8D7C7397A00D0426979B02DD423B53CD8466986CD45A6231EFABE1D3425680A9B9F1D6DAECECAA00949150B2391C8C91C4D0068B9C5FE021BEF398E337E3FCB83B3BDFCC2E51B64CCE66559341AFDBF6073118BC5CCE8D1A3CDDCB973CD071F7C60B66FDF6E64E7CE9DA6A6A6C62C5AB4C88C1B37CED87C4E6E4A76305A02002D987DE778842DD64FEA7ABCEE4B93E225FB9BC0DA58CDF5EFA0389A91EEB681F822D8884C9E3CD9D4D6D69AC6D8B66D9BF77A7D5FB03109EBF60A008046D2357A5BB037DB1811581EDCDCAB65182941639A91B260333268D0206F34A429F47D43860C496E4A18290180962C12897CDD9E0C66D8A2FD5AA74E9D2A929A913636FA253E6622F9FB98E88AB4346724789966D8B0617597659A4A9773468D1A957CF9A633471B005AB88B2FBEF8C1D2D2D22FDBB56B774DA0A978B2E43FF7AB793283A624DDF7D1942025DB8C54074746B26D46824D49D248C9428E3600B46C5EB31068464A12231C26108D694A82CD881F7D03CF33A704F5242E1BD6CD1969EA659A862EDF04E79470E906005AAE744D42AAE6A2A1A624D5EB9F48F17AE69420D890CCF69B054D48CD852953A6304A0200ADA419E996419391AA29696C3392DC9470F9A6801B0DDD81BAA1D76867557F22AB46313EFEF8E39C34245A7D93B424B8237F210068391ADB14ECAF29C9B41909FE7CEE125CA002974866A7595A5E92D80EDE7BDD3DF7DC637249FB94041A925BF90B0140CB6A461ADB0CA46B4A0E686233923C42435352A00D492066268F9824EE4DE33D3F6FDEBC9C3624DA3C2DF0BB4CE72F0400ADAF1969A829F95716CD48B6BF0F5A5743523762E23726891BE5798F37F764D664DAD135F07B6CE02F0400E1CA7644225553924D3392DC9430A7A4C01B92E088898D5DFED7CDB5D4B7A125C0819FBD9BBF100084A77DA2711897E5BF73408A91917F251ECFC6B82C6FA646B4E2C887E0CFA31C0040CB182169EA4844432324996C9EC60849F18E902CD33D6B74AB02ED9ECA080900142F9DFC7794E4660E49539A12E69014474352D788045EC31C1200A029C9684422DDD2DE54AB6C32694A586553F80DC912EDC61A6C4402AF61950D00A0D12313FBDB6724D31D5D7D5D4AD887A4901B927D464492B10F0900A0B123148DDDF42CD3A6C4BF6CD4933F41F1D24EADB639D89B8F9D5AE3F1F857ECD40A00AD73A424D31D581BDB94F83F8F6604DCCB0600B0CF4849F2E5937E2599EF33C2DD7E91694392F3BBFD46A3D1AFB8DB2F00B4AEA62438D135D85C64B2E959BAEF63692F52B28DC22B7EC33068D0A0665B02ACA5BE83070FFE22383AD2D09C160040CB917CF9A64D628423D3A5BCC9DF97EDFE2728EC86A4A38DAD7EE3306CD8B0AC9B123523A3468D0ACE1BD9E1BA6E678E3600B4DEA6245BA92E0701F5388E53E64F70F5474A9A7AF946DF973432C2A51A0028F2A6844DCFD068B671A80836259A53A289AE5A25D3D8D5349AC01A9C33A2B0CDCE508E2E00B45ED95E66E1320D32A691121BDB820D851A13ED53A2CDD334FAE15FCED16519EDC0AA4DCF1E7AE821D3AF5FBF2F937687D5D6F4151C5500289CA624D3110E26B0A2C934A724B81CB889B190392300505832BDECC2651A345763D23BD198ECCDA411D1A808AB6900A0B89B126D07CF0EAC6856DAD1D536260313F7BE59A7BBF5FA77EDD58DF2746F1A6D07CF0EAC00501CBA259A8D6E0D3CBF9566040000E45ABA91122ED3000080509B129A110000106A53328E66040000844973464C094B7B010040C8DA7308000000000000000000000000000000000000000000000000000085E8FF012EA1E3EE9C5D191A0000000049454E44AE426082, 1);
INSERT INTO `ACT_GE_BYTEARRAY` VALUES ('62506', 1, '请假流程.bpmn20.xml', '62505', 0x3C3F786D6C2076657273696F6E3D22312E302220656E636F64696E673D225554462D38223F3E0A3C646566696E6974696F6E7320786D6C6E733D22687474703A2F2F7777772E6F6D672E6F72672F737065632F42504D4E2F32303130303532342F4D4F44454C2220786D6C6E733A7873693D22687474703A2F2F7777772E77332E6F72672F323030312F584D4C536368656D612D696E7374616E63652220786D6C6E733A7873643D22687474703A2F2F7777772E77332E6F72672F323030312F584D4C536368656D612220786D6C6E733A61637469766974693D22687474703A2F2F61637469766974692E6F72672F62706D6E2220786D6C6E733A62706D6E64693D22687474703A2F2F7777772E6F6D672E6F72672F737065632F42504D4E2F32303130303532342F44492220786D6C6E733A6F6D6764633D22687474703A2F2F7777772E6F6D672E6F72672F737065632F44442F32303130303532342F44432220786D6C6E733A6F6D6764693D22687474703A2F2F7777772E6F6D672E6F72672F737065632F44442F32303130303532342F44492220747970654C616E67756167653D22687474703A2F2F7777772E77332E6F72672F323030312F584D4C536368656D61222065787072657373696F6E4C616E67756167653D22687474703A2F2F7777772E77332E6F72672F313939392F585061746822207461726765744E616D6573706163653D22687474703A2F2F7777772E61637469766974692E6F72672F70726F63657373646566223E0A20203C70726F636573732069643D2270726F636573732220697345786563757461626C653D2274727565223E0A202020203C73746172744576656E742069643D227374617274223E3C2F73746172744576656E743E0A202020203C757365725461736B2069643D226170706C7922206E616D653D22E8AFB7E58187E794B3E8AFB7222061637469766974693A61737369676E65653D22247B656D706C6F7965657D222061637469766974693A666F726D4B65793D226C656176652D73746172742E666F726D223E0A2020202020203C657874656E73696F6E456C656D656E74733E0A20202020202020203C61637469766974693A666F726D50726F70657274792069643D2273746172744461746522206E616D653D227374617274446174652220747970653D22646174652220646174655061747465726E3D224D4D2D64642D797979792068683A6D6D222072657175697265643D2274727565223E3C2F61637469766974693A666F726D50726F70657274793E0A20202020202020203C61637469766974693A666F726D50726F70657274792069643D22656E644461746522206E616D653D22656E64446174652220747970653D22646174652220646174655061747465726E3D224D4D2D64642D797979792068683A6D6D222072657175697265643D2274727565223E3C2F61637469766974693A666F726D50726F70657274793E0A20202020202020203C61637469766974693A666F726D50726F70657274792069643D22726561736F6E22206E616D653D22726561736F6E2220747970653D22737472696E67222072657175697265643D2274727565223E3C2F61637469766974693A666F726D50726F70657274793E0A2020202020203C2F657874656E73696F6E456C656D656E74733E0A202020203C2F757365725461736B3E0A202020203C73657175656E6365466C6F772069643D227369642D45354631434434332D344341302D344231322D383035362D3035353632413838433739332220736F757263655265663D22737461727422207461726765745265663D226170706C79223E3C2F73657175656E6365466C6F773E0A202020203C757365725461736B2069643D22617070726F766522206E616D653D22E7BB8FE79086E5AEA1E689B9222061637469766974693A63616E64696461746547726F7570733D22E983A8E997A8E7BB8FE79086223E3C2F757365725461736B3E0A202020203C73657175656E6365466C6F772069643D227369642D39374232393435442D323143302D343041352D384439382D4445414644314145463646362220736F757263655265663D226170706C7922207461726765745265663D22617070726F7665223E3C2F73657175656E6365466C6F773E0A202020203C6578636C7573697665476174657761792069643D22636F6E646974696F6E223E3C2F6578636C7573697665476174657761793E0A202020203C73657175656E6365466C6F772069643D227369642D44413638384642352D354336332D343933432D414141412D3134334236303833453035452220736F757263655265663D22617070726F766522207461726765745265663D22636F6E646974696F6E223E3C2F73657175656E6365466C6F773E0A202020203C73657175656E6365466C6F772069643D227369642D43354234304335342D393233442D343830432D414530322D3630463236414145453834332220736F757263655265663D22636F6E646974696F6E22207461726765745265663D226170706C79223E0A2020202020203C636F6E646974696F6E45787072657373696F6E207873693A747970653D2274466F726D616C45787072657373696F6E223E3C215B43444154415B247B61677265653D3D66616C73657D5D5D3E3C2F636F6E646974696F6E45787072657373696F6E3E0A202020203C2F73657175656E6365466C6F773E0A202020203C656E644576656E742069643D2273746F70223E3C2F656E644576656E743E0A202020203C73657175656E6365466C6F772069643D227369642D37413637304633362D413531332D343334442D394338302D3142354437373742353932302220736F757263655265663D22636F6E646974696F6E22207461726765745265663D2273746F70223E0A2020202020203C636F6E646974696F6E45787072657373696F6E207873693A747970653D2274466F726D616C45787072657373696F6E223E3C215B43444154415B247B61677265653D3D747275657D5D5D3E3C2F636F6E646974696F6E45787072657373696F6E3E0A202020203C2F73657175656E6365466C6F773E0A20203C2F70726F636573733E0A20203C62706D6E64693A42504D4E4469616772616D2069643D2242504D4E4469616772616D5F70726F63657373223E0A202020203C62706D6E64693A42504D4E506C616E652062706D6E456C656D656E743D2270726F63657373222069643D2242504D4E506C616E655F70726F63657373223E0A2020202020203C62706D6E64693A42504D4E53686170652062706D6E456C656D656E743D227374617274222069643D2242504D4E53686170655F7374617274223E0A20202020202020203C6F6D6764633A426F756E6473206865696768743D2233302E30222077696474683D2233302E302220783D2234352E302220793D2237302E30223E3C2F6F6D6764633A426F756E64733E0A2020202020203C2F62706D6E64693A42504D4E53686170653E0A2020202020203C62706D6E64693A42504D4E53686170652062706D6E456C656D656E743D226170706C79222069643D2242504D4E53686170655F6170706C79223E0A20202020202020203C6F6D6764633A426F756E6473206865696768743D2238302E30222077696474683D223130302E302220783D223135302E302220793D2234352E30223E3C2F6F6D6764633A426F756E64733E0A2020202020203C2F62706D6E64693A42504D4E53686170653E0A2020202020203C62706D6E64693A42504D4E53686170652062706D6E456C656D656E743D22617070726F7665222069643D2242504D4E53686170655F617070726F7665223E0A20202020202020203C6F6D6764633A426F756E6473206865696768743D2238302E30222077696474683D223130302E302220783D223331352E302220793D2234352E30223E3C2F6F6D6764633A426F756E64733E0A2020202020203C2F62706D6E64693A42504D4E53686170653E0A2020202020203C62706D6E64693A42504D4E53686170652062706D6E456C656D656E743D22636F6E646974696F6E222069643D2242504D4E53686170655F636F6E646974696F6E223E0A20202020202020203C6F6D6764633A426F756E6473206865696768743D2234302E30222077696474683D2234302E302220783D223334352E302220793D223138302E30223E3C2F6F6D6764633A426F756E64733E0A2020202020203C2F62706D6E64693A42504D4E53686170653E0A2020202020203C62706D6E64693A42504D4E53686170652062706D6E456C656D656E743D2273746F70222069643D2242504D4E53686170655F73746F70223E0A20202020202020203C6F6D6764633A426F756E6473206865696768743D2232382E30222077696474683D2232382E302220783D223531302E302220793D223138362E30223E3C2F6F6D6764633A426F756E64733E0A2020202020203C2F62706D6E64693A42504D4E53686170653E0A2020202020203C62706D6E64693A42504D4E456467652062706D6E456C656D656E743D227369642D44413638384642352D354336332D343933432D414141412D313433423630383345303545222069643D2242504D4E456467655F7369642D44413638384642352D354336332D343933432D414141412D313433423630383345303545223E0A20202020202020203C6F6D6764693A776179706F696E7420783D223336352E31373331363031373331363031372220793D223132352E30223E3C2F6F6D6764693A776179706F696E743E0A20202020202020203C6F6D6764693A776179706F696E7420783D223336352E343133303433343738323630392220793D223138302E3431333034333437383236303837223E3C2F6F6D6764693A776179706F696E743E0A2020202020203C2F62706D6E64693A42504D4E456467653E0A2020202020203C62706D6E64693A42504D4E456467652062706D6E456C656D656E743D227369642D45354631434434332D344341302D344231322D383035362D303535363241383843373933222069643D2242504D4E456467655F7369642D45354631434434332D344341302D344231322D383035362D303535363241383843373933223E0A20202020202020203C6F6D6764693A776179706F696E7420783D2237352E302220793D2238352E30223E3C2F6F6D6764693A776179706F696E743E0A20202020202020203C6F6D6764693A776179706F696E7420783D223135302E302220793D2238352E30223E3C2F6F6D6764693A776179706F696E743E0A2020202020203C2F62706D6E64693A42504D4E456467653E0A2020202020203C62706D6E64693A42504D4E456467652062706D6E456C656D656E743D227369642D37413637304633362D413531332D343334442D394338302D314235443737374235393230222069643D2242504D4E456467655F7369642D37413637304633362D413531332D343334442D394338302D314235443737374235393230223E0A20202020202020203C6F6D6764693A776179706F696E7420783D223338352E302220793D223230302E30223E3C2F6F6D6764693A776179706F696E743E0A20202020202020203C6F6D6764693A776179706F696E7420783D223531302E302220793D223230302E30223E3C2F6F6D6764693A776179706F696E743E0A2020202020203C2F62706D6E64693A42504D4E456467653E0A2020202020203C62706D6E64693A42504D4E456467652062706D6E456C656D656E743D227369642D43354234304335342D393233442D343830432D414530322D363046323641414545383433222069643D2242504D4E456467655F7369642D43354234304335342D393233442D343830432D414530322D363046323641414545383433223E0A20202020202020203C6F6D6764693A776179706F696E7420783D223335332E313331363732353937383634382220793D223139312E3836383332373430323133353234223E3C2F6F6D6764693A776179706F696E743E0A20202020202020203C6F6D6764693A776179706F696E7420783D223235302E302220793D223131392E3839343235393831383733313131223E3C2F6F6D6764693A776179706F696E743E0A2020202020203C2F62706D6E64693A42504D4E456467653E0A2020202020203C62706D6E64693A42504D4E456467652062706D6E456C656D656E743D227369642D39374232393435442D323143302D343041352D384439382D444541464431414546364636222069643D2242504D4E456467655F7369642D39374232393435442D323143302D343041352D384439382D444541464431414546364636223E0A20202020202020203C6F6D6764693A776179706F696E7420783D223235302E302220793D2238352E30223E3C2F6F6D6764693A776179706F696E743E0A20202020202020203C6F6D6764693A776179706F696E7420783D223331352E302220793D2238352E30223E3C2F6F6D6764693A776179706F696E743E0A2020202020203C2F62706D6E64693A42504D4E456467653E0A202020203C2F62706D6E64693A42504D4E506C616E653E0A20203C2F62706D6E64693A42504D4E4469616772616D3E0A3C2F646566696E6974696F6E733E, 0);
INSERT INTO `ACT_GE_BYTEARRAY` VALUES ('62507', 1, '请假流程.process.png', '62505', 0x89504E470D0A1A0A0000000D4948445200000224000000E60806000000E54C9EE600001A5B4944415478DAEDDD0B7454D5BDC7F1A0F8C027F571576BF12E2CBA445DD6C7A5D6BAAC521F152B448A0C2767660231D2D0AA5504E9A25A0B45101415B55AB568292C2C57AD15A4084A401EF2A8582A28C58A8208010C7A511090A2EEBB7FA773B24E869990C964E62433DFCF5AFF95646642C2C97FFDCF7FF6D97B9F921200000000000000000000000000000000000000000000000000000000000000000000000000000000000000000000000000000000000000000000000000000000000000000000000000000000000000000000000000000000000000000000000000000000000000000000000000000000000000000000000000000000000000000000000000000000000000000000008042648C69BB76EDDA67972E5DFAE59C3973CCECD9B3893C477575B559B060C14736E2642439494E02284A2AFC0B172E34B5B5B566CF9E3D4448B175EB56337FFEFC4FED89A03739494E9293008A8EDE8552F85BCC09608F7D77BA9A9C2427C94900454743E214DE9613B6F8EF2527C949721240D1D1F5628A6E8B2AFE869C2427C9490014FF34F1D9279BCDDA6513CCAAEA115EE8733D46C1A6F89393E42400E4A5F8EFD85663DE7AE90EB362C6907AA1C7F41C459BE24F4E92930090F3E2BF61D50BFB147E3F36AE9A4ED1A6F89393E42400E4BEF8AF7EE5EEB4C55FCF51B429FEE424390900392FFE6FCD1E9EB6F8EB398A36C59F9C24270180E24FF12727C949721240E1177FAD604857FCF51C459BE24F4E92930090F3E2BF66D1C3698BBF9EA36853FCC949721200725EFC3FAE5969DE7A79D8BE43E3F6313D47D1A6F89393E42400E4BCF82BD6BD3E699FE2AFC728D8147F72929C0480FC14FFCF3F376B163FBAEFD0B87D4CCF51B429FEE424390900392DFEDAF5F29D45BF4D7BBD5ECFB13326C59F9C2427012037C5DFBECBDCBC66AE7973D66D690BBF1F7A8D5ECB3B538A3F39494E0240B315FFFDBD03E59D29C59F9C24270120E7C5BF31EF401B7A674A11A7F89393E42400645DFC9B5AF8FDA08853FCC949721200B22EFE04C59F9C24C84900147F8A3F39492E90930028FE04C59F9C24C84900147F8A3F39492E909340BE19630E5DB972E580891327CE1F3366CCA737DD74D3DE8A8A0A53565666E2F1F8573FFBD9CFF6DC7EFBED6BEFBEFBEEC9364EE58851FC29FEE424414E02CDDA883CF7DC7393EEBCF3CEBD03070E348F3FFEB859BA74A9A9A9A931BB77EF36A28FB5B5B5E6EF7FFFBBB10D8BB9F9E69BBFBAE5965BDEAFAAAAEACF11A4F853FCC949829C04B2621B8FCA9123477E3E64C810AFD9F8E28B2F4C63BDF1C61B66E8D0A15F0C1830607524123999A349F1A7F89393043909643A2AD276DAB469737FFAD39F9AE9D3A767D488249B356B96A9ACACDCC56809C59FE24F4E12E424905133326FDEBCD77EFEF39F9B77DE79C73487F7DF7FDFD8E66657FFFEFD6FE00853FC29FEE424414E02FBA5911135239A13D29CF4EF555555ED705D37CE51A6F853FCC949829C04D2D29C115DA669AE91915423257DFBF6DD669B92CE1C6D8A3FC59F9C24C84920D5A59A43478C18B14773467269C68C19BB62B1D8128E38C59FE24F4E12E424B08FE79F7FFE29ADA6F9F7BFFF6D72EDFAEBAFDFC2A51B8A3FC59F9C24C849609FD111ED33A2A5BDF9B062C58A3D8C9250FC29FEE424414E02F56807564D64CD66796FA62A2B2BB7949595752CF663EFBAEE6C1B1752FC29FEE424414EA2E8693BF8279E78C2E4D3B871E3DEB00DC9ADC57EECB5F5BE422701C771CEA7F853FCC949829C44D1D2BD69B41D7C3E2D5EBCF87D5BF4A6D390FCA7F8076266AA77A7147F8A3F3949D090A0E0E946799B376FCE6B43B265CB965A5BE836D090EC53FCEBDE9D064F02147F8A3F3949D090A0E0E9AEBDFE8DF2F2453FCF16B9DD3424A98B7FF0DDA986CDC328FEFA1B7DFEF9E7F51EDBB4699379F7DD77F779AD5E97EAF1FDC5AE5DBBCC7BEFBD673EFBECB3AC7F078A7FE1E7A442FB19E5F2DFD7268E7FFBDBDFD23EFFD1471F99D5AB577B9F6FD8B0C17CFAE9A75E9E6AFFA674794C4E021914A03034A2F0118908A3F8DB938EF7B3B76FDF6E74A7E79B6FBED97CEF7BDF33DFFCE637BDCF154B962CF15E3B63C60CD3B66D5BD3BD7B7773E699677AA189D2DFFEF6B7EBBEFEE73FFFB9CFCF58B3668D8AA8F9C73FFE91F5EF90CF2027C3C9C9B7DE7ACB1C70C00166E1C285E68F7FFCA339EFBCF3EAC53DF7DCE3BD6EEAD4A966D0A04175A10D1FFD3C0C869A61351763C78EAD8B1E3D7A783F63CC9831F51EF79BE0A79E7ACA1C7FFCF1DEE7471F7DB479FAE9A7BDBB9F2B8F5F7FFD751A12201BFDFAF5FB2ADF2324F69DF11646481A7C37BACC9E8CBB77EDDAB56D58C3E373E7CE35C71C738CE9DFBFBFB6FD37D75C738DE9DCB9B3578CF579EFDEBDBDBB40EBB5575F7DB5F9D6B7BE65AEBAEA2A73F9E5979B1FFCE007DE6BFEF0873F98071F7CD02BD6CB972FF75EFBF8E38F9B9FFCE4275EE8FFAAE7F45AFFB1471F7DB449BF03C5BFF073520DE8B9E79EEB7DAE46D46F1662B19897478F3DF698F7DCF8F1E3CD77BEF31DAF49FEF18F7F6C7EF8C31F7A3979C30D3798F6EDDB9BDFFFFEF7DEEBD58C3CFBECB3DEEB2EBDF4D2B4A1D7BEF8E28B66DDBA75E697BFFCA5F76FCC9F3F9F8604686EF69DEC9E7CCF21D9B469D3BF984392B2F8D72BFA615FAF7FF3CD37CDFAF5EBCD881123BC8643CDC1C1071FEC7D7EDA69A7D50DA1ABA05F7FFDF55E43D2AD5B37EF04A013814E0C0F3CF040BD86A44F9F3EE6D4534FF59A8C482452D790E86B3DAEE733FD1D28FE859F931A253BF6D863BD06E0C20B2F34CF3CF38CF7B846D78E3BEE3873D65967D5BBBC3769D22473E491477A9FDB375DA653A74EE6FCF3CF37871C7288E9D5AB575D433273E64C2FEFD45428F4EF299F5F79E595BAC7CE38E30C6F54E6DE7BEFF5464FF4BD279D7492D790FCE94F7F321B376EF41E1B356A94B9E8A28BCCAA55ABC849A029EEB8E38E35F95E65F3D24B2FBDC82A9B7AC57F89EBBA3D938B7E58C5BFB2B2D21B8550BCF0C20BA64B972E5E9C70C2095E91F7BFFEF5AF7FED858AB186C6D590E8A4A1E1703528679F7D765DBCFDF6DB750D895EB760C102EFA4A2EF9D3871A2F7B51EF71B924C7E078A7FE1E7E4EDB7DFEEE5CA77BFFB5DEFEFAFD1088D98B46BD7CE6B4E0F3CF0402F1734DAAB0661D8B061E6B0C30E338B162DD23DB4BC5C51E37BC4114798A14387D63524FE65187D9D2EEEBBEFBEBADF23F9928D9EFFFEF7BFEF7D3CF4D043CDB5D75E9BF2F224390934C2D8B1639FC8F73E24B658CC601F12AFF8A77CF71976F15711D7357415595D67BFEDB6DB4C696969BDB0272B6FD4C37FB7E93724BA8C326BD62C3365CA14AF29F1C3BFB4A28643EF52BFF6B5AFD515749D24F4B51EF71B924C7E078A7FE1E7A47D13E3CD4B523EDC75D75D5E6372E289277ACDAC464634A7440D819A075DF60B3614F178DC9C73CE39A667CF9E5E03A35C4D6E4834F2A626479766F49C9A657DAD9195E4864479AB26591F870F1FEE8DA6E87BD45473C906C8C2AF7EF5AB4E37DE78E39779DCA97577341A7D8F9D5A1B2F8C4B368B172FF68AAC5611D8FCF08ABFFFEEF9820B2EF02696EA75CB962D33F6E465060F1EEC3524071D749039EAA8A38CFD1B7BDFAFC6A14D9B36DEC457BF21B9EEBAEB524E6AD5E3C14B368DFD1D28FEC59193E5E5E5DE1C225D8E79E8A187BC465779E7879A617F65D6840913BC91949D3B779A471E79C4CB195DB251D3E2E7904652321921D17C13CD61D163575C71057348805CB0EF18DECDD7BD6CEC3B9DC9B6182CE4A8B78E8644F337D40C68DE86463114871F7E78BD66E0924B2EA96B48B4A24185FE934F3EF1DEC5FEE8473FF286B877ECD851D790684444D7E03B74E8E0FD0CFD5BFA5A8FA76A481AF33B50FC0B3B279F7CF2C9BA06E1F4D34F370F3FFCB0975BBA1CA886579F6B0424388744976C34E23179F2643372E4486F5E93724C9F2BB454D76F489453CA37ADD0D1CFD063FA3A3842A2E734C9557356D2ADB25103444E0259B0EF4C23F684B2370FA324DBEC3BE7E5DCEDB7F534246A1A745D5C8579C080015E68C542BA86C43F69E81DAC0AB93EBFF5D65BEB5EABCB2C975D769957F0FD1538A3478FF6BED609450D4D537E078A7F61E7A4E66568D443F3DDEEBFFF7E6F09B01E57B3A12623F85A8D646872A97247739A949BCA394D4E5553ABCF15AFBDF65AD67348921B1235D4FAFDC849200BB6C8AF9C3E7D7A4EBB11CD57D1E8C8FEAE4F23FC86442B64546475E9450D80DE89AA71D06A17ADA449D7906879AE96474E9B36CD74ECD8D1FB37B41A66C58A1519EF4392C9EF40F12FEC9C546DBAF8E28BBD552E6A2C7EF18B5F78B9A006574D863E5768EE9196FFAAB1D5E88836D2D3325F853681D4E544FFEBEAEAEABA25C4B7DC728BB7B1999F93BA14A9AFF56FFAAFDBB2658BF9CD6F7EE335247A5E1369353745CBDEF53D1AB539E59453BC469B9C04B2A0391D959595BB348C990B2B57AE9C667FC6665B403A73B45B7E43A222AD13BF3ED7E512157E7DAE62AFE2ABE1EF540D89260CEA3AFEC9279FEC6D32A577A19A63A24625F96728D71A6A4832F91D28FE859D931AA5D09C118D90E86B2D19F7575A0543935C83DFA7D55D1A594B155AA5936A27D87439A9C9FF7EDEA941D2C89D1A9F3973E6781BB3E939AD0263D92FD00CE2F178CCBE13DDA9ED939BD3C68D1B5FB5EF72D773A9A6F53424C1D03E35DA265B9FEB1AB9BE4E1EE9D0BC118D8CE81DA91EF3270CFA5BC06BCBED545BC3EB75C9DBC337E577A0F817574EE62A945B6AA2FD394FC1D088899F77A9725693AF1B93CBE424D048B158ACD2BE9BDDD15C23251A195133E238CE508E2EC59F1B999193043909349A6D1ECAE2F1F8A753A74EFD2C8B89AEDBEEBBEFBE09BA4C63A382A34AF1A7F89393043909644C734AA2D1E89C0103066C59BE7CF9AE4CF61979F9E597A7D886669926B0326784E24FF12727097212688EC6A4B71A938A8A8ADA3163C6AC7AF5D557D7D7D4D46CF66FC8A71BE5E9DE34D5D5D57F1D3E7CF8CC582CB6568D884645584D43F1A7F89393043909342BDB6874705D77A06D349EB5B14E77EB4DEC78A88F1B746F1A6D07CF0EAC147F8A3F394990930028FE04C59F9C24270180E24FF1272709721200C59FA0F89393E4240050FC29FEE424414E02A0F813147F72929C04008A3FC59F9C24C84900147F82E24F4E92930040F1A7F8939304390980E24F50FCC94972120028FE147F729220270150FC098A3F39494E0200C59FE24F4E12E424008A3F41F12727C94900A0F853FCC949829C0440F12728FEE424390900147F8A3F394990930028FE04C59F9C24270180E24FF1272709721200C59FC871CC9C399386849CA4210140F127C28BEDDBB79BF2F272535656F6AEE338CFDB8F77BAAEDBD346671BC79193040D09008A3F9197183F7EBC1A92AF6C9814B1D9C64C1B136C8332909C24684800148C3973E650745B4EECB6C57FAF6D3626A669488251414E12F9CA492A25809C5BB060C1E6DADA5A0A6F0B889A9A9AFFB5C57FB52ED1D886637703CDC892AE5DBBB62527897CE524951240CECD9D3BF7EA79F3E67DF2E1871FEEA20087F72E5485BFBABA7ABD8DDEFABBD8A664749A6664871A167292C8774E0240CED982D3DDBE0B5AA6A1595D2F26F21E3AEEAB8385BFA2A2A2BD6D3EB6263724B619F96B5555D541E464CB0FFDBD0A2927010045CA361FFD939A9197EDC7BFDA78BDD047490A81FE661C050040ABA77922F6A4B62ED1906C8D44225F4F9CE8AA6CD4DAB881A344430200403E4E6ABD7562731CA72CF878341A3DC53EBE54CB80E3F1F837385234240000E4FAC4363CD5AA9AC408CA301B5B5CD7BD8623454302004068A2D1E879F6E4F78E364C2B2D2D3D9223424302004028CACBCB0F771CE7317B125CEBBAEE851C111A120000C23C095E656393F6312986E5C134240000B4509148E4787B329C6A63B9FDFC748E080D090000A149EC63A2E5C137D92FDB7044684800000885E3389DEC8971B10D6DAA76024784860400805044229103EDC9F10E2D0FB60D4A842342430200409827C82EAEEBBE6D3F4E8AC5624771446848000008458F1E3D0E731CE7116D49DFA74F9F8B38223424000084C6362557DA13668DFD787724123998234243020040285CD73DCE9E34FF62E30DFBF9191C111A12000042E338CEB55A1E6C9B9281252C0FA6210100202C9148E4247B027DD546752C16EBC011A121010020ACA644CB836FB3F1A10D87234243020040681CC739D79E4C57BBAE3BD936294773446848000008856D44DAD913EA6F6DACB7D19523424302004068A2D1E815F6C4BAD1719C7BAFBCF2CA4338223424000084A26FDFBEC7DA86E4CFF604BB22168B9DC911A12101002034AEEBF64B2C0F1E5CC2F2601A120000423CC976B4B1C0362573EDC7133922342400008462F8F0E107388E3334B13C38CA11A121010020CC13EE39AEEBAEB231A5A2A2A23D47848604008050D846E450DB903C604FBE1FD8B894234243020040686C5372B93D016FB0713FCB8369480000084D241239C69E849FB6F1A6E33867D190D0900000101AD775E35A1E6C9B92219A004B4302000042118944FEDB9E90E729F4390D09000008456279F090C4666A711A120000101ACD27D1BC12CD2FD13C131A120000100AADBCD10A1CADC4D18A1C1A120000101ADB8C5C92D8B3E441ED61424302000042A15D5DB5BBAB7679D56EAF3424000020CC137654F7C3D17D710A7179300D090000ADE7A47D62E2CEC10B7427611A120000109636B629199C581EDC8F860400008426168B9D694FE22B1CC7F973DFBE7D8FA521010000A1482C0F1E6B6363341ABD8286040000847932EF6AE37D1BBF8D4422ED6848000040286C2372B4EBBA93ED897D75341AFD1F1A12000010E689DDD1F2601BB7D926E5401A120000108A582CD6C19EE0AB6DBC6A9B92935A60F3315D0DC87E62197F4900005A3F2D0F1EA8E5C18EE35CDBC21A922E36F636D490D8DFB93B7F4200000A846D4ACEB027F8376CFCC57E7E5C0B6A4A6636D0902CE9DAB56B5BFE7A00001490482472B0E33877DB137D8DFD78650B6948BAA46B486CE3D493BF1A000005AA4F9F3E17D913FE3A1BBFEBD1A3C7612DA0294935976419A323000014B8582C76943DE94F725DF76D8D5284DC90EC339784B923000014117BE28FD806608B8D3BC25C1E6C7F8FE7191D0100A088D906E0041B2FD9586C1B834E213524E707E68E74E3AF020040716A639B819B12770FEE1F5263E4CD25617404008022E738CE69B629586E635A2412393ECF0D49975EBD7AB1532B00002829A9AAAA3AC8360777D9D894E7C9A5BA5463121F010000BCCDD42EB44DC95ADB943C565E5E7E788E7FDC6536B6D91897F8C82A1B0000F01FA5A5A547DAA664828D77A2D1E879396E46FC264423245B694A0000403D8EE3F44A2C0F1ED6CC934E939B91FD3D0E00008A593C1EFF46E2DE334BA3D1E829CDF04F76DB4FD3E13FCF9C120000509F6D486ED0F2601B55CDD08CECAFD960A404CD2E168B75701CE7469BC3CFDA58636347621F9CDDBAAD4262A3BE5BF53A8E1600B460AEEB76B605FB75ED1D525E5EFE5F197EFB6525998D7C64FA7A205DDEF6B431DBC69E06EE329D1CAFD8D7C7397A00D0426979B02DD423B53CD8466986CD45A6231EFABE1D3425680A9B9F1D6DAECECAA00949150B2391C8C91C4D0068B9C5FE021BEF398E337E3FCB83B3BDFCC2E51B64CCE66559341AFDBF6073118BC5CCE8D1A3CDDCB973CD071F7C60B66FDF6E64E7CE9DA6A6A6C62C5AB4C88C1B37CED87C4E6E4A76305A02002D987DE778842DD64FEA7ABCEE4B93E225FB9BC0DA58CDF5EFA0389A91EEB681F822D8884C9E3CD9D4D6D69AC6D8B66D9BF77A7D5FB03109EBF60A008046D2357A5BB037DB1811581EDCDCAB65182941639A91B260333268D0206F34A429F47D43860C496E4A18290180962C12897CDD9E0C66D8A2FD5AA74E9D2A929A913636FA253E6622F9FB98E88AB4346724789966D8B0617597659A4A9773468D1A957CF9A633471B005AB88B2FBEF8C1D2D2D22FDBB56B774DA0A978B2E43FF7AB793283A624DDF7D1942025DB8C54074746B26D46824D49D248C9428E3600B46C5EB31068464A12231C26108D694A82CD881F7D03CF33A704F5242E1BD6CD1969EA659A862EDF04E79470E906005AAE744D42AAE6A2A1A624D5EB9F48F17AE69420D890CCF69B054D48CD852953A6304A0200ADA419E996419391AA29696C3392DC9470F9A6801B0DDD81BAA1D76867557F22AB46313EFEF8E39C34245A7D93B424B8237F210068391ADB14ECAF29C9B41909FE7CEE125CA002974866A7595A5E92D80EDE7BDD3DF7DC637249FB94041A925BF90B0140CB6A461ADB0CA46B4A0E686233923C42435352A00D492066268F9824EE4DE33D3F6FDEBC9C3624DA3C2DF0BB4CE72F0400ADAF1969A829F95716CD48B6BF0F5A5743523762E23726891BE5798F37F764D664DAD135F07B6CE02F0400E1CA7644225553924D3392DC9430A7A4C01B92E088898D5DFED7CDB5D4B7A125C0819FBD9BBF100084A77DA2711897E5BF73408A91917F251ECFC6B82C6FA646B4E2C887E0CFA31C0040CB182169EA4844432324996C9EC60849F18E902CD33D6B74AB02ED9ECA080900142F9DFC7794E4660E49539A12E69014474352D788045EC31C1200A029C9684422DDD2DE54AB6C32694A586553F80DC912EDC61A6C4402AF61950D00A0D12313FBDB6724D31D5D7D5D4AD887A4901B927D464492B10F0900A0B123148DDDF42CD3A6C4BF6CD4933F41F1D24EADB639D89B8F9D5AE3F1F857ECD40A00AD73A424D31D581BDB94F83F8F6604DCCB0600B0CF4849F2E5937E2599EF33C2DD7E91694392F3BBFD46A3D1AFB8DB2F00B4AEA62438D135D85C64B2E959BAEF63692F52B28DC22B7EC33068D0A0665B02ACA5BE83070FFE22383AD2D09C160040CB917CF9A64D628423D3A5BCC9DF97EDFE2728EC86A4A38DAD7EE3306CD8B0AC9B123523A3468D0ACE1BD9E1BA6E678E3600B4DEA6245BA92E0701F5388E53E64F70F5474A9A7AF946DF973432C2A51A0028F2A6844DCFD068B671A80836259A53A289AE5A25D3D8D5349AC01A9C33A2B0CDCE508E2E00B45ED95E66E1320D32A691121BDB820D851A13ED53A2CDD334FAE15FCED16519EDC0AA4DCF1E7AE821D3AF5FBF2F937687D5D6F4151C5500289CA624D3110E26B0A2C934A724B81CB889B190392300505832BDECC2651A345763D23BD198ECCDA411D1A808AB6900A0B89B126D07CF0EAC6856DAD1D536260313F7BE59A7BBF5FA77EDD58DF2746F1A6D07CF0EAC00501CBA259A8D6E0D3CBF9566040000E45ABA91122ED3000080509B129A110000106A53328E66040000844973464C094B7B010040C8DA7308000000000000000000000000000000000000000000000000000085E8FF012EA1E3EE9C5D191A0000000049454E44AE426082, 1);
INSERT INTO `ACT_GE_BYTEARRAY` VALUES ('77502', 1, '请假流程.bpmn20.xml', '77501', 0x3C3F786D6C2076657273696F6E3D22312E302220656E636F64696E673D225554462D38223F3E0A3C646566696E6974696F6E7320786D6C6E733D22687474703A2F2F7777772E6F6D672E6F72672F737065632F42504D4E2F32303130303532342F4D4F44454C2220786D6C6E733A7873693D22687474703A2F2F7777772E77332E6F72672F323030312F584D4C536368656D612D696E7374616E63652220786D6C6E733A7873643D22687474703A2F2F7777772E77332E6F72672F323030312F584D4C536368656D612220786D6C6E733A61637469766974693D22687474703A2F2F61637469766974692E6F72672F62706D6E2220786D6C6E733A62706D6E64693D22687474703A2F2F7777772E6F6D672E6F72672F737065632F42504D4E2F32303130303532342F44492220786D6C6E733A6F6D6764633D22687474703A2F2F7777772E6F6D672E6F72672F737065632F44442F32303130303532342F44432220786D6C6E733A6F6D6764693D22687474703A2F2F7777772E6F6D672E6F72672F737065632F44442F32303130303532342F44492220747970654C616E67756167653D22687474703A2F2F7777772E77332E6F72672F323030312F584D4C536368656D61222065787072657373696F6E4C616E67756167653D22687474703A2F2F7777772E77332E6F72672F313939392F585061746822207461726765744E616D6573706163653D22687474703A2F2F7777772E61637469766974692E6F72672F70726F63657373646566223E0A20203C70726F636573732069643D2270726F636573732220697345786563757461626C653D2274727565223E0A202020203C73746172744576656E742069643D22737461727422206E616D653D22E696B0E5BBBAE6B581E7A88B223E3C2F73746172744576656E743E0A202020203C757365725461736B2069643D226170706C7922206E616D653D22E8AFB7E58187E794B3E8AFB7222061637469766974693A61737369676E65653D22247B656D706C6F7965657D222061637469766974693A666F726D4B65793D226C656176652D73746172742E666F726D223E0A2020202020203C657874656E73696F6E456C656D656E74733E0A20202020202020203C61637469766974693A666F726D50726F70657274792069643D2273746172744461746522206E616D653D227374617274446174652220747970653D22646174652220646174655061747465726E3D224D4D2D64642D797979792068683A6D6D222072657175697265643D2274727565223E3C2F61637469766974693A666F726D50726F70657274793E0A20202020202020203C61637469766974693A666F726D50726F70657274792069643D22656E644461746522206E616D653D22656E64446174652220747970653D22646174652220646174655061747465726E3D224D4D2D64642D797979792068683A6D6D222072657175697265643D2274727565223E3C2F61637469766974693A666F726D50726F70657274793E0A20202020202020203C61637469766974693A666F726D50726F70657274792069643D22726561736F6E22206E616D653D22726561736F6E2220747970653D22737472696E67222072657175697265643D2274727565223E3C2F61637469766974693A666F726D50726F70657274793E0A2020202020203C2F657874656E73696F6E456C656D656E74733E0A202020203C2F757365725461736B3E0A202020203C73657175656E6365466C6F772069643D227369642D45354631434434332D344341302D344231322D383035362D3035353632413838433739332220736F757263655265663D22737461727422207461726765745265663D226170706C79223E3C2F73657175656E6365466C6F773E0A202020203C757365725461736B2069643D22617070726F766522206E616D653D22E5BE85E5AEA1E689B9222061637469766974693A63616E64696461746547726F7570733D22E983A8E997A8E7BB8FE79086223E3C2F757365725461736B3E0A202020203C73657175656E6365466C6F772069643D227369642D39374232393435442D323143302D343041352D384439382D4445414644314145463646362220736F757263655265663D226170706C7922207461726765745265663D22617070726F7665223E3C2F73657175656E6365466C6F773E0A202020203C6578636C7573697665476174657761792069643D22636F6E646974696F6E223E3C2F6578636C7573697665476174657761793E0A202020203C73657175656E6365466C6F772069643D227369642D44413638384642352D354336332D343933432D414141412D3134334236303833453035452220736F757263655265663D22617070726F766522207461726765745265663D22636F6E646974696F6E223E3C2F73657175656E6365466C6F773E0A202020203C73657175656E6365466C6F772069643D227369642D43354234304335342D393233442D343830432D414530322D3630463236414145453834332220736F757263655265663D22636F6E646974696F6E22207461726765745265663D226170706C79223E0A2020202020203C636F6E646974696F6E45787072657373696F6E207873693A747970653D2274466F726D616C45787072657373696F6E223E3C215B43444154415B247B61677265653D3D66616C73657D5D5D3E3C2F636F6E646974696F6E45787072657373696F6E3E0A202020203C2F73657175656E6365466C6F773E0A202020203C656E644576656E742069643D2273746F7022206E616D653D22E5B7B2E5AE8CE68890223E3C2F656E644576656E743E0A202020203C73657175656E6365466C6F772069643D227369642D37413637304633362D413531332D343334442D394338302D3142354437373742353932302220736F757263655265663D22636F6E646974696F6E22207461726765745265663D2273746F70223E0A2020202020203C636F6E646974696F6E45787072657373696F6E207873693A747970653D2274466F726D616C45787072657373696F6E223E3C215B43444154415B247B61677265653D3D747275657D5D5D3E3C2F636F6E646974696F6E45787072657373696F6E3E0A202020203C2F73657175656E6365466C6F773E0A20203C2F70726F636573733E0A20203C62706D6E64693A42504D4E4469616772616D2069643D2242504D4E4469616772616D5F70726F63657373223E0A202020203C62706D6E64693A42504D4E506C616E652062706D6E456C656D656E743D2270726F63657373222069643D2242504D4E506C616E655F70726F63657373223E0A2020202020203C62706D6E64693A42504D4E53686170652062706D6E456C656D656E743D227374617274222069643D2242504D4E53686170655F7374617274223E0A20202020202020203C6F6D6764633A426F756E6473206865696768743D2233302E30222077696474683D2233302E302220783D2234352E302220793D2237302E30223E3C2F6F6D6764633A426F756E64733E0A2020202020203C2F62706D6E64693A42504D4E53686170653E0A2020202020203C62706D6E64693A42504D4E53686170652062706D6E456C656D656E743D226170706C79222069643D2242504D4E53686170655F6170706C79223E0A20202020202020203C6F6D6764633A426F756E6473206865696768743D2238302E30222077696474683D223130302E302220783D223135302E302220793D2234352E30223E3C2F6F6D6764633A426F756E64733E0A2020202020203C2F62706D6E64693A42504D4E53686170653E0A2020202020203C62706D6E64693A42504D4E53686170652062706D6E456C656D656E743D22617070726F7665222069643D2242504D4E53686170655F617070726F7665223E0A20202020202020203C6F6D6764633A426F756E6473206865696768743D2238302E30222077696474683D223130302E302220783D223331352E302220793D2234352E30223E3C2F6F6D6764633A426F756E64733E0A2020202020203C2F62706D6E64693A42504D4E53686170653E0A2020202020203C62706D6E64693A42504D4E53686170652062706D6E456C656D656E743D22636F6E646974696F6E222069643D2242504D4E53686170655F636F6E646974696F6E223E0A20202020202020203C6F6D6764633A426F756E6473206865696768743D2234302E30222077696474683D2234302E302220783D223334352E302220793D223138302E30223E3C2F6F6D6764633A426F756E64733E0A2020202020203C2F62706D6E64693A42504D4E53686170653E0A2020202020203C62706D6E64693A42504D4E53686170652062706D6E456C656D656E743D2273746F70222069643D2242504D4E53686170655F73746F70223E0A20202020202020203C6F6D6764633A426F756E6473206865696768743D2232382E30222077696474683D2232382E302220783D223531302E302220793D223138362E30223E3C2F6F6D6764633A426F756E64733E0A2020202020203C2F62706D6E64693A42504D4E53686170653E0A2020202020203C62706D6E64693A42504D4E456467652062706D6E456C656D656E743D227369642D44413638384642352D354336332D343933432D414141412D313433423630383345303545222069643D2242504D4E456467655F7369642D44413638384642352D354336332D343933432D414141412D313433423630383345303545223E0A20202020202020203C6F6D6764693A776179706F696E7420783D223336352E31373331363031373331363031372220793D223132352E30223E3C2F6F6D6764693A776179706F696E743E0A20202020202020203C6F6D6764693A776179706F696E7420783D223336352E343133303433343738323630392220793D223138302E3431333034333437383236303837223E3C2F6F6D6764693A776179706F696E743E0A2020202020203C2F62706D6E64693A42504D4E456467653E0A2020202020203C62706D6E64693A42504D4E456467652062706D6E456C656D656E743D227369642D45354631434434332D344341302D344231322D383035362D303535363241383843373933222069643D2242504D4E456467655F7369642D45354631434434332D344341302D344231322D383035362D303535363241383843373933223E0A20202020202020203C6F6D6764693A776179706F696E7420783D2237352E302220793D2238352E30223E3C2F6F6D6764693A776179706F696E743E0A20202020202020203C6F6D6764693A776179706F696E7420783D223135302E302220793D2238352E30223E3C2F6F6D6764693A776179706F696E743E0A2020202020203C2F62706D6E64693A42504D4E456467653E0A2020202020203C62706D6E64693A42504D4E456467652062706D6E456C656D656E743D227369642D37413637304633362D413531332D343334442D394338302D314235443737374235393230222069643D2242504D4E456467655F7369642D37413637304633362D413531332D343334442D394338302D314235443737374235393230223E0A20202020202020203C6F6D6764693A776179706F696E7420783D223338352E302220793D223230302E30223E3C2F6F6D6764693A776179706F696E743E0A20202020202020203C6F6D6764693A776179706F696E7420783D223531302E302220793D223230302E30223E3C2F6F6D6764693A776179706F696E743E0A2020202020203C2F62706D6E64693A42504D4E456467653E0A2020202020203C62706D6E64693A42504D4E456467652062706D6E456C656D656E743D227369642D43354234304335342D393233442D343830432D414530322D363046323641414545383433222069643D2242504D4E456467655F7369642D43354234304335342D393233442D343830432D414530322D363046323641414545383433223E0A20202020202020203C6F6D6764693A776179706F696E7420783D223335332E313331363732353937383634382220793D223139312E3836383332373430323133353234223E3C2F6F6D6764693A776179706F696E743E0A20202020202020203C6F6D6764693A776179706F696E7420783D223235302E302220793D223131392E3839343235393831383733313131223E3C2F6F6D6764693A776179706F696E743E0A2020202020203C2F62706D6E64693A42504D4E456467653E0A2020202020203C62706D6E64693A42504D4E456467652062706D6E456C656D656E743D227369642D39374232393435442D323143302D343041352D384439382D444541464431414546364636222069643D2242504D4E456467655F7369642D39374232393435442D323143302D343041352D384439382D444541464431414546364636223E0A20202020202020203C6F6D6764693A776179706F696E7420783D223235302E302220793D2238352E30223E3C2F6F6D6764693A776179706F696E743E0A20202020202020203C6F6D6764693A776179706F696E7420783D223331352E302220793D2238352E30223E3C2F6F6D6764693A776179706F696E743E0A2020202020203C2F62706D6E64693A42504D4E456467653E0A202020203C2F62706D6E64693A42504D4E506C616E653E0A20203C2F62706D6E64693A42504D4E4469616772616D3E0A3C2F646566696E6974696F6E733E, 0);
INSERT INTO `ACT_GE_BYTEARRAY` VALUES ('77503', 1, '请假流程.process.png', '77501', 0x89504E470D0A1A0A0000000D4948445200000224000000E60806000000E54C9EE6000019824944415478DAEDDD097014E5B6C0F1A0A870DD707B75AFE213C505B5F4A98FD2ABE5823B2A4444864ECF2421460CEEB2968A629045405454BC4F29540A0BE529D72B88C816228B2C8A22A08882B2889118F4A1443641BF774EDF9954673293649299E9C9CCFF57752AC9CC8484CEA9D367BEFEBEAFB3B2000000000000000000000000000000000000000000000000000000000000000000000000000000000000000000000000000000000000000000000000000000000000000000000000000000000000000000000000000000000000000000000000000000000000000000000000000000000000000000000000000000000000000000000000000000000000000000000000D29131A6F9860D1BA62C5BB6EC8F79F3E699B973E712498E929212B370E1C29F2472C94872929C049091B4F02F5AB4C854545498BD7BF7121EC5B66DDBCC82050B7E9513413772929C242701641C7D174AE14F9913C05E7977BA969C2427C94900194787C429BCA91352FCF79193E424390920E3E8F5628A6E4A157F434E9293E424008A7F94F8ED97AD66C3F209664DC91027F4737D8C824DF12727C94900484AF1AFDC5E66BE983DC8AC9A31A05AE863FA1C459BE24F4E92930090F0E2BF65CDBB350A7F28BE5F339DA24DF12727C94900487CF15FFBC1A8A8C55F9FA36853FCC949721200125EFCBF983B386AF1D7E728DA147F72929C04008A3FC59F9C2427C94900E95FFC750543B4E2AFCF51B429FEE424390900092FFEEB17BF10B5F8EB73146D8A3F39494E0240C28BFFCF65ABCD17738A6B0E8DCB63FA1C459BE24F4E92930090F0E2AFB1F193D76A147F7D8C824DF12727C94900484EF1DFB3C7AC5FF262CDA171794C9FA36853FCC949721200125AFC75D7CB758BC746BD5EAFCFB13326C59F9C2427012031C55FDE656E5D5F6A3E9F35306AE10F85BE465FCB3B538A3F39494E0240DC8A7F5DEF4079674AF12727C949004878F1AFCF3BD0DADE9952C429FEE4243909008D2EFE0D2DFCA1A08853FCC9497212001A5DFC098A3F394990930028FE147F72925C20270150FC098A3F394990930028FE147F72925C2027816433C6B458BD7A75AF8913272E183972E4AFF7DF7FFFBE82820293939363727373FFBCEBAEBBF63EF2C8231B468D1A3549E20C8E18C59FE24F4E12E42410D746E4EDB7DF7E6DE8D0A1FB7AF7EE6DC68D1B67962D5B66CACACACCEEDDBB8DD28F151515E6D34F3F35D2B098071E78E0CF3E7DFA6C2A2A2AEAC911A4F853FCC949829C041A451A8FC261C386ED19306080D36CECDFBFDFD4D7CA952BCD430F3DB4BF57AF5E6B7D3EDFA91C4D8A3FC59F9C24C84920D65191E6D3A64D2BBDF3CE3BCDF4E9D3636A44C2CD9A35CB141616EE62B484E24FF1272709721288A919993F7FFEC7F7DD779F59B76E9D89874D9B3619696E76F5ECD9F31E8E30C59FE24F4E12E42450271D19D16644E784C493FE7B45454595B66DE7729429FE147F7292202781A874CE885EA689D7C848A49192FCFCFCEDD294B4E36853FC29FEE424414E02912ED5B4183264C85E9D3392483366CCD81508049672C429FE147F72922027811ADE79E79DD77535CDEFBFFF6E12EDEEBBEF2EE7D20DC59FE24F4E12E42450637444F719D1A5BDC9B06AD5AABD8C9250FC29FEE424414E02D5E80EAC3A91B531CB7B63555858589E9393D326D38FBD6DDB73252EA5F853FCC949829C44C6D3EDE05F7EF965934C63C68C59290D49FF4C3FF6BAF5BE869E042CCBFA3BC59FE24F4E12E4243296DE9B46B7834FA6254B966C92A2379D86E4DFC5DF153323BD3BA5F853FCC949828604694F6F94B775EBD6A43624E5E5E51552E8B6D090D428FE55EF4EDD27018A3FC59F9C24684890F6F4AEBDA11BE5258BFE3C2972BB694822177FF7BB531D36F7A2F8EBDF68CF9E3DD51EFBE1871FCC37DF7C53E3B5FABA488FD715BB76ED32DF7EFBADF9EDB7DF1AFD3B50FCD33F276B0BCD23F7D7FA266BCD9A35B57E8F6ED8F8D1471F457DFEA79F7E326BD7AE753EDFB2658BF9F5D75F9D9CD4BD9AA2E52C390934B20079A11E858F088617C55F4E3ACECFDEB16387D13B3D3FF0C003E6E28B2F36279C7082F3B9C6D2A54B9DD7CE9831C3346FDEDC74EAD4C99C73CE394EE844E973CF3DB7EAEB2FBFFCB2C6CF58BF7EBD1651F3D9679F35FA7748669093DEE464B4F8E4934FCCA1871E6AC68E1DEB34ACBA09E3B061C3CCE9A79FEE7CAEB173E74EA7B9183D7A745574EEDCD91C70C00166E4C891D51E0F35BCAFBFFEBA39EEB8E39CCF8F3CF248F3E69B6F3A773AD79CD59F494302C4598F1E3DFE4CF60889BC332E6784A4D677A3CBE564DCA943870ECDBD1A1E2F2D2D35471F7DB4E9D9B3A76EFB6F6EBDF556D3AE5D3BA740EBE7DDBA7573EE02ADAFBDF9E69BCD29A79C626EBAE92673EDB5D79A2BAFBCD279CDABAFBE6A9E7BEE39A780AF58B1C279EDB871E3CC1D77DCE184FE5FF5397D6DE8B1175F7CB141BF03C53FFD733252688370D2492799B3CE3ACB5456569AABAFBEDAC9A9F0D0FC9B32658AD338EB6BA285BEF6FDF7DF371B376E340F3FFCB069D5AA9559B060010D09900CF24E766FB2E790C8BB98AF994312B1F8572BFA5E5FAFFFFCF3CFCDE6CD9BCD9021439C86439B83830F3ED8F9FCCC33CF745EA3EF3EB5C8DF7DF7DD4E43D2B1634773DD75D7995B6EB9C58C1F3FDE3CFBECB3D51A92EEDDBB9B33CE38C369327C3E5F5543A25FEBE3FA7CACBF03C53F7372323C346FB421D146F789279E30DBB66D33DF7FFFBDF3B98E90E8E71A7A8965E6CC994E8E6953A1A123739ABB1F7CF041D563679F7DB659B4689179EAA9A79CD113CDCF934F3ED96948DE78E30DE7DFD2C7860F1F6E2EBFFCF23A2F0B9193400C060D1AB43ED9AB6C66CF9EFD3EAB6CAA15FFA5B66D77092FFA5E15FFC2C242671442E3DD77DF35EDDBB777E2F8E38F37871F7E78D5D78F3DF698135AA0FBF6EDEB3424C71C738C7389461B94F3CE3BAF2ABEFAEAABAA86445FB770E142F3D65B6F39DF3B71E244E76B7D3CD490C4F23B50FCD33F27A3858E66E8A53F1D39D30621D2E888467E7E7ED5659868AFD178FAE9A7ABFEEDF04B36FAFC65975DE67C6CD1A285B9EDB6DB225E8AA421011A68F4E8D12F277B1F92E2E2E219EC43E214FF88EF3EBD2EFE8B172F76AEAB6BE1D5C98203070E34D9D9D9D5424E56CEA847D7AE5DAB35247A1965D6AC5966F2E4C94E53128AD0A5156D380E39E41073D451475515F9C30E3BCCF95A1F0F3524B1FC0E14FFF4CFC9DA2646872EFD6973A0A31EEEB8E8A28B8CD637BD04136A3274944D2FB96833A3DFA78DB17EDDB66DDB1A0D89E6A836C4FA71F0E0C1CE688A7E8F36D05CB201E2ECD1471F6D7BEFBDF7FE91C49D5A77FBFDFE6FD9A9B5FEBC28FE4B962C710AAFAE2C90FC30279E7862D530FE25975CE24C2CD5D72D5FBEDCC8C9CBF4EBD7CF69480E3AE82073C4114718F91B3BDFAF8D43B366CD9C89AFA186E4F6DB6F8F38A9551F775FB2A9EFEF40F1CF8C9C8C1443870EAD1ADDD049AB9A7BEED0C75BB66CE94C568D658444E79B5C70C105CE63D75F7F3D734880649177B7DF24EB5E36B367CF9E242794451CF5A6D190E8FC0D6D0674DE868E6268E88A06773370D5555755352477DE79A7739DFD975F7E71DE9DDE78E38DCEB0B74E380C35243A22A2D7E55BB76EEDFC0CFDB7F46B7D3C5243529FDF81E29F990D894E7C9E3061829327DA2CE8BC259D583D67CE1CE7EFA4A36EC5C5C555CB82B521D1FCD1DC9A3A75AAF37DFA987EED1E21D1E77492EBB1C71E1B75958DAEDCA12101E24CDE99FAE484B22F09A324DBE59DF30AEEF6DB741A126D1AF45AB916EB5EBD7A39A1AB68A23524A1779ACF3FFFBC53DCF5F3FEFDFB57BD562FB35C73CD35CE4920B40267C48811CED75DBA74711A9A86FC0E14FFCC6C4842CB7E354F7442EBCA952B9D9191071F7CD0794E1B571DED705F86C96AE01C92F086449BE7679E79868604883729F2ABA74F9F9ED06E44E7ABE8E8485DD7A7E17DF1D7779A5A78F5D28B36003A31551B075DEDA22B69A23524BA3C57AFD74F9B36CDB469D3C6F9377435CCAA55AB62DE872496DF81E24F43A20D897EFDDE7BEF39AB60E6CD9BE7ACA279FBEDB7AB5EABFBD6F4E9D3C7597513CA3FBDECA85F6B6E95949438AF2B2F2F378F3FFEB8D390E8F3071E78A039FFFCF39D25EEFA3D2FBCF08239EDB4D39CA69A860488339DD3515858B84B77214C84D5AB574F939FB155DE21B7E368A77EF1D7C2AD277EFD5C2F97E8C8867EFED24B2F39055997F5466A487472ABEE6B73EAA9A73A1B4F7DFCF1C7CE1C136D54C27F86E65A6D0D492CBF03C59F8624D49068E8085A68744D2F2146FA3E5DB21E2DFF74226C28C7F48D9AFE3B3A7AA74DCE85175EE83CA72BBE58F60B24486E6E6E40DE89EED42D95E3490AC287F22E7733976A9A66F1D77D6A74EB6CFD5CAF9BEBD7E1231D5AF475644477CAD4C7DC27016D50741BEE485BC3EBEBC2B7876FC8EF40F1CFDC864457DA84F22E143AE2A193A16BCB2DCD236D9843F39BC2BF3F946391FE8DBAFE6D7212888340205028EF662BE33552A22323DA8C5896F51047B7E9177F82E24F4E929340D248F390939B9BFBEBD4A9537F6BC444D7ED4F3FFDF404BD4C2351C051A5F853FCC949829C0462A6734AFC7EFFBC5EBD7A95AF58B162572CFB8CCC993367B23434CB75022B734628FE147F7292202781783426DDB431292828A8183972E49A0F3FFC70735959D9D6D00DF9F446797A6F9A929292F7060F1E3C3310086CD046444745584D43F1A7F89393043909C495341AAD6DDBEE2D8DC614898D7AB7DEE0AE99FA718BDE9B46B7836707568A3FC59F9C24C84900147F82E24F4E92930040F1A7F8939304390980E24F50FCC94972120028FE147F729220270150FC098A3F39494E0200C59FE24F4E12E424008A3F41F12727C94900A0F853FCC949829C0440F12728FEE424390900147F8A3F394990930028FE04C59F9C24270180E24FF1272709721200C59FA0F89393E4240050FC29FEE424414E02A0F813147F72929C04008A3FC59F9C24C84900147F82E24F4E92930040F1A7F8939304390980E24F243866CE9C4943424ED29000A0F813DEC58E1D3B4C5E5E9EC9C9C9F9C6B2AC77E4E350DBB6BB48B49338969C2468480050FC89A4C4F8F1E3B521F953C24488AD123325264883D29B9C24684800A48D79F3E651745327764BF1DF27CDC6C4280D893B0AC84922593949A50490700B172EDC5A515141E14D81282B2BFB5F29FE6BF5128D341CBB6B69469676E8D0A1393949242B27A9940012AEB4B4F4E6F9F3E7FFF2E38F3FEEA2007BF72E540B7F4949C966896EFA7791A664449466A4521B16729248764E0240C249C1E924EF8296EBD0AC5E2F26921E7ADCD7BA0B7F4141412B693EB6853724D28CBC57545474103999FAA17FAF74CA4900408692E6A367583332473EBE27F149BA8F92A403FD9B711400004D9ECE139193DAC66043B2CDE7F3FD3578A22B92A890B887A34443020040324E6ADDF4C46659568EFB71BFDF7F9A3CBE4C9701E7E6E6FE8D234543020040A24F6C8323ADAA098EA0144B94DBB67D2B478A86040000CFF8FDFE0BE5E4B74E374CCBCECE3E9C23424302008027F2F2F20EB52CEB2539096EB06DFB528E080D0900005E9E046F92F841F731C984E5C134240000A4289FCF779C9C0CA74AAC90CFCFE288D0900000E099E03E26BA3CF87EF9B2194784860400004F5896D5564E8C4B247453B5E339223424000078C2E7F31D2827C741BA3C581A141F4784860400002F4F90ED6DDBFE4A3EBE1608048EE088D0900000E089CE9D3BFFC5B2AC7FE896F4DDBB77BF9C23424302008067A429B9414E9865F27194CFE73B98234243020080276CDB3E564E9AFF9258299F9FCD11A1210100C0339665DDA6CB83A529E99DC5F2601A120000BCE2F3F94E9613E88712258140A035478486040000AF9A125D1E3C50E247098B234243020080672CCBBA404EA66B6DDB9E244DCA911C111A1200003C218D484B39A18E95D82CD18123424302008067FC7EFFF57262FDDEB2ACA76EB8E1864338223424000078223F3FFF186948FE2927D8558140E01C8E080D0900009EB16DBB47707970BF2C9607D3900000E0E149B68DC442694A4AE5E3891C111A1200003C3178F0E0032CCB7A28B83CD8CF11A1210100C0CB13EEF9B66DAF91985C5050D08A23424302008027A41169210DC9B372F2FD4EE26A8E080D0900009E91A6E45A39016F917886E5C13424000078C6E7F31D2D27E137253EB72CEBBF684868480000F08C6DDBB9BA3C589A92013A01968604000078C2E7F3FDA79C90E76BE8E734240000C013C1E5C103829BA9E5D290000000CFE87C129D57A2F34B749E090D090000F084AEBCD11538BA124757E4D090000000CF4833725570CF92E7740F131A120000E009DDD5557777D55D5E75B7571A120000E0E509DBAFF7C3D1FBE2A4E3F2601A1200009ACE49FBC4E09D8317EA9D846948000080579A4953D22FB83CB8070D090000F04C201038474EE2AB2CCBFA677E7EFE3134240000C013C1E5C1A325BEF7FBFDD7D3900000002F4FE61D2436498CF5F97C2D694800008027A41139D2B6ED4972625FEBF7FBFF9B86040000787962B77479B0C44069520EA4210100009E080402ADE5045F22F1A1342527A760F3315D1B903A62397F4900009A3E5D1EDC5B97075B96755B8A3524ED25F6D5D690C8EFDC893F21000069429A92B3E504BF52E25FF2F9B129D494CCACA52159DAA14387E6FCF5000048233E9FEF60CBB246C989BE4C3EDE90220D49FB680D89344E5DF8AB010090A6BA77EF7EB99CF0374AFC4FE7CE9DFF92024D49A4B924CB191D010020CD05028123E4A4FF9A6DDB5FE92885C70D498DB924CC1D01002083C889DF270D40B9C4202F9707CBEFF10EA3230000643069008E97982DB1441A83B61E35247F77CD1DE9C85F050080CCD44C9A81FB83770FEEE95163E4CC2561740400800C6759D699D214AC9098E6F3F98E4B7243D2BE6BD7AEECD40A0000B2B28A8A8A0E92E6E009891F923CB9542FD598E0470000006733B54BA529D9204DC94B7979798726F8C75D23B15D624CF023AB6C0000C0BF6567671F2E4DC90489757EBFFFC2043723A126444748B6D1940000806A2CCBEA1A5C1E5C1CE749A7E1CD485D8F0300804C969B9BFBB7E0BD6796F9FDFED3E2F04F76ACA3E9083DCF9C120000509D3424F7E8F26089A238342375351B8C9420EE0281406BCBB2EE951C9E22B15EA232B80FCE6EBDAD4270A3BEFEFA3A8E1600A430DBB6DB49C1FE44F70EC9CBCBFB8F18BFFD9AACD8463E627D3D102D6FBB48CC95D85BCB5DA6C3E303797D2E470F0052942E0F96423D4C97074B64C7D85CC43AE2A1DF574953828690FC6C23B93A2B862624522CF2F97CA772340120758BFD2512DF5A9635BE8EE5C18DBDFCC2E51BC44CF232C7EFF7FF9FBBB908040266C48811A6B4B4D47CF7DD7766C78E1D46EDDCB9D394959599C58B179B3163C618C9E7F0A6A492D112004861F2CEF13029D6AFE8F578BD2F4D8497D43581B5BEE2F5EF20339A914ED240EC77372293264D32151515A63EB66FDFEEBC5EBFCFDD9878757B0500403DE9357A29D85B2586B89607C77BB50C2325A84F3392E36E46FAF6EDEB8C8634847EDF800103C29B12464A002095F97CBEBFCAC9608614ED8FDBB66D5B10D68C3493E811FC188BF0EF63A22BA2D23923EECB34C5C5C55597651A4A2FE70C1F3E3CFCF24D3B8E3600A4B82BAEB8E2B9ECECEC3F5AB66C79ABABA97825EBDFF7AB792586A624DAF7D194202269464ADC23238D6D46DC4D49D848C9228E3600A436A75970352359C1110EE38AFA3425EE662414F9AEE79953826A82970DABE68C34F4324D6D976FDC734AB8740300A92B5A9310A9B9A8AD2989F4FA9723BC9E39257037247343CD824E484D84C99327334A02004DA419E918439311A929A96F3312DE9470F9268D1B0DBD03756DAFD19D554313597514E3E79F7F4E4843A2AB6FC29604B7E12F0400A9A3BE4D415D4D49ACCD88FBE77397E034E5BA443237CAD2F2ACE076F0CEEB9E7CF2499348BA4F89AB21E9CF5F080052AB19A96F3310AD2939A081CD48F8080D4D499A3624AE98193E6212BC378DF3FCFCF9F313DA90E8E669AEDF653A7F2100687ACD486D4DC9D78D68461AFBFBA0693524552326A1C62478A33CE7F1784F660DA73BBABA7E8F2DFC8500C05B8D1D9188D49434A619096F4A985392E60D897BC4446257E8EB782DF5AD6D09B0EB67EFE62F0400DE69156C1CC634F2DF3920C2C8C8D7C1C71B634C236FA64634E14806F7CFA31C00406A8C90347424A2B6119258364F63842473474896EB3D6BF45605BA7B2A23240090B9F4E45F99959839240D694A984392190D495523E27A0D73480080A624A61189684B7B23ADB289A52961954DFA37244B7537567723E27A0DAB6C0000F51E99A86B9F915877740D699FC53E24E9DC90D4181109C73E240080FA8E50D477D3B3589B92D065A32EFC093297EED42ACDC1BE64ECD49A9B9BFB273BB50240D31C29897507D6FA3625A19F473302EE650300A83152127EF9A44756ECFB8C70B75FC4DA9024FC6EBF7EBFFF4FEEF60B004DAB29714F74753717B16C7A16EDFB58DA8B88A451F820D430F4EDDB376E4B8075A96FBF7EFDF6BB47476A9BD30200481DE1976F9A054738625DCA1BFE7D8DDDFF04E9DD90B491D8166A1C8A8B8B1BDD946833327CF870F7BC914ADBB6DB71B401A0E936258D15E97210508D655939A109AEA19192865EBED1EF0B1B19E1520D00647853C2A667A837691C0ADC4D89CE29D189AEBA4AA6BEAB697402AB7BCE8886343B0F717401A0E96AEC65162ED320663A5222B1DDDD506863A2FB94E8E6693AFA11BA9CA39765740756DDF4ECF9E79F373D7AF4F8236C7758DD9ABE80A30A00E9D394C43AC2C104563498CE29712F076E602C62CE0800A497582FBB709906F16A4CBA051B937DB134223A2AC26A1A00C8ECA644B783670756C495EEE82A8D49EFE0BD6F36EADD7A4377EDD51BE5E9BD69743B7876600580CCD031D86C74ACE5F96D3423000020D1A28D94709906000078DA94D08C0000004F9B923134230000C04B3A67C464B1B417000078AC15870000000000000000000000000000000000000000000000000000908EFE1F276AA4C3143BAF4B0000000049454E44AE426082, 1);
INSERT INTO `ACT_GE_BYTEARRAY` VALUES ('85002', 3, 'source', NULL, 0x7B227265736F757263654964223A223835303031222C2270726F70657274696573223A7B2270726F636573735F6964223A22746573745F70726F63657373222C226E616D65223A22222C22646F63756D656E746174696F6E223A22222C2270726F636573735F617574686F72223A22222C2270726F636573735F76657273696F6E223A22222C2270726F636573735F6E616D657370616365223A22687474703A2F2F7777772E61637469766974692E6F72672F70726F63657373646566222C22657865637574696F6E6C697374656E657273223A22222C226576656E746C697374656E657273223A22222C227369676E616C646566696E6974696F6E73223A22222C226D657373616765646566696E6974696F6E73223A22227D2C227374656E63696C223A7B226964223A2242504D4E4469616772616D227D2C226368696C64536861706573223A5B7B227265736F757263654964223A227369642D32453432364243302D373044362D343645392D383237382D304536303132443136334345222C2270726F70657274696573223A7B226F766572726964656964223A22222C226E616D65223A22222C22646F63756D656E746174696F6E223A22222C22657865637574696F6E6C697374656E657273223A22222C22696E69746961746F72223A22222C22666F726D6B6579646566696E6974696F6E223A22222C22666F726D70726F70657274696573223A22227D2C227374656E63696C223A7B226964223A2253746172744E6F6E654576656E74227D2C226368696C64536861706573223A5B5D2C226F7574676F696E67223A5B7B227265736F757263654964223A227369642D32303332333142422D463646382D344442332D394244452D383037343445344433413239227D5D2C22626F756E6473223A7B226C6F7765725269676874223A7B2278223A3135302C2279223A3131327D2C2275707065724C656674223A7B2278223A3132302C2279223A38327D7D2C22646F636B657273223A5B5D7D2C7B227265736F757263654964223A227369642D32413633313635312D443943422D343037302D423135392D414238454232434136363841222C2270726F70657274696573223A7B226F766572726964656964223A22222C226E616D65223A22222C22646F63756D656E746174696F6E223A22222C22657865637574696F6E6C697374656E657273223A22227D2C227374656E63696C223A7B226964223A22456E644E6F6E654576656E74227D2C226368696C64536861706573223A5B5D2C226F7574676F696E67223A5B5D2C22626F756E6473223A7B226C6F7765725269676874223A7B2278223A3430302C2279223A3131317D2C2275707065724C656674223A7B2278223A3337322C2279223A38337D7D2C22646F636B657273223A5B5D7D2C7B227265736F757263654964223A227369642D32303332333142422D463646382D344442332D394244452D383037343445344433413239222C2270726F70657274696573223A7B226F766572726964656964223A22222C226E616D65223A22222C22646F63756D656E746174696F6E223A22222C22636F6E646974696F6E73657175656E6365666C6F77223A22222C22657865637574696F6E6C697374656E657273223A22222C2264656661756C74666C6F77223A2266616C7365227D2C227374656E63696C223A7B226964223A2253657175656E6365466C6F77227D2C226368696C64536861706573223A5B5D2C226F7574676F696E67223A5B7B227265736F757263654964223A227369642D32413633313635312D443943422D343037302D423135392D414238454232434136363841227D5D2C22626F756E6473223A7B226C6F7765725269676874223A7B2278223A3337312E323733343337352C2279223A39377D2C2275707065724C656674223A7B2278223A3135302E37303730333132352C2279223A39377D7D2C22646F636B657273223A5B7B2278223A31352C2279223A31357D2C7B2278223A31342C2279223A31347D5D2C22746172676574223A7B227265736F757263654964223A227369642D32413633313635312D443943422D343037302D423135392D414238454232434136363841227D7D5D2C22626F756E6473223A7B226C6F7765725269676874223A7B2278223A313230302C2279223A313035307D2C2275707065724C656674223A7B2278223A302C2279223A307D7D2C227374656E63696C736574223A7B2275726C223A227374656E63696C736574732F62706D6E322E302F62706D6E322E302E6A736F6E222C226E616D657370616365223A22687474703A2F2F62336D6E2E6F72672F7374656E63696C7365742F62706D6E322E3023227D2C227373657874656E73696F6E73223A5B5D7D, NULL);
INSERT INTO `ACT_GE_BYTEARRAY` VALUES ('85003', 1, 'source-extra', NULL, 0x89504E470D0A1A0A0000000D49484452000001C2000000A20806000000D29BCDAB000000206348524D00007A26000080840000FA00000080E8000075300000EA6000003A98000017709CBA513C0000000467414D410000B18E7CFB5193000000017352474200AECE1CE900000006624B474400FF00FF00FFA0BDA793000000097048597300000EC400000EC401952B0E1B00000AC14944415478DAEDDD7B6C95E51D07F0B787DE00B90CA7A9C61B0615B1152593FE4183EE124565C63F7085B10BCE18B22C6E266671331A976CCBF8C3EB1FE2548868643D6A950E6754240AA4234445C01E91A54E611D97B181A5A0AD694FBBE7E92C3B211A8BBDD09E7E3EC99BF79C53CE5BF2F4FCCEF779DECBF3260900000000000000000000000000000000000000000000000000000000000000000000000000000000000000000000000000000000000000000000000000000000000000000000000000000000000000000000000000000000000000000000000000000000000000000000000000000000000000000000000000000000000000000000000000000000000000000000C06029D00474757595363434FC78CB962DDFDFBB77EF257BF6EC19D3D2D252D8D6D696141616768D1B37AE7DD2A449BBC78F1FBF31FCF3DFDE7EFBED7FD36A303C2D5CB8F08C8E8E8EEB0B0A0A2E0F4F2F094B59584E0A4B5B58F685EF83ADE1677F1D356A547AE5CA95FF1484E47D003EFFFCF38F6EDFBE7DC18103070A2FBCF0C264FAF4E9C999679E9984E04B4A4B4B931886870F1F4E9A9A9A924C2693BCFDF6DB5DA954EA1F1F7FFCF1EF1E7DF4D1655A118687050B165C1F563F0BCBEC50FBC5BD7CDBBA108ACB6B6A6A9E1284E49D4D9B36FD64EDDAB54B0F1D3A54327FFEFCEE000C3DC05EBD77DBB66D493A9DCE7EF4D1478D070F1EFCEEB3CF3EFBBE1685A129D4F73921CCFE18C2EFAA3E6CA63E9BCDDE98AFB52E0847DE28B070F5EAD56B5E7AE9A56F5E7BEDB5C9D5575FDDEB003CD62BAFBC923CF3CC33AD8585853F373A84A1A7BABA7A7EA8EFA59D9D9D5FEB792DD67B797979525959994C99322599387162326EDCB8E4934F3E499A9B9B939D3B77266FBCF146DCFB93B4B7B7E76EEE4808D49FE6E3E850108EB0105CBF7EFDC6E79E7BEEB25B6EB92539EFBCF3FABCCD5DBB76254B962C69EDE8E8F8E5B265CB1ED2CA306442706E2A95AA0B753FAA270063C7F7CA2BAF4C4E39E5942F7D7F0CC5175F7C31099DE6248C06FF1F1A0505378730CCAB8EEF281F979163C68C196BC3077BD65D77DDD57D1CB03FC4DE64E85916BDFEFAEBB3CF3FFFFCA64C26F38E9686133F120C21F84C4F089E7EFAE9C99D77DE995455552563C78EEDD536E23902175F7C7172D96597253B76EC485A5A5A7A7E745D4545C5DFF3A9D605E108118F09D6D6D6FEE2D65B6FEDB710EC110B2B144CF1860D1BBE356DDAB43F8702F98F168713231E130CA3BFD52104C7C4E7175C704172C71D77F46A14F879264C9890CC9A352BF9F0C30F93FDFBF7F7BC7C6508C355F952EB291F9BFC17CF0E5DB366CDC3F198607FEC0EFD3C679F7D76EC8596845EE8E35A1C4EE0977A2AB5ACE798601C09DE76DB6DDDC700FB62CC9831C9319DE893C2F7CA6379D3663E36F9AFAEAE6EF9E1C3878BAFBAEAAA01FD3DD75C73CDE8D07B9CBC60C1821F6875187CF112891082DF8E8FE331C1185E7D0DC1DC308CE716E49C5C57952FB52E0847C0683093C97C2F5E2251545434E0BF6FF1E2C55F0B3DD29F6979387EA14EEF8C6176C51557147EC54D1CADBD78624C7F1F0689DB9B3B776EEEF7CB6241C89017678CD9BF7F7F61BC4E7030C4638525252593E3710AAD0FC7EDB7215C56959595355757573F154271CE0D37DC70526FDE18678C09AB6FF68C0663100E843973E6E476AAABF2A1D605619E8BD3A61DCFC5F2FDA1A2A2625F58CDD3FAF0958D2D2828581842F1A550BBFF0C61F3640CC5458B16957ED11BE2B4693D6789C69A8FB3430D8478A6F88C1933725F1AF6B52E08F35C9C3B345E3C3B982A2B2B2786D5E55A1FFAC584B0FC3086625B5BDBC1108A8F7FDEEED3CFE60EED3673E6CC01FD0F1DB3FD615FEB853E63F92D4EA01DCFE81C4CE79E7B6E3C6DFB12AD0FFD6E74581685505C545656762884E2CB210057949494AC0B2179494E0D0EE87FE29C73CEC97D3AEC6B5D10E6B9781789B82B6330B5B7B79F120AB52314E96FFC056040478AD5A1D6AAE3E4F84167CF0F06BAE68FD9FED70521435A2C903843C460DAB46953DC4D133F5B77FB0BC0A0397AA8ABBF2E99F822F1528A1CA5C3BDE104619E2B2929E90A61583098613873E6CCFFD4D6D64E0C61F87B7F01382E5FDA790C75D51E4681F161D131AF7786D7BBC330DE3A6D20C3304ED09DDBDF16840C69E3C78F6F6F6E6E2E2E2B2B1BB4DF595454743014655B3A9DFE8DBF00F4DEFCF9F3BF280863F87586BA2A09EBEE000CEBE6F07C6D5856860EEFCBA1C3DB105E9E127F1627CC1EC8208CDBCF31ECA7591384796EE2C489FFD8B56BD794C10CC2868686BF875556EB439FB426FF3BEE1767C92E0A81175F3B129697C3F2F4E8D1A3D7AE58B1A2392744B7F604E1071F7CD0EF17D3E78AB76ACAB1551032D44784EB3399CC9478EFB1C1B271E3C6B8DF66BDD6873E19FDD93A865F6D585E2C2D2DFD4B08BFCFDD15194688EB4358765FD317EF2778F9E503775543DC7E8E615FEB8230CF1D3A74E80F61447863369B4D0DD245F56D8D8D8D53939CA99E80E313777B86D5BA542AF544BC342277E4F7855FE6858575A1CEEF8F0FB76DDB961C3C7870402EAA8FBB45376FDE1C3BBB3DF7B3AD1DEEEDED364C796EC3860D1F555555FDE8D4534F9D74DA69A70DF8EF5BB366CDD35BB66C19954EA7EFD7FA707CCACBCBB36154F77818F9DDB432C864323BB66EDDDAAB93511A1A1A5A2A2A2A668787E7C69369428876DF4FB0BFD5D5D525EFBDF75E4F08D6E743AD1B118E8C51E1AFFF144C9F3EBD70804785CD4F3CF1C4B450C8F76975387E21547ED7C74D3C1496EFC407F1CEF2B367CFEED763854D4D4DC90B2FBC707434186AFD917C687753AC8D00CB972F7FF6C89123EFC5C21848F7DC73CF739D9D9D1FEFDDBB37ADD561F0D5D4D4D485D5BAF8389BCD260F3CF040F7A514FD215E32F1E0830F66438D1F1D0DE64BAD0BC291332ABC6ED5AA55AD8D8D8D03B2FD868686D59B376FBE36F4106F5EB76E5D87168713E6C6E4B34B1AF6ECD993DC7BEFBD7D0EC318822154BB76EFDEDDB34BE9483ED5BA63842344269369BEE8A28B76BEF5D65B732A2B2B8BC68E1DDB6FDB0EC5F1D7BBEFBEFB82F0F057A147FA9AD686135EEB4D21A8AE8F839D03070EC4935B9269D3A62513264C38EEEDC5DDA14B962CC9BEFFFEFB47074E61DB37E553AD0BC211E49D77DE69983A75EABEFAFAFA6F8775F1C9279FDC2F23C11882D96CF6E1743ABD542BC389F7EEBBEF66CACBCB9BC2C37817DD541C11BEF6DA6B496B6B6B72D65967F56ADAC57876683C3166E9D2A55D2D2D2D4743B0ABABEBD7F956EB053E32234F7575F5FCA2A2A247E6CD9B376AEEDCB963BFE20934CDF7DD775FDD9B6FBE39273C8E85B142CBC2D0ABF5B07A388CE08ECE921DEB3DDEAF30DE4A29DEA5224EA01D67A189BB3F63F8C58BE5E308322C9D9F7EFA69EEE1B3783DE32DF958EB8270848A77954EA552CB43015CB478F1E2F1975E7AE9E85EBEB5EDD5575FAD7BF2C927A7747474B4C5E3043535353BB4280CDD5A0F75FA5818C97DA70F9BA9CFE75A17848A645E08C49F161717574C9D3AF5DF555555274D9E3CB978D2A4496571F7496B6BEBBF422FF1D0F6EDDB1BEBEBEB47353636C6DDA0BBC35B97EFDBB7EF2927C6C0F0A9F510668B43205E91F4FED2B9FA9150EB82906E0B172E3CA3B3B3735E289259E1E937C21227278D0712E2C5BCF10CB4389F609C4AA9369D4EEFD462A0D601000000000000000000000000000000000000000000000000000000000000000000000000000000000000000000000000000000000000000000000000000000000000000000000000000000000000000000000000202FFD1762C2B89D23404C6A0000000049454E44AE426082, NULL);
INSERT INTO `ACT_GE_BYTEARRAY` VALUES ('85005', 1, '测试流程.bpmn20.xml', '85004', 0x3C3F786D6C2076657273696F6E3D22312E302220656E636F64696E673D225554462D38223F3E0A3C646566696E6974696F6E7320786D6C6E733D22687474703A2F2F7777772E6F6D672E6F72672F737065632F42504D4E2F32303130303532342F4D4F44454C2220786D6C6E733A7873693D22687474703A2F2F7777772E77332E6F72672F323030312F584D4C536368656D612D696E7374616E63652220786D6C6E733A7873643D22687474703A2F2F7777772E77332E6F72672F323030312F584D4C536368656D612220786D6C6E733A61637469766974693D22687474703A2F2F61637469766974692E6F72672F62706D6E2220786D6C6E733A62706D6E64693D22687474703A2F2F7777772E6F6D672E6F72672F737065632F42504D4E2F32303130303532342F44492220786D6C6E733A6F6D6764633D22687474703A2F2F7777772E6F6D672E6F72672F737065632F44442F32303130303532342F44432220786D6C6E733A6F6D6764693D22687474703A2F2F7777772E6F6D672E6F72672F737065632F44442F32303130303532342F44492220747970654C616E67756167653D22687474703A2F2F7777772E77332E6F72672F323030312F584D4C536368656D61222065787072657373696F6E4C616E67756167653D22687474703A2F2F7777772E77332E6F72672F313939392F585061746822207461726765744E616D6573706163653D22687474703A2F2F7777772E61637469766974692E6F72672F70726F63657373646566223E0A20203C70726F636573732069643D2270726F636573732220697345786563757461626C653D2274727565223E0A202020203C73746172744576656E742069643D227369642D32453432364243302D373044362D343645392D383237382D304536303132443136334345223E3C2F73746172744576656E743E0A202020203C656E644576656E742069643D227369642D32413633313635312D443943422D343037302D423135392D414238454232434136363841223E3C2F656E644576656E743E0A202020203C73657175656E6365466C6F772069643D227369642D32303332333142422D463646382D344442332D394244452D3830373434453444334132392220736F757263655265663D227369642D32453432364243302D373044362D343645392D383237382D30453630313244313633434522207461726765745265663D227369642D32413633313635312D443943422D343037302D423135392D414238454232434136363841223E3C2F73657175656E6365466C6F773E0A20203C2F70726F636573733E0A20203C62706D6E64693A42504D4E4469616772616D2069643D2242504D4E4469616772616D5F70726F63657373223E0A202020203C62706D6E64693A42504D4E506C616E652062706D6E456C656D656E743D2270726F63657373222069643D2242504D4E506C616E655F70726F63657373223E0A2020202020203C62706D6E64693A42504D4E53686170652062706D6E456C656D656E743D227369642D32453432364243302D373044362D343645392D383237382D304536303132443136334345222069643D2242504D4E53686170655F7369642D32453432364243302D373044362D343645392D383237382D304536303132443136334345223E0A20202020202020203C6F6D6764633A426F756E6473206865696768743D2233302E30222077696474683D2233302E302220783D223132302E302220793D2238322E30223E3C2F6F6D6764633A426F756E64733E0A2020202020203C2F62706D6E64693A42504D4E53686170653E0A2020202020203C62706D6E64693A42504D4E53686170652062706D6E456C656D656E743D227369642D32413633313635312D443943422D343037302D423135392D414238454232434136363841222069643D2242504D4E53686170655F7369642D32413633313635312D443943422D343037302D423135392D414238454232434136363841223E0A20202020202020203C6F6D6764633A426F756E6473206865696768743D2232382E30222077696474683D2232382E302220783D223337322E302220793D2238332E30223E3C2F6F6D6764633A426F756E64733E0A2020202020203C2F62706D6E64693A42504D4E53686170653E0A2020202020203C62706D6E64693A42504D4E456467652062706D6E456C656D656E743D227369642D32303332333142422D463646382D344442332D394244452D383037343445344433413239222069643D2242504D4E456467655F7369642D32303332333142422D463646382D344442332D394244452D383037343445344433413239223E0A20202020202020203C6F6D6764693A776179706F696E7420783D223135302E302220793D2239372E30223E3C2F6F6D6764693A776179706F696E743E0A20202020202020203C6F6D6764693A776179706F696E7420783D223337322E302220793D2239372E30223E3C2F6F6D6764693A776179706F696E743E0A2020202020203C2F62706D6E64693A42504D4E456467653E0A202020203C2F62706D6E64693A42504D4E506C616E653E0A20203C2F62706D6E64693A42504D4E4469616772616D3E0A3C2F646566696E6974696F6E733E, 0);
INSERT INTO `ACT_GE_BYTEARRAY` VALUES ('85006', 1, '测试流程.process.png', '85004', 0x89504E470D0A1A0A0000000D494844520000019A0000007A080600000086359555000006884944415478DAEDDDDD6B54E91900F0BDD88BFE11BD105AE8FE09BDE8857F402F7A519998194D1825A3D6F8112B082A113F302A12F04E108A258B1745545CBB46AD9BB2EA4A174503A5D46D77B3564D48B161B54E1A93CDD9F71D32E9D959379B8F993391FC7EF012624E3E78398FCF79DEF39EE7BCF30E00000000000000000000000000000000000000000000000000000000000000000000000000000000000000000000000000000000000000000000000000000000000000000000000000000000000000000000000000000000000000000000000000000000000000000000000000000000000000000000000000000000000000000000B0CC2449F2A3C1C1C1D2D9B367FFDCD3D3F3D5B66DDB26DBDBDB93969696A450284C6FDEBC7962EFDEBD9F1F3B76AC2F8C9F9931787BE5F3F91FE772B9AD21BEFF10C66761BC8CB11EC678185F84AF5D081F7F1B8F335BD425C19C3F7FFEF7870E1D9ADCB1634772FAF4E9E4EEDDBBC9D3A74F93F1F1F1248A1F474747937BF7EE25211125DBB76F9FDEB973E7504747C74633086F8FB56BD7FE2A8CEB614CCC2496F98C8FC2F105B3C7A28484523C7CF8F0FF76EFDE5D4922535353C97C3D78F020D9B367CF54A954FADB9A356B7E6A3661F90AC9625548165717905CDE343E16EB2CA48A79F7D2A54B37376DDA945CBE7C794109A6D6D5AB579362B15856DDC0F294CBE55A5A5B5BFF934E1AF97C3E397AF46872F3E6CDE4F1E3C7C98B172F2AF1FCEAD5ABCA6AC6EDDBB793DEDEDE64DDBA75B5C9E6A5EA86792599818181BF747676268F1E3D4AEA616868280949ABBC71E3C6DF9861585649E69721314CA5134C5F5F5F65297C3EC6C6C62AC7C7EF4B279CF0335D58F2FD62251393CC7C4FB4F98A3F2F5435AE7660195532E924D3D5D555A95E16237E5F5C62AF4936629DEF8AF764E27259BD2A99375536EBD7AF1F0B27E07B661B9A27DE93492F97757777CF2E8F2D565C563B72E448ED329A58E7FFE2EEB283070F4EC47B328D74E5CA957228B33F31E3D03C21C9DC4857324B4D32E9645353D97C6CB69975E1C285F7E309F2FAF5EBA4D1B66CD932A2AC86E6885B98D3F76416BB5C36D7325AFA9E8D5867B69A89CFC9C42DCC5978F8F0E184AA069A9668AE579340BC91DF08E7CE9D53D5F06DF189FFB8016029DB9817AA582C8EC47562B30FF54B2061FC62AE63E293FCD50D00B1EA78FEFC7943E23BEE46ABD9FA2CD657BAD856E6CC993349967A7B7B1FC41616661FEA23B554753D97CBFDFC4DC7CCB495A91C77FCF8F146C7783AD188F5952EF62E8B6D65B274E7CE9DA170F25D36FB50DF44931A1FD6563833BDCB2A5F1F181868688CC7873A537F8B585FE96283CCE1E1E14C13CDC8C8C86838F9FE65F6A1618966B6C2A9269C990699957FAFF726805AB18340EAEF10EB2B5DECC25C6D909995F8FB622758B30F8D4D34E90A278C72F5F37A6D699E6BAB73EA778B7527684BD20C4B6CE06718C61246D631EE7FDA15AEADAD6D3AEB8AA65C2E8FB8CA814C2A9A4F634FB3D5AB57BF9B7AAF8C8A866C7576764E647D8FE6D9B3677FB76E0B0D4D34B30926758C7B3434C7FEFDFB3FCB7AD7597F7FFF1FED448186249A4FE2D3FFE904933AC6AE339AE3C4891367B27E8EA6BBBBFB8ABDF550D744F39D0AA696E768689A7DFBF6FD64EBD6AD5F67D81960BCB5B5F59F9E16866CC5CE0021EE26B3E80C502814A67506E05BBABABAFE9155AFB3FEFEFE3EFD8FA039F43AA369366CD8B066D7AE5D9319543563A19AB9AFA32B342DD134BC7B7388F169DD9B79A352A934D8E8F7D1C4FB41F10A67AE7564A0B1420C7ED4A8F7D1840BD6A9743523D6A93DF956158BC572A3DEB03938387829FC8E616FDD83E6C77A18FF6EC01B36A7BD61931F542814F2A1B279353A3A5AD724F3E4C9935BA19CFE52190DCB432E976BA96E0CA856368B5D468BDF5753C95832636EF97CBED8D1D1F1B25E954DAC6462920927F61EB30BCBAAB2694F279B78CF266E1088BBC6E6BBBB2CDEF84FDF938943AC33EFAB9D50DD7C75F1E2C5FF2E6183C0D8C993277F1797CBE2096D566179C67A1863E94411134E7CCE263ED419AB95EAB25A5C1E8B4FFCC787314F9D3A95B4B5B57D5DD38DE0A55867A1573BABC295CA9F4AA5D2C8FDFBF7CB0B794EE6DAB56BE742A2FA34DE0CB44E0BCB3FD6D3DB9E1739C43A4B3A097F1D134E7B7BFB684F4FCF5F6FDDBAF565B8AA19AE36E28C0D3263EFB21B376E7C70E0C0810FC3D5D0E7F1A48B5736769CC0DB15EB33096772210946AC533733EF1BDF31D32FE98BD891B5DA993536CD8BFD8C62AB094F01835807000000000000000000000000002063DF0080064F2A60DE49620000000049454E44AE426082, 1);
INSERT INTO `ACT_GE_BYTEARRAY` VALUES ('87502', 1, '测试流程.bpmn20.xml', '87501', 0x3C3F786D6C2076657273696F6E3D22312E302220656E636F64696E673D225554462D38223F3E0A3C646566696E6974696F6E7320786D6C6E733D22687474703A2F2F7777772E6F6D672E6F72672F737065632F42504D4E2F32303130303532342F4D4F44454C2220786D6C6E733A7873693D22687474703A2F2F7777772E77332E6F72672F323030312F584D4C536368656D612D696E7374616E63652220786D6C6E733A7873643D22687474703A2F2F7777772E77332E6F72672F323030312F584D4C536368656D612220786D6C6E733A61637469766974693D22687474703A2F2F61637469766974692E6F72672F62706D6E2220786D6C6E733A62706D6E64693D22687474703A2F2F7777772E6F6D672E6F72672F737065632F42504D4E2F32303130303532342F44492220786D6C6E733A6F6D6764633D22687474703A2F2F7777772E6F6D672E6F72672F737065632F44442F32303130303532342F44432220786D6C6E733A6F6D6764693D22687474703A2F2F7777772E6F6D672E6F72672F737065632F44442F32303130303532342F44492220747970654C616E67756167653D22687474703A2F2F7777772E77332E6F72672F323030312F584D4C536368656D61222065787072657373696F6E4C616E67756167653D22687474703A2F2F7777772E77332E6F72672F313939392F585061746822207461726765744E616D6573706163653D22687474703A2F2F7777772E61637469766974692E6F72672F70726F63657373646566223E0A20203C70726F636573732069643D22746573745F70726F636573732220697345786563757461626C653D2274727565223E0A202020203C73746172744576656E742069643D227369642D32453432364243302D373044362D343645392D383237382D304536303132443136334345223E3C2F73746172744576656E743E0A202020203C656E644576656E742069643D227369642D32413633313635312D443943422D343037302D423135392D414238454232434136363841223E3C2F656E644576656E743E0A202020203C73657175656E6365466C6F772069643D227369642D32303332333142422D463646382D344442332D394244452D3830373434453444334132392220736F757263655265663D227369642D32453432364243302D373044362D343645392D383237382D30453630313244313633434522207461726765745265663D227369642D32413633313635312D443943422D343037302D423135392D414238454232434136363841223E3C2F73657175656E6365466C6F773E0A20203C2F70726F636573733E0A20203C62706D6E64693A42504D4E4469616772616D2069643D2242504D4E4469616772616D5F746573745F70726F63657373223E0A202020203C62706D6E64693A42504D4E506C616E652062706D6E456C656D656E743D22746573745F70726F63657373222069643D2242504D4E506C616E655F746573745F70726F63657373223E0A2020202020203C62706D6E64693A42504D4E53686170652062706D6E456C656D656E743D227369642D32453432364243302D373044362D343645392D383237382D304536303132443136334345222069643D2242504D4E53686170655F7369642D32453432364243302D373044362D343645392D383237382D304536303132443136334345223E0A20202020202020203C6F6D6764633A426F756E6473206865696768743D2233302E30222077696474683D2233302E302220783D223132302E302220793D2238322E30223E3C2F6F6D6764633A426F756E64733E0A2020202020203C2F62706D6E64693A42504D4E53686170653E0A2020202020203C62706D6E64693A42504D4E53686170652062706D6E456C656D656E743D227369642D32413633313635312D443943422D343037302D423135392D414238454232434136363841222069643D2242504D4E53686170655F7369642D32413633313635312D443943422D343037302D423135392D414238454232434136363841223E0A20202020202020203C6F6D6764633A426F756E6473206865696768743D2232382E30222077696474683D2232382E302220783D223337322E302220793D2238332E30223E3C2F6F6D6764633A426F756E64733E0A2020202020203C2F62706D6E64693A42504D4E53686170653E0A2020202020203C62706D6E64693A42504D4E456467652062706D6E456C656D656E743D227369642D32303332333142422D463646382D344442332D394244452D383037343445344433413239222069643D2242504D4E456467655F7369642D32303332333142422D463646382D344442332D394244452D383037343445344433413239223E0A20202020202020203C6F6D6764693A776179706F696E7420783D223135302E302220793D2239372E30223E3C2F6F6D6764693A776179706F696E743E0A20202020202020203C6F6D6764693A776179706F696E7420783D223337322E302220793D2239372E30223E3C2F6F6D6764693A776179706F696E743E0A2020202020203C2F62706D6E64693A42504D4E456467653E0A202020203C2F62706D6E64693A42504D4E506C616E653E0A20203C2F62706D6E64693A42504D4E4469616772616D3E0A3C2F646566696E6974696F6E733E, 0);
INSERT INTO `ACT_GE_BYTEARRAY` VALUES ('87503', 1, '测试流程.test_process.png', '87501', 0x89504E470D0A1A0A0000000D494844520000019A0000007A080600000086359555000006884944415478DAEDDDDD6B54E91900F0BDD88BFE11BD105AE8FE09BDE8857F402F7A519998194D1825A3D6F8112B082A113F302A12F04E108A258B1745545CBB46AD9BB2EA4A174503A5D46D77B3564D48B161B54E1A93CDD9F71D32E9D959379B8F993391FC7EF012624E3E78398FCF79DEF39EE7BCF30E00000000000000000000000000000000000000000000000000000000000000000000000000000000000000000000000000000000000000000000000000000000000000000000000000000000000000000000000000000000000000000000000000000000000000000000000000000000000000000000000000000000000000000000B0CC2449F2A3C1C1C1D2D9B367FFDCD3D3F3D5B66DDB26DBDBDB93969696A450284C6FDEBC7962EFDEBD9F1F3B76AC2F8C9F9931787BE5F3F91FE772B9AD21BEFF10C66761BC8CB11EC678185F84AF5D081F7F1B8F335BD425C19C3F7FFEF7870E1D9ADCB1634772FAF4E9E4EEDDBBC9D3A74F93F1F1F1248A1F474747937BF7EE25211125DBB76F9FDEB973E7504747C74633086F8FB56BD7FE2A8CEB614CCC2496F98C8FC2F105B3C7A28484523C7CF8F0FF76EFDE5D4922535353C97C3D78F020D9B367CF54A954FADB9A356B7E6A3661F90AC9625548165717905CDE343E16EB2CA48A79F7D2A54B37376DDA945CBE7C794109A6D6D5AB579362B15856DDC0F294CBE55A5A5B5BFF934E1AF97C3E397AF46872F3E6CDE4F1E3C7C98B172F2AF1FCEAD5ABCA6AC6EDDBB793DEDEDE64DDBA75B5C9E6A5EA86792599818181BF747676268F1E3D4AEA616868280949ABBC71E3C6DF9861585649E69721314CA5134C5F5F5F65297C3EC6C6C62AC7C7EF4B279CF0335D58F2FD62251393CC7C4FB4F98A3F2F5435AE7660195532E924D3D5D555A95E16237E5F5C62AF4936629DEF8AF764E27259BD2A99375536EBD7AF1F0B27E07B661B9A27DE93492F97757777CF2E8F2D565C563B72E448ED329A58E7FFE2EEB283070F4EC47B328D74E5CA957228B33F31E3D03C21C9DC4857324B4D32E9645353D97C6CB69975E1C285F7E309F2FAF5EBA4D1B66CD932A2AC86E6885B98D3F76416BB5C36D7325AFA9E8D5867B69A89CFC9C42DCC5978F8F0E184AA069A9668AE579340BC91DF08E7CE9D53D5F06DF189FFB8016029DB9817AA582C8EC47562B30FF54B2061FC62AE63E293FCD50D00B1EA78FEFC7943E23BEE46ABD9FA2CD657BAD856E6CC993349967A7B7B1FC41616661FEA23B554753D97CBFDFC4DC7CCB495A91C77FCF8F146C7783AD188F5952EF62E8B6D65B274E7CE9DA170F25D36FB50DF44931A1FD6563833BDCB2A5F1F181868688CC7873A537F8B585FE96283CCE1E1E14C13CDC8C8C86838F9FE65F6A1618966B6C2A9269C990699957FAFF726805AB18340EAEF10EB2B5DECC25C6D909995F8FB622758B30F8D4D34E90A278C72F5F37A6D699E6BAB73EA778B7527684BD20C4B6CE06718C61246D631EE7FDA15AEADAD6D3AEB8AA65C2E8FB8CA814C2A9A4F634FB3D5AB57BF9B7AAF8C8A866C7576764E647D8FE6D9B3677FB76E0B0D4D34B30926758C7B3434C7FEFDFB3FCB7AD7597F7FFF1FED448186249A4FE2D3FFE904933AC6AE339AE3C4891367B27E8EA6BBBBFB8ABDF550D744F39D0AA696E768689A7DFBF6FD64EBD6AD5F67D81960BCB5B5F59F9E16866CC5CE0021EE26B3E80C502814A67506E05BBABABAFE9155AFB3FEFEFE3EFD8FA039F43AA369366CD8B066D7AE5D9319543563A19AB9AFA32B342DD134BC7B7388F169DD9B79A352A934D8E8F7D1C4FB41F10A67AE7564A0B1420C7ED4A8F7D1840BD6A9743523D6A93DF956158BC572A3DEB03938387829FC8E616FDD83E6C77A18FF6EC01B36A7BD61931F542814F2A1B279353A3A5AD724F3E4C9935BA19CFE52190DCB432E976BA96E0CA856368B5D468BDF5753C95832636EF97CBED8D1D1F1B25E954DAC6462920927F61EB30BCBAAB2694F279B78CF266E1088BBC6E6BBBB2CDEF84FDF938943AC33EFAB9D50DD7C75F1E2C5FF2E6183C0D8C993277F1797CBE2096D566179C67A1863E94411134E7CCE263ED419AB95EAB25A5C1E8B4FFCC787314F9D3A95B4B5B57D5DD38DE0A55867A1573BABC295CA9F4AA5D2C8FDFBF7CB0B794EE6DAB56BE742A2FA34DE0CB44E0BCB3FD6D3DB9E1739C43A4B3A097F1D134E7B7BFB684F4FCF5F6FDDBAF565B8AA19AE36E28C0D3263EFB21B376E7C70E0C0810FC3D5D0E7F1A48B5736769CC0DB15EB33096772210946AC533733EF1BDF31D32FE98BD891B5DA993536CD8BFD8C62AB094F01835807000000000000000000000000002063DF0080064F2A60DE49620000000049454E44AE426082, 1);
INSERT INTO `ACT_GE_BYTEARRAY` VALUES ('87506', 1, '请假流程.bpmn20.xml', '87505', 0x3C3F786D6C2076657273696F6E3D22312E302220656E636F64696E673D225554462D38223F3E0A3C646566696E6974696F6E7320786D6C6E733D22687474703A2F2F7777772E6F6D672E6F72672F737065632F42504D4E2F32303130303532342F4D4F44454C2220786D6C6E733A7873693D22687474703A2F2F7777772E77332E6F72672F323030312F584D4C536368656D612D696E7374616E63652220786D6C6E733A7873643D22687474703A2F2F7777772E77332E6F72672F323030312F584D4C536368656D612220786D6C6E733A61637469766974693D22687474703A2F2F61637469766974692E6F72672F62706D6E2220786D6C6E733A62706D6E64693D22687474703A2F2F7777772E6F6D672E6F72672F737065632F42504D4E2F32303130303532342F44492220786D6C6E733A6F6D6764633D22687474703A2F2F7777772E6F6D672E6F72672F737065632F44442F32303130303532342F44432220786D6C6E733A6F6D6764693D22687474703A2F2F7777772E6F6D672E6F72672F737065632F44442F32303130303532342F44492220747970654C616E67756167653D22687474703A2F2F7777772E77332E6F72672F323030312F584D4C536368656D61222065787072657373696F6E4C616E67756167653D22687474703A2F2F7777772E77332E6F72672F313939392F585061746822207461726765744E616D6573706163653D22687474703A2F2F7777772E61637469766974692E6F72672F70726F63657373646566223E0A20203C70726F636573732069643D226C656176655F70726F636573732220697345786563757461626C653D2274727565223E0A202020203C73746172744576656E742069643D22737461727422206E616D653D22E696B0E5BBBAE6B581E7A88B223E3C2F73746172744576656E743E0A202020203C757365725461736B2069643D226170706C7922206E616D653D22E8AFB7E58187E794B3E8AFB7222061637469766974693A61737369676E65653D22247B656D706C6F7965657D222061637469766974693A666F726D4B65793D226C656176652D73746172742E666F726D223E0A2020202020203C657874656E73696F6E456C656D656E74733E0A20202020202020203C61637469766974693A666F726D50726F70657274792069643D2273746172744461746522206E616D653D227374617274446174652220747970653D22646174652220646174655061747465726E3D224D4D2D64642D797979792068683A6D6D222072657175697265643D2274727565223E3C2F61637469766974693A666F726D50726F70657274793E0A20202020202020203C61637469766974693A666F726D50726F70657274792069643D22656E644461746522206E616D653D22656E64446174652220747970653D22646174652220646174655061747465726E3D224D4D2D64642D797979792068683A6D6D222072657175697265643D2274727565223E3C2F61637469766974693A666F726D50726F70657274793E0A20202020202020203C61637469766974693A666F726D50726F70657274792069643D22726561736F6E22206E616D653D22726561736F6E2220747970653D22737472696E67222072657175697265643D2274727565223E3C2F61637469766974693A666F726D50726F70657274793E0A2020202020203C2F657874656E73696F6E456C656D656E74733E0A202020203C2F757365725461736B3E0A202020203C73657175656E6365466C6F772069643D227369642D45354631434434332D344341302D344231322D383035362D3035353632413838433739332220736F757263655265663D22737461727422207461726765745265663D226170706C79223E3C2F73657175656E6365466C6F773E0A202020203C757365725461736B2069643D22617070726F766522206E616D653D22E5BE85E5AEA1E689B9222061637469766974693A63616E64696461746547726F7570733D22E983A8E997A8E7BB8FE79086223E3C2F757365725461736B3E0A202020203C73657175656E6365466C6F772069643D227369642D39374232393435442D323143302D343041352D384439382D4445414644314145463646362220736F757263655265663D226170706C7922207461726765745265663D22617070726F7665223E3C2F73657175656E6365466C6F773E0A202020203C6578636C7573697665476174657761792069643D22636F6E646974696F6E223E3C2F6578636C7573697665476174657761793E0A202020203C656E644576656E742069643D2273746F7022206E616D653D22E5B7B2E5AE8CE68890223E3C2F656E644576656E743E0A202020203C73657175656E6365466C6F772069643D227369642D43354234304335342D393233442D343830432D414530322D36304632364141454538343322206E616D653D22E9A9B3E59B9E2220736F757263655265663D22636F6E646974696F6E22207461726765745265663D226170706C79223E0A2020202020203C636F6E646974696F6E45787072657373696F6E207873693A747970653D2274466F726D616C45787072657373696F6E223E3C215B43444154415B247B61677265653D3D66616C73657D5D5D3E3C2F636F6E646974696F6E45787072657373696F6E3E0A202020203C2F73657175656E6365466C6F773E0A202020203C73657175656E6365466C6F772069643D227369642D44413638384642352D354336332D343933432D414141412D31343342363038334530354522206E616D653D22E5AEA1E689B92220736F757263655265663D22617070726F766522207461726765745265663D22636F6E646974696F6E223E3C2F73657175656E6365466C6F773E0A202020203C73657175656E6365466C6F772069643D227369642D37413637304633362D413531332D343334442D394338302D31423544373737423539323022206E616D653D22E5908CE6848F2220736F757263655265663D22636F6E646974696F6E22207461726765745265663D2273746F70223E0A2020202020203C636F6E646974696F6E45787072657373696F6E207873693A747970653D2274466F726D616C45787072657373696F6E223E3C215B43444154415B247B61677265653D3D747275657D5D5D3E3C2F636F6E646974696F6E45787072657373696F6E3E0A202020203C2F73657175656E6365466C6F773E0A20203C2F70726F636573733E0A20203C62706D6E64693A42504D4E4469616772616D2069643D2242504D4E4469616772616D5F6C656176655F70726F63657373223E0A202020203C62706D6E64693A42504D4E506C616E652062706D6E456C656D656E743D226C656176655F70726F63657373222069643D2242504D4E506C616E655F6C656176655F70726F63657373223E0A2020202020203C62706D6E64693A42504D4E53686170652062706D6E456C656D656E743D227374617274222069643D2242504D4E53686170655F7374617274223E0A20202020202020203C6F6D6764633A426F756E6473206865696768743D2233302E30222077696474683D2233302E302220783D2234352E302220793D2237302E30223E3C2F6F6D6764633A426F756E64733E0A2020202020203C2F62706D6E64693A42504D4E53686170653E0A2020202020203C62706D6E64693A42504D4E53686170652062706D6E456C656D656E743D226170706C79222069643D2242504D4E53686170655F6170706C79223E0A20202020202020203C6F6D6764633A426F756E6473206865696768743D2238302E30222077696474683D223130302E302220783D223135302E302220793D2234352E30223E3C2F6F6D6764633A426F756E64733E0A2020202020203C2F62706D6E64693A42504D4E53686170653E0A2020202020203C62706D6E64693A42504D4E53686170652062706D6E456C656D656E743D22617070726F7665222069643D2242504D4E53686170655F617070726F7665223E0A20202020202020203C6F6D6764633A426F756E6473206865696768743D2238302E30222077696474683D223130302E302220783D223331352E302220793D2234352E30223E3C2F6F6D6764633A426F756E64733E0A2020202020203C2F62706D6E64693A42504D4E53686170653E0A2020202020203C62706D6E64693A42504D4E53686170652062706D6E456C656D656E743D22636F6E646974696F6E222069643D2242504D4E53686170655F636F6E646974696F6E223E0A20202020202020203C6F6D6764633A426F756E6473206865696768743D2234302E30222077696474683D2234302E302220783D223334352E302220793D223138302E30223E3C2F6F6D6764633A426F756E64733E0A2020202020203C2F62706D6E64693A42504D4E53686170653E0A2020202020203C62706D6E64693A42504D4E53686170652062706D6E456C656D656E743D2273746F70222069643D2242504D4E53686170655F73746F70223E0A20202020202020203C6F6D6764633A426F756E6473206865696768743D2232382E30222077696474683D2232382E302220783D223531302E302220793D223138362E30223E3C2F6F6D6764633A426F756E64733E0A2020202020203C2F62706D6E64693A42504D4E53686170653E0A2020202020203C62706D6E64693A42504D4E456467652062706D6E456C656D656E743D227369642D44413638384642352D354336332D343933432D414141412D313433423630383345303545222069643D2242504D4E456467655F7369642D44413638384642352D354336332D343933432D414141412D313433423630383345303545223E0A20202020202020203C6F6D6764693A776179706F696E7420783D223336352E31373331363031373331363031372220793D223132352E30223E3C2F6F6D6764693A776179706F696E743E0A20202020202020203C6F6D6764693A776179706F696E7420783D223336352E343133303433343738323630392220793D223138302E3431333034333437383236303837223E3C2F6F6D6764693A776179706F696E743E0A2020202020203C2F62706D6E64693A42504D4E456467653E0A2020202020203C62706D6E64693A42504D4E456467652062706D6E456C656D656E743D227369642D45354631434434332D344341302D344231322D383035362D303535363241383843373933222069643D2242504D4E456467655F7369642D45354631434434332D344341302D344231322D383035362D303535363241383843373933223E0A20202020202020203C6F6D6764693A776179706F696E7420783D2237352E302220793D2238352E30223E3C2F6F6D6764693A776179706F696E743E0A20202020202020203C6F6D6764693A776179706F696E7420783D223135302E302220793D2238352E30223E3C2F6F6D6764693A776179706F696E743E0A2020202020203C2F62706D6E64693A42504D4E456467653E0A2020202020203C62706D6E64693A42504D4E456467652062706D6E456C656D656E743D227369642D37413637304633362D413531332D343334442D394338302D314235443737374235393230222069643D2242504D4E456467655F7369642D37413637304633362D413531332D343334442D394338302D314235443737374235393230223E0A20202020202020203C6F6D6764693A776179706F696E7420783D223338352E302220793D223230302E30223E3C2F6F6D6764693A776179706F696E743E0A20202020202020203C6F6D6764693A776179706F696E7420783D223531302E302220793D223230302E30223E3C2F6F6D6764693A776179706F696E743E0A2020202020203C2F62706D6E64693A42504D4E456467653E0A2020202020203C62706D6E64693A42504D4E456467652062706D6E456C656D656E743D227369642D43354234304335342D393233442D343830432D414530322D363046323641414545383433222069643D2242504D4E456467655F7369642D43354234304335342D393233442D343830432D414530322D363046323641414545383433223E0A20202020202020203C6F6D6764693A776179706F696E7420783D223335312E313338343239373532303636312220793D223139332E3836313537303234373933333838223E3C2F6F6D6764693A776179706F696E743E0A20202020202020203C6F6D6764693A776179706F696E7420783D223230322E31363333393836393238313034362220793D223132352E30223E3C2F6F6D6764693A776179706F696E743E0A2020202020203C2F62706D6E64693A42504D4E456467653E0A2020202020203C62706D6E64693A42504D4E456467652062706D6E456C656D656E743D227369642D39374232393435442D323143302D343041352D384439382D444541464431414546364636222069643D2242504D4E456467655F7369642D39374232393435442D323143302D343041352D384439382D444541464431414546364636223E0A20202020202020203C6F6D6764693A776179706F696E7420783D223235302E302220793D2238352E30223E3C2F6F6D6764693A776179706F696E743E0A20202020202020203C6F6D6764693A776179706F696E7420783D223331352E302220793D2238352E30223E3C2F6F6D6764693A776179706F696E743E0A2020202020203C2F62706D6E64693A42504D4E456467653E0A202020203C2F62706D6E64693A42504D4E506C616E653E0A20203C2F62706D6E64693A42504D4E4469616772616D3E0A3C2F646566696E6974696F6E733E, 0);
INSERT INTO `ACT_GE_BYTEARRAY` VALUES ('87507', 1, '请假流程.leave_process.png', '87505', 0x89504E470D0A1A0A0000000D4948445200000224000000E60806000000E54C9EE6000019824944415478DAEDDD097014E5B6C0F1A0A870DD707B75AFE213C505B5F4A98FD2ABE5823B2A4444864ECF2421460CEEB2968A629045405454BC4F29540A0BE529D72B88C816228B2C8A22A08882B2889118F4A1443641BF774EDF9954673293649299E9C9CCFF57752AC9CC8484CEA9D367BEFEBEAFB3B2000000000000000000000000000000000000000000000000000000000000000000000000000000000000000000000000000000000000000000000000000000000000000000000000000000000000000000000000000000000000000000000000000000000000000000000000000000000000000000000000000000000000000000000000000000000000000000000000D29131A6F9860D1BA62C5BB6EC8F79F3E699B973E712498E929212B370E1C29F2472C94872929C049091B4F02F5AB4C854545498BD7BF7121EC5B66DDBCC82050B7E9513413772929C242701641C7D174AE14F9913C05E7977BA969C2427C94900194787C429BCA91352FCF79193E424390920E3E8F5628A6E4A157F434E9293E424008A7F94F8ED97AD66C3F209664DC91027F4737D8C824DF12727C94900484AF1AFDC5E66BE983DC8AC9A31A05AE863FA1C459BE24F4E92930090F0E2BF65CDBB350A7F28BE5F339DA24DF12727C94900487CF15FFBC1A8A8C55F9FA36853FCC949721200125EFCBF983B386AF1D7E728DA147F72929C04008A3FC59F9C2427C94900E95FFC750543B4E2AFCF51B429FEE424390900092FFEEB17BF10B5F8EB73146D8A3F39494E0240C28BFFCF65ABCD17738A6B0E8DCB63FA1C459BE24F4E92930090F0E2AFB1F193D76A147F7D8C824DF12727C94900484EF1DFB3C7AC5FF262CDA171794C9FA36853FCC949721200125AFC75D7CB758BC746BD5EAFCFB13326C59F9C2427012031C55FDE656E5D5F6A3E9F35306AE10F85BE465FCB3B538A3F39494E0240DC8A7F5DEF4079674AF12727C949004878F1AFCF3BD0DADE9952C429FEE4243909008D2EFE0D2DFCA1A08853FCC9497212001A5DFC098A3F394990930028FE147F72925C20270150FC098A3F394990930028FE147F72925C2027816433C6B458BD7A75AF8913272E183972E4AFF7DF7FFFBE82820293939363727373FFBCEBAEBBF63EF2C8231B468D1A3549E20C8E18C59FE24F4E12E42410D746E4EDB7DF7E6DE8D0A1FB7AF7EE6DC68D1B67962D5B66CACACACCEEDDBB8DD28F151515E6D34F3F35D2B098071E78E0CF3E7DFA6C2A2A2AEAC911A4F853FCC949829C041A451A8FC261C386ED19306080D36CECDFBFDFD4D7CA952BCD430F3DB4BF57AF5E6B7D3EDFA91C4D8A3FC59F9C24C84920D65191E6D3A64D2BBDF3CE3BCDF4E9D3636A44C2CD9A35CB141616EE62B484E24FF1272709721288A919993F7FFEC7F7DD779F59B76E9D89874D9B3619696E76F5ECD9F31E8E30C59FE24F4E12E42450271D19D16644E784C493FE7B45454595B66DE7729429FE147F7292202781A874CE885EA689D7C848A49192FCFCFCEDD294B4E36853FC29FEE424414E02912ED5B4183264C85E9D3392483366CCD81508049672C429FE147F72922027811ADE79E79DD77535CDEFBFFF6E12EDEEBBEF2EE7D20DC59FE24F4E12E42450637444F719D1A5BDC9B06AD5AABD8C9250FC29FEE424414E02D5E80EAC3A91B531CB7B63555858589E9393D326D38FBD6DDB73252EA5F853FCC949829C44C6D3EDE05F7EF965934C63C68C59290D49FF4C3FF6BAF5BE869E042CCBFA3BC59FE24F4E12E4243296DE9B46B7834FA6254B966C92A2379D86E4DFC5DF153323BD3BA5F853FCC949828604694F6F94B775EBD6A43624E5E5E51552E8B6D090D428FE55EF4EDD27018A3FC59F9C24684890F6F4AEBDA11BE5258BFE3C2972BB694822177FF7BB531D36F7A2F8EBDF68CF9E3DD51EFBE1871FCC37DF7C53E3B5FABA488FD715BB76ED32DF7EFBADF9EDB7DF1AFD3B50FCD33F276B0BCD23F7D7FA266BCD9A35B57E8F6ED8F8D1471F457DFEA79F7E326BD7AE753EDFB2658BF9F5D75F9D9CD4BD9AA2E52C390934B20079A11E858F088617C55F4E3ACECFDEB16387D13B3D3FF0C003E6E28B2F36279C7082F3B9C6D2A54B9DD7CE9831C3346FDEDC74EAD4C99C73CE394EE844E973CF3DB7EAEB2FBFFCB2C6CF58BF7EBD1651F3D9679F35FA7748669093DEE464B4F8E4934FCCA1871E6AC68E1DEB34ACBA09E3B061C3CCE9A79FEE7CAEB173E74EA7B9183D7A745574EEDCD91C70C00166E4C891D51E0F35BCAFBFFEBA39EEB8E39CCF8F3CF248F3E69B6F3A773AD79CD59F494302C4598F1E3DFE4CF60889BC332E6784A4D677A3CBE564DCA943870ECDBD1A1E2F2D2D35471F7DB4E9D9B3A76EFB6F6EBDF556D3AE5D3BA740EBE7DDBA7573EE02ADAFBDF9E69BCD29A79C626EBAE92673EDB5D79A2BAFBCD279CDABAFBE6A9E7BEE39A780AF58B1C279EDB871E3CC1D77DCE184FE5FF5397D6DE8B1175F7CB141BF03C53FFD733252688370D2492799B3CE3ACB5456569AABAFBEDAC9A9F0D0FC9B32658AD338EB6BA285BEF6FDF7DF371B376E340F3FFCB069D5AA9559B060010D09900CF24E766FB2E790C8BB98AF994312B1F8572BFA5E5FAFFFFCF3CFCDE6CD9BCD9021439C86439B83830F3ED8F9FCCC33CF745EA3EF3EB5C8DF7DF7DD4E43D2B1634773DD75D7995B6EB9C58C1F3FDE3CFBECB3D51A92EEDDBB9B33CE38C369327C3E5F5543A25FEBE3FA7CACBF03C53F7372323C346FB421D146F789279E30DBB66D33DF7FFFBDF3B98E90E8E71A7A8965E6CC994E8E6953A1A123739ABB1F7CF041D563679F7DB659B4689179EAA9A79CD113CDCF934F3ED96948DE78E30DE7DFD2C7860F1F6E2EBFFCF23A2F0B9193400C060D1AB43ED9AB6C66CF9EFD3EAB6CAA15FFA5B66D77092FFA5E15FFC2C242671442E3DD77DF35EDDBB777E2F8E38F37871F7E78D5D78F3DF698135AA0FBF6EDEB3424C71C738C7389461B94F3CE3BAF2ABEFAEAABAA86445FB770E142F3D65B6F39DF3B71E244E76B7D3CD490C4F23B50FCD33F27A3858E66E8A53F1D39D30621D2E888467E7E7ED5659868AFD178FAE9A7ABFEEDF04B36FAFC65975DE67C6CD1A285B9EDB6DB225E8AA421011A68F4E8D12F277B1F92E2E2E219EC43E214FF88EF3EBD2EFE8B172F76AEAB6BE1D5C98203070E34D9D9D9D5424E56CEA847D7AE5DAB35247A1965D6AC5966F2E4C94E53128AD0A5156D380E39E41073D451475515F9C30E3BCCF95A1F0F3524B1FC0E14FFF4CFC9DA2646872EFD6973A0A31EEEB8E8A28B8CD637BD04136A3274944D2FB96833A3DFA78DB17EDDB66DDB1A0D89E6A836C4FA71F0E0C1CE688A7E8F36D05CB201E2ECD1471F6D7BEFBDF7FE91C49D5A77FBFDFE6FD9A9B5FEBC28FE4B962C710AAFAE2C90FC30279E7862D530FE25975CE24C2CD5D72D5FBEDCC8C9CBF4EBD7CF69480E3AE82073C4114718F91B3BDFAF8D43B366CD9C89AFA186E4F6DB6F8F38A9551F775FB2A9EFEF40F1CF8C9C8C1443870EAD1ADDD049AB9A7BEED0C75BB66CE94C568D658444E79B5C70C105CE63D75F7F3D734880649177B7DF24EB5E36B367CF9E242794451CF5A6D190E8FC0D6D0674DE868E6268E88A06773370D5555755352477DE79A7739DFD975F7E71DE9DDE78E38DCEB0B74E380C35243A22A2D7E55BB76EEDFC0CFDB7F46B7D3C5243529FDF81E29F990D894E7C9E3061829327DA2CE8BC259D583D67CE1CE7EFA4A36EC5C5C555CB82B521D1FCD1DC9A3A75AAF37DFA987EED1E21D1E77492EBB1C71E1B75958DAEDCA12101E24CDE99FAE484B22F09A324DBE59DF30AEEF6DB741A126D1AF45AB916EB5EBD7A39A1AB68A23524A1779ACF3FFFBC53DCF5F3FEFDFB57BD562FB35C73CD35CE4920B40267C48811CED75DBA74711A9A86FC0E14FFCC6C4842CB7E354F7442EBCA952B9D9191071F7CD0794E1B571DED705F86C96AE01C92F086449BE7679E79868604883729F2ABA74F9F9ED06E44E7ABE8E8485DD7A7E17DF1D7779A5A78F5D28B36003A31551B075DEDA22B69A23524BA3C57AFD74F9B36CDB469D3C6F9377435CCAA55AB62DE872496DF81E24F43A20D897EFDDE7BEF39AB60E6CD9BE7ACA279FBEDB7AB5EABFBD6F4E9D3C7597513CA3FBDECA85F6B6E95949438AF2B2F2F378F3FFEB8D390E8F3071E78A039FFFCF39D25EEFA3D2FBCF08239EDB4D39CA69A860488339DD3515858B84B77214C84D5AB574F939FB155DE21B7E368A77EF1D7C2AD277EFD5C2F97E8C8867EFED24B2F39055997F5466A487472ABEE6B73EAA9A73A1B4F7DFCF1C7CE1C136D54C27F86E65A6D0D492CBF03C59F8624D49068E8085A68744D2F2146FA3E5DB21E2DFF74226C28C7F48D9AFE3B3A7AA74DCE85175EE83CA72BBE58F60B24486E6E6E40DE89EED42D95E3490AC287F22E7733976A9A66F1D77D6A74EB6CFD5CAF9BEBD7E1231D5AF475644477CAD4C7DC27016D50741BEE485BC3EBEBC2B7876FC8EF40F1CFDC864457DA84F22E143AE2A193A16BCB2DCD236D9843F39BC2BF3F946391FE8DBAFE6D7212888340205028EF662BE33552A22323DA8C5896F51047B7E9177F82E24F4E929340D248F390939B9BFBEBD4A9537F6BC444D7ED4F3FFDF404BD4C2351C051A5F853FCC949829C0462A6734AFC7EFFBC5EBD7A95AF58B162572CFB8CCC993367B23434CB75022B734628FE147F7292202781783426DDB431292828A8183972E49A0F3FFC70735959D9D6D00DF9F446797A6F9A929292F7060F1E3C3310086CD046444745584D43F1A7F89393043909C495341AAD6DDBEE2D8DC614898D7AB7DEE0AE99FA718BDE9B46B7836707568A3FC59F9C24C84900147F82E24F4E92930040F1A7F8939304390980E24F50FCC94972120028FE147F729220270150FC098A3F39494E0200C59FE24F4E12E424008A3F41F12727C94900A0F853FCC949829C0440F12728FEE424390900147F8A3F394990930028FE04C59F9C24270180E24FF1272709721200C59FA0F89393E4240050FC29FEE424414E02A0F813147F72929C04008A3FC59F9C24C84900147F82E24F4E92930040F1A7F8939304390980E24F243866CE9C4943424ED29000A0F813DEC58E1D3B4C5E5E9EC9C9C9F9C6B2AC77E4E350DBB6BB48B49338969C2468480050FC89A4C4F8F1E3B521F953C24488AD123325264883D29B9C24684800A48D79F3E651745327764BF1DF27CDC6C4280D893B0AC84922593949A50490700B172EDC5A515141E14D81282B2BFB5F29FE6BF5128D341CBB6B69469676E8D0A1393949242B27A9940012AEB4B4F4E6F9F3E7FFF2E38F3FEEA2007BF72E540B7F4949C966896EFA7791A664449466A4521B16729248764E0240C249C1E924EF8296EBD0AC5E2F26921E7ADCD7BA0B7F4141412B693EB6853724D28CBC57545474103999FAA17FAF74CA4900408692E6A367583332473EBE27F149BA8F92A403FD9B711400004D9ECE139193DAC66043B2CDE7F3FD3578A22B92A890B887A34443020040324E6ADDF4C46659568EFB71BFDF7F9A3CBE4C9701E7E6E6FE8D234543020040A24F6C8323ADAA098EA0144B94DBB67D2B478A86040000CFF8FDFE0BE5E4B74E374CCBCECE3E9C23424302008027F2F2F20EB52CEB2539096EB06DFB528E080D0900005E9E046F92F841F731C984E5C134240000A4289FCF779C9C0CA74AAC90CFCFE288D0900000E099E03E26BA3CF87EF9B2194784860400004F5896D5564E8C4B247453B5E339223424000078C2E7F31D2827C741BA3C581A141F4784860400002F4F90ED6DDBFE4A3EBE1608048EE088D0900000E089CE9D3BFFC5B2AC7FE896F4DDBB77BF9C23424302008067A429B9414E9865F27194CFE73B98234243020080276CDB3E564E9AFF9258299F9FCD11A1210100C0339665DDA6CB83A529E99DC5F2601A120000BCE2F3F94E9613E88712258140A035478486040000AF9A125D1E3C50E247098B234243020080672CCBBA404EA66B6DDB9E244DCA911C111A1200003C218D484B39A18E95D82CD18123424302008067FC7EFFF57262FDDEB2ACA76EB8E1864338223424000078223F3FFF186948FE2927D8558140E01C8E080D0900009EB16DBB47707970BF2C9607D3900000E0E149B68DC442694A4AE5E3891C111A1200003C3178F0E0032CCB7A28B83CD8CF11A1210100C0CB13EEF9B66DAF91985C5050D08A23424302008027A41169210DC9B372F2FD4EE26A8E080D0900009E91A6E45A39016F917886E5C13424000078C6E7F31D2D27E137253EB72CEBBF684868480000F08C6DDBB9BA3C589A92013A01968604000078C2E7F3FDA79C90E76BE8E734240000C013C1E5C103829BA9E5D290000000CFE87C129D57A2F34B749E090D090000F084AEBCD11538BA124757E4D090000000CF4833725570CF92E7740F131A120000E009DDD5557777D55D5E75B7571A120000E0E509DBAFF7C3D1FBE2A4E3F2601A1200009ACE49FBC4E09D8317EA9D846948000080579A4953D22FB83CB8070D090000F04C201038474EE2AB2CCBFA677E7EFE3134240000C013C1E5C1A325BEF7FBFDD7D3900000002F4FE61D2436498CF5F97C2D694800008027A41139D2B6ED4972625FEBF7FBFF9B86040000787962B77479B0C44069520EA4210100009E080402ADE5045F22F1A1342527A760F3315D1B903A62397F4900009A3E5D1EDC5B97075B96755B8A3524ED25F6D5D690C8EFDC893F21000069429A92B3E504BF52E25FF2F9B129D494CCACA52159DAA14387E6FCF5000048233E9FEF60CBB246C989BE4C3EDE90220D49FB680D89344E5DF8AB010090A6BA77EF7EB99CF0374AFC4FE7CE9DFF92024D49A4B924CB191D010020CD05028123E4A4FF9A6DDB5FE92885C70D498DB924CC1D01002083C889DF270D40B9C4202F9707CBEFF10EA3230000643069008E97982DB1441A83B61E35247F77CD1DE9C85F050080CCD44C9A81FB83770FEEE95163E4CC2561740400800C6759D699D214AC9098E6F3F98E4B7243D2BE6BD7AEECD40A0000B2B28A8A8A0E92E6E009891F923CB9542FD598E0470000006733B54BA529D9204DC94B7979798726F8C75D23B15D624CF023AB6C0000C0BF6567671F2E4DC90489757EBFFFC2043723A126444748B6D1940000806A2CCBEA1A5C1E5C1CE749A7E1CD485D8F0300804C969B9BFBB7E0BD6796F9FDFED3E2F04F76ACA3E9083DCF9C120000509D3424F7E8F26089A238342375351B8C9420EE0281406BCBB2EE951C9E22B15EA232B80FCE6EBDAD4270A3BEFEFA3A8E1600A430DBB6DB49C1FE44F70EC9CBCBFB8F18BFFD9AACD8463E627D3D102D6FBB48CC95D85BCB5DA6C3E303797D2E470F0052942E0F96423D4C97074B64C7D85CC43AE2A1DF574953828690FC6C23B93A2B862624522CF2F97CA772340120758BFD2512DF5A9635BE8EE5C18DBDFCC2E51BC44CF232C7EFF7FF9FBBB908040266C48811A6B4B4D47CF7DD7766C78E1D46EDDCB9D394959599C58B179B3163C618C9E7F0A6A492D112004861F2CEF13029D6AFE8F578BD2F4D8497D43581B5BEE2F5EF20339A914ED240EC77372293264D32151515A63EB66FDFEEBC5EBFCFDD9878757B0500403DE9357A29D85B2586B89607C77BB50C2325A84F3392E36E46FAF6EDEB8C8634847EDF800103C29B12464A002095F97CBEBFCAC9608614ED8FDBB66D5B10D68C3493E811FC188BF0EF63A22BA2D23923EECB34C5C5C55597651A4A2FE70C1F3E3CFCF24D3B8E3600A4B82BAEB8E2B9ECECEC3F5AB66C79ABABA97825EBDFF7AB792586A624DAF7D194202269464ADC23238D6D46DC4D49D848C9228E3600A436A75970352359C1110EE38AFA3425EE662414F9AEE79953826A82970DABE68C34F4324D6D976FDC734AB8740300A92B5A9310A9B9A8AD2989F4FA9723BC9E39257037247343CD824E484D84C99327334A02004DA419E918439311A929A96F3312DE9470F9268D1B0DBD03756DAFD19D554313597514E3E79F7F4E4843A2AB6FC29604B7E12F0400A9A3BE4D415D4D49ACCD88FBE77397E034E5BA443237CAD2F2ACE076F0CEEB9E7CF2499348BA4F89AB21E9CF5F080052AB19A96F3310AD2939A081CD48F8080D4D499A3624AE98193E6212BC378DF3FCFCF9F313DA90E8E669AEDF653A7F2100687ACD486D4DC9D78D68461AFBFBA0693524552326A1C62478A33CE7F1784F660DA73BBABA7E8F2DFC8500C05B8D1D9188D49434A619096F4A985392E60D897BC4446257E8EB782DF5AD6D09B0EB67EFE62F0400DE69156C1CC634F2DF3920C2C8C8D7C1C71B634C236FA64634E14806F7CFA31C00406A8C90347424A2B6119258364F63842473474896EB3D6BF45605BA7B2A23240090B9F4E45F99959839240D694A984392190D495523E27A0D73480080A624A61189684B7B23ADB289A52961954DFA37244B7537567723E27A0DAB6C0000F51E99A86B9F915877740D699FC53E24E9DC90D4181109C73E240080FA8E50D477D3B3589B92D065A32EFC093297EED42ACDC1BE64ECD49A9B9BFB273BB50240D31C29897507D6FA3625A19F473302EE650300A83152127EF9A44756ECFB8C70B75FC4DA9024FC6EBF7EBFFF4FEEF60B004DAB29714F74753717B16C7A16EDFB58DA8B88A451F820D430F4EDDB376E4B8075A96FBF7EFDF6BB47476A9BD30200481DE1976F9A054738625DCA1BFE7D8DDDFF04E9DD90B491D8166A1C8A8B8B1BDD946833327CF870F7BC914ADBB6DB71B401A0E936258D15E97210508D655939A109AEA19192865EBED1EF0B1B19E1520D00647853C2A667A837691C0ADC4D89CE29D189AEBA4AA6BEAB697402AB7BCE8886343B0F717401A0E96AEC65162ED320663A5222B1DDDD506863A2FB94E8E6693AFA11BA9CA39765740756DDF4ECF9E79F373D7AF4F8236C7758DD9ABE80A30A00E9D394C43AC2C104563498CE29712F076E602C62CE0800A497582FBB709906F16A4CBA051B937DB134223A2AC26A1A00C8ECA644B783670756C495EEE82A8D49EFE0BD6F36EADD7A4377EDD51BE5E9BD69743B7876600580CCD031D86C74ACE5F96D3423000020D1A28D94709906000078DA94D08C0000004F9B923134230000C04B3A67C464B1B417000078AC15870000000000000000000000000000000000000000000000000000908EFE1F276AA4C3143BAF4B0000000049454E44AE426082, 1);
COMMIT;

-- ----------------------------
-- Table structure for ACT_GE_PROPERTY
-- ----------------------------
DROP TABLE IF EXISTS `ACT_GE_PROPERTY`;
CREATE TABLE `ACT_GE_PROPERTY` (
  `NAME_` varchar(64) COLLATE utf8_bin NOT NULL,
  `VALUE_` varchar(300) COLLATE utf8_bin DEFAULT NULL,
  `REV_` int(11) DEFAULT NULL,
  PRIMARY KEY (`NAME_`)
) ENGINE=InnoDB DEFAULT CHARSET=utf8 COLLATE=utf8_bin;

-- ----------------------------
-- Records of ACT_GE_PROPERTY
-- ----------------------------
BEGIN;
INSERT INTO `ACT_GE_PROPERTY` VALUES ('next.dbid', '92501', 38);
INSERT INTO `ACT_GE_PROPERTY` VALUES ('schema.history', 'create(5.22.0.0)', 1);
INSERT INTO `ACT_GE_PROPERTY` VALUES ('schema.version', '5.22.0.0', 1);
COMMIT;

-- ----------------------------
-- Table structure for ACT_HI_ACTINST
-- ----------------------------
DROP TABLE IF EXISTS `ACT_HI_ACTINST`;
CREATE TABLE `ACT_HI_ACTINST` (
  `ID_` varchar(64) COLLATE utf8_bin NOT NULL,
  `PROC_DEF_ID_` varchar(64) COLLATE utf8_bin NOT NULL,
  `PROC_INST_ID_` varchar(64) COLLATE utf8_bin NOT NULL,
  `EXECUTION_ID_` varchar(64) COLLATE utf8_bin NOT NULL,
  `ACT_ID_` varchar(255) COLLATE utf8_bin NOT NULL,
  `TASK_ID_` varchar(64) COLLATE utf8_bin DEFAULT NULL,
  `CALL_PROC_INST_ID_` varchar(64) COLLATE utf8_bin DEFAULT NULL,
  `ACT_NAME_` varchar(255) COLLATE utf8_bin DEFAULT NULL,
  `ACT_TYPE_` varchar(255) COLLATE utf8_bin NOT NULL,
  `ASSIGNEE_` varchar(255) COLLATE utf8_bin DEFAULT NULL,
  `START_TIME_` datetime(3) NOT NULL,
  `END_TIME_` datetime(3) DEFAULT NULL,
  `DURATION_` bigint(20) DEFAULT NULL,
  `TENANT_ID_` varchar(255) COLLATE utf8_bin DEFAULT '',
  PRIMARY KEY (`ID_`),
  KEY `ACT_IDX_HI_ACT_INST_START` (`START_TIME_`),
  KEY `ACT_IDX_HI_ACT_INST_END` (`END_TIME_`),
  KEY `ACT_IDX_HI_ACT_INST_PROCINST` (`PROC_INST_ID_`,`ACT_ID_`),
  KEY `ACT_IDX_HI_ACT_INST_EXEC` (`EXECUTION_ID_`,`ACT_ID_`)
) ENGINE=InnoDB DEFAULT CHARSET=utf8 COLLATE=utf8_bin;

-- ----------------------------
-- Records of ACT_HI_ACTINST
-- ----------------------------
BEGIN;
INSERT INTO `ACT_HI_ACTINST` VALUES ('75003', 'process:11:62508', '75001', '75001', 'start', NULL, NULL, NULL, 'startEvent', NULL, '2019-04-05 21:34:02.277', '2019-04-05 21:34:02.327', 50, '');
INSERT INTO `ACT_HI_ACTINST` VALUES ('75008', 'process:11:62508', '75001', '75001', 'apply', '75009', NULL, '请假申请', 'userTask', 'super', '2019-04-05 21:34:02.330', '2019-04-05 21:34:02.447', 117, '');
INSERT INTO `ACT_HI_ACTINST` VALUES ('75010', 'process:11:62508', '75001', '75001', 'approve', '75011', NULL, '经理审批', 'userTask', 'admin', '2019-04-05 21:34:02.447', '2019-04-05 21:34:58.691', 56244, '');
INSERT INTO `ACT_HI_ACTINST` VALUES ('75016', 'process:11:62508', '75001', '75001', 'condition', NULL, NULL, NULL, 'exclusiveGateway', NULL, '2019-04-05 21:34:58.692', '2019-04-05 21:34:58.715', 23, '');
INSERT INTO `ACT_HI_ACTINST` VALUES ('75017', 'process:11:62508', '75001', '75001', 'stop', NULL, NULL, NULL, 'endEvent', NULL, '2019-04-05 21:34:58.715', '2019-04-05 21:34:58.715', 0, '');
INSERT INTO `ACT_HI_ACTINST` VALUES ('77507', 'process:12:77504', '77505', '77505', 'start', NULL, NULL, '新建流程', 'startEvent', NULL, '2019-04-05 21:59:09.332', '2019-04-05 21:59:09.366', 34, '');
INSERT INTO `ACT_HI_ACTINST` VALUES ('77512', 'process:12:77504', '77505', '77505', 'apply', '77513', NULL, '请假申请', 'userTask', 'super', '2019-04-05 21:59:09.369', '2019-04-05 21:59:09.465', 96, '');
INSERT INTO `ACT_HI_ACTINST` VALUES ('77514', 'process:12:77504', '77505', '77505', 'approve', '77515', NULL, '待审批', 'userTask', 'admin', '2019-04-05 21:59:09.466', '2019-04-05 22:01:14.735', 125269, '');
INSERT INTO `ACT_HI_ACTINST` VALUES ('77520', 'process:12:77504', '77505', '77505', 'condition', NULL, NULL, NULL, 'exclusiveGateway', NULL, '2019-04-05 22:01:14.735', '2019-04-05 22:01:14.761', 26, '');
INSERT INTO `ACT_HI_ACTINST` VALUES ('77521', 'process:12:77504', '77505', '77505', 'stop', NULL, NULL, '已完成', 'endEvent', NULL, '2019-04-05 22:01:14.761', '2019-04-05 22:01:14.761', 0, '');
INSERT INTO `ACT_HI_ACTINST` VALUES ('77524', 'process:12:77504', '77522', '77522', 'start', NULL, NULL, '新建流程', 'startEvent', NULL, '2019-04-05 22:01:53.384', '2019-04-05 22:01:53.388', 4, '');
INSERT INTO `ACT_HI_ACTINST` VALUES ('77529', 'process:12:77504', '77522', '77522', 'apply', '77530', NULL, '请假申请', 'userTask', 'super', '2019-04-05 22:01:53.388', '2019-04-05 22:01:53.463', 75, '');
INSERT INTO `ACT_HI_ACTINST` VALUES ('77531', 'process:12:77504', '77522', '77522', 'approve', '77532', NULL, '待审批', 'userTask', 'admin', '2019-04-05 22:01:53.463', '2019-04-05 22:02:04.086', 10623, '');
INSERT INTO `ACT_HI_ACTINST` VALUES ('77537', 'process:12:77504', '77522', '77522', 'condition', NULL, NULL, NULL, 'exclusiveGateway', NULL, '2019-04-05 22:02:04.086', '2019-04-05 22:02:04.086', 0, '');
INSERT INTO `ACT_HI_ACTINST` VALUES ('77538', 'process:12:77504', '77522', '77522', 'apply', '77539', NULL, '请假申请', 'userTask', 'super', '2019-04-05 22:02:04.086', '2019-04-05 22:37:25.524', 2121438, '');
INSERT INTO `ACT_HI_ACTINST` VALUES ('80001', 'process:12:77504', '77522', '77522', 'approve', '80002', NULL, '待审批', 'userTask', 'admin', '2019-04-05 22:37:25.560', '2019-04-05 22:43:19.774', 354214, '');
INSERT INTO `ACT_HI_ACTINST` VALUES ('82501', 'process:12:77504', '77522', '77522', 'condition', NULL, NULL, NULL, 'exclusiveGateway', NULL, '2019-04-05 22:43:19.787', '2019-04-05 22:43:19.821', 34, '');
INSERT INTO `ACT_HI_ACTINST` VALUES ('82502', 'process:12:77504', '77522', '77522', 'apply', '82503', NULL, '请假申请', 'userTask', 'super', '2019-04-05 22:43:19.821', '2019-04-05 22:43:42.411', 22590, '');
INSERT INTO `ACT_HI_ACTINST` VALUES ('82504', 'process:12:77504', '77522', '77522', 'approve', '82505', NULL, '待审批', 'userTask', 'admin', '2019-04-05 22:43:42.411', '2019-04-05 22:45:17.506', 95095, '');
INSERT INTO `ACT_HI_ACTINST` VALUES ('82509', 'process:12:77504', '77522', '77522', 'condition', NULL, NULL, NULL, 'exclusiveGateway', NULL, '2019-04-05 22:45:17.506', '2019-04-05 22:45:17.507', 1, '');
INSERT INTO `ACT_HI_ACTINST` VALUES ('82510', 'process:12:77504', '77522', '77522', 'stop', NULL, NULL, '已完成', 'endEvent', NULL, '2019-04-05 22:45:17.507', '2019-04-05 22:45:17.507', 0, '');
INSERT INTO `ACT_HI_ACTINST` VALUES ('90003', 'leave_process:1:87508', '90001', '90001', 'start', NULL, NULL, '新建流程', 'startEvent', NULL, '2019-04-06 04:01:05.237', '2019-04-06 04:01:05.256', 19, '');
INSERT INTO `ACT_HI_ACTINST` VALUES ('90008', 'leave_process:1:87508', '90001', '90001', 'apply', '90009', NULL, '请假申请', 'userTask', 'super', '2019-04-06 04:01:05.257', '2019-04-06 04:01:05.355', 98, '');
INSERT INTO `ACT_HI_ACTINST` VALUES ('90010', 'leave_process:1:87508', '90001', '90001', 'approve', '90011', NULL, '待审批', 'userTask', 'admin', '2019-04-06 04:01:05.355', '2019-04-06 04:01:43.195', 37840, '');
INSERT INTO `ACT_HI_ACTINST` VALUES ('90016', 'leave_process:1:87508', '90001', '90001', 'condition', NULL, NULL, NULL, 'exclusiveGateway', NULL, '2019-04-06 04:01:43.195', '2019-04-06 04:01:43.212', 17, '');
INSERT INTO `ACT_HI_ACTINST` VALUES ('90017', 'leave_process:1:87508', '90001', '90001', 'stop', NULL, NULL, '已完成', 'endEvent', NULL, '2019-04-06 04:01:43.212', '2019-04-06 04:01:43.213', 1, '');
INSERT INTO `ACT_HI_ACTINST` VALUES ('90020', 'leave_process:1:87508', '90018', '90018', 'start', NULL, NULL, '新建流程', 'startEvent', NULL, '2019-04-06 04:02:47.048', '2019-04-06 04:02:47.052', 4, '');
INSERT INTO `ACT_HI_ACTINST` VALUES ('90025', 'leave_process:1:87508', '90018', '90018', 'apply', '90026', NULL, '请假申请', 'userTask', 'super', '2019-04-06 04:02:47.052', '2019-04-06 04:02:47.109', 57, '');
INSERT INTO `ACT_HI_ACTINST` VALUES ('90027', 'leave_process:1:87508', '90018', '90018', 'approve', '90028', NULL, '待审批', 'userTask', 'admin', '2019-04-06 04:02:47.109', '2019-04-06 04:02:58.709', 11600, '');
INSERT INTO `ACT_HI_ACTINST` VALUES ('90033', 'leave_process:1:87508', '90018', '90018', 'condition', NULL, NULL, NULL, 'exclusiveGateway', NULL, '2019-04-06 04:02:58.709', '2019-04-06 04:02:58.710', 1, '');
INSERT INTO `ACT_HI_ACTINST` VALUES ('90034', 'leave_process:1:87508', '90018', '90018', 'apply', '90035', NULL, '请假申请', 'userTask', 'super', '2019-04-06 04:02:58.710', '2019-04-06 04:07:00.632', 241922, '');
INSERT INTO `ACT_HI_ACTINST` VALUES ('90036', 'leave_process:1:87508', '90018', '90018', 'approve', '90037', NULL, '待审批', 'userTask', 'admin', '2019-04-06 04:07:00.635', '2019-04-06 04:08:33.418', 92783, '');
INSERT INTO `ACT_HI_ACTINST` VALUES ('90041', 'leave_process:1:87508', '90018', '90018', 'condition', NULL, NULL, NULL, 'exclusiveGateway', NULL, '2019-04-06 04:08:33.418', '2019-04-06 04:08:33.419', 1, '');
INSERT INTO `ACT_HI_ACTINST` VALUES ('90042', 'leave_process:1:87508', '90018', '90018', 'stop', NULL, NULL, '已完成', 'endEvent', NULL, '2019-04-06 04:08:33.419', '2019-04-06 04:08:33.419', 0, '');
COMMIT;

-- ----------------------------
-- Table structure for ACT_HI_ATTACHMENT
-- ----------------------------
DROP TABLE IF EXISTS `ACT_HI_ATTACHMENT`;
CREATE TABLE `ACT_HI_ATTACHMENT` (
  `ID_` varchar(64) COLLATE utf8_bin NOT NULL,
  `REV_` int(11) DEFAULT NULL,
  `USER_ID_` varchar(255) COLLATE utf8_bin DEFAULT NULL,
  `NAME_` varchar(255) COLLATE utf8_bin DEFAULT NULL,
  `DESCRIPTION_` varchar(4000) COLLATE utf8_bin DEFAULT NULL,
  `TYPE_` varchar(255) COLLATE utf8_bin DEFAULT NULL,
  `TASK_ID_` varchar(64) COLLATE utf8_bin DEFAULT NULL,
  `PROC_INST_ID_` varchar(64) COLLATE utf8_bin DEFAULT NULL,
  `URL_` varchar(4000) COLLATE utf8_bin DEFAULT NULL,
  `CONTENT_ID_` varchar(64) COLLATE utf8_bin DEFAULT NULL,
  `TIME_` datetime(3) DEFAULT NULL,
  PRIMARY KEY (`ID_`)
) ENGINE=InnoDB DEFAULT CHARSET=utf8 COLLATE=utf8_bin;

-- ----------------------------
-- Table structure for ACT_HI_COMMENT
-- ----------------------------
DROP TABLE IF EXISTS `ACT_HI_COMMENT`;
CREATE TABLE `ACT_HI_COMMENT` (
  `ID_` varchar(64) COLLATE utf8_bin NOT NULL,
  `TYPE_` varchar(255) COLLATE utf8_bin DEFAULT NULL,
  `TIME_` datetime(3) NOT NULL,
  `USER_ID_` varchar(255) COLLATE utf8_bin DEFAULT NULL,
  `TASK_ID_` varchar(64) COLLATE utf8_bin DEFAULT NULL,
  `PROC_INST_ID_` varchar(64) COLLATE utf8_bin DEFAULT NULL,
  `ACTION_` varchar(255) COLLATE utf8_bin DEFAULT NULL,
  `MESSAGE_` varchar(4000) COLLATE utf8_bin DEFAULT NULL,
  `FULL_MSG_` longblob,
  PRIMARY KEY (`ID_`)
) ENGINE=InnoDB DEFAULT CHARSET=utf8 COLLATE=utf8_bin;

-- ----------------------------
-- Table structure for ACT_HI_DETAIL
-- ----------------------------
DROP TABLE IF EXISTS `ACT_HI_DETAIL`;
CREATE TABLE `ACT_HI_DETAIL` (
  `ID_` varchar(64) COLLATE utf8_bin NOT NULL,
  `TYPE_` varchar(255) COLLATE utf8_bin NOT NULL,
  `PROC_INST_ID_` varchar(64) COLLATE utf8_bin DEFAULT NULL,
  `EXECUTION_ID_` varchar(64) COLLATE utf8_bin DEFAULT NULL,
  `TASK_ID_` varchar(64) COLLATE utf8_bin DEFAULT NULL,
  `ACT_INST_ID_` varchar(64) COLLATE utf8_bin DEFAULT NULL,
  `NAME_` varchar(255) COLLATE utf8_bin NOT NULL,
  `VAR_TYPE_` varchar(255) COLLATE utf8_bin DEFAULT NULL,
  `REV_` int(11) DEFAULT NULL,
  `TIME_` datetime(3) NOT NULL,
  `BYTEARRAY_ID_` varchar(64) COLLATE utf8_bin DEFAULT NULL,
  `DOUBLE_` double DEFAULT NULL,
  `LONG_` bigint(20) DEFAULT NULL,
  `TEXT_` varchar(4000) COLLATE utf8_bin DEFAULT NULL,
  `TEXT2_` varchar(4000) COLLATE utf8_bin DEFAULT NULL,
  PRIMARY KEY (`ID_`),
  KEY `ACT_IDX_HI_DETAIL_PROC_INST` (`PROC_INST_ID_`),
  KEY `ACT_IDX_HI_DETAIL_ACT_INST` (`ACT_INST_ID_`),
  KEY `ACT_IDX_HI_DETAIL_TIME` (`TIME_`),
  KEY `ACT_IDX_HI_DETAIL_NAME` (`NAME_`),
  KEY `ACT_IDX_HI_DETAIL_TASK_ID` (`TASK_ID_`)
) ENGINE=InnoDB DEFAULT CHARSET=utf8 COLLATE=utf8_bin;

-- ----------------------------
-- Table structure for ACT_HI_IDENTITYLINK
-- ----------------------------
DROP TABLE IF EXISTS `ACT_HI_IDENTITYLINK`;
CREATE TABLE `ACT_HI_IDENTITYLINK` (
  `ID_` varchar(64) COLLATE utf8_bin NOT NULL,
  `GROUP_ID_` varchar(255) COLLATE utf8_bin DEFAULT NULL,
  `TYPE_` varchar(255) COLLATE utf8_bin DEFAULT NULL,
  `USER_ID_` varchar(255) COLLATE utf8_bin DEFAULT NULL,
  `TASK_ID_` varchar(64) COLLATE utf8_bin DEFAULT NULL,
  `PROC_INST_ID_` varchar(64) COLLATE utf8_bin DEFAULT NULL,
  PRIMARY KEY (`ID_`),
  KEY `ACT_IDX_HI_IDENT_LNK_USER` (`USER_ID_`),
  KEY `ACT_IDX_HI_IDENT_LNK_TASK` (`TASK_ID_`),
  KEY `ACT_IDX_HI_IDENT_LNK_PROCINST` (`PROC_INST_ID_`)
) ENGINE=InnoDB DEFAULT CHARSET=utf8 COLLATE=utf8_bin;

-- ----------------------------
-- Records of ACT_HI_IDENTITYLINK
-- ----------------------------
BEGIN;
INSERT INTO `ACT_HI_IDENTITYLINK` VALUES ('75002', NULL, 'starter', 'super', NULL, '75001');
INSERT INTO `ACT_HI_IDENTITYLINK` VALUES ('75012', '部门经理', 'candidate', NULL, '75011', NULL);
INSERT INTO `ACT_HI_IDENTITYLINK` VALUES ('75013', NULL, 'participant', 'admin', NULL, '75001');
INSERT INTO `ACT_HI_IDENTITYLINK` VALUES ('77506', NULL, 'starter', 'super', NULL, '77505');
INSERT INTO `ACT_HI_IDENTITYLINK` VALUES ('77516', '部门经理', 'candidate', NULL, '77515', NULL);
INSERT INTO `ACT_HI_IDENTITYLINK` VALUES ('77517', NULL, 'participant', 'admin', NULL, '77505');
INSERT INTO `ACT_HI_IDENTITYLINK` VALUES ('77523', NULL, 'starter', 'super', NULL, '77522');
INSERT INTO `ACT_HI_IDENTITYLINK` VALUES ('77533', '部门经理', 'candidate', NULL, '77532', NULL);
INSERT INTO `ACT_HI_IDENTITYLINK` VALUES ('77534', NULL, 'participant', 'admin', NULL, '77522');
INSERT INTO `ACT_HI_IDENTITYLINK` VALUES ('80003', '部门经理', 'candidate', NULL, '80002', NULL);
INSERT INTO `ACT_HI_IDENTITYLINK` VALUES ('82506', '部门经理', 'candidate', NULL, '82505', NULL);
INSERT INTO `ACT_HI_IDENTITYLINK` VALUES ('90002', NULL, 'starter', 'super', NULL, '90001');
INSERT INTO `ACT_HI_IDENTITYLINK` VALUES ('90012', '部门经理', 'candidate', NULL, '90011', NULL);
INSERT INTO `ACT_HI_IDENTITYLINK` VALUES ('90013', NULL, 'participant', 'admin', NULL, '90001');
INSERT INTO `ACT_HI_IDENTITYLINK` VALUES ('90019', NULL, 'starter', 'super', NULL, '90018');
INSERT INTO `ACT_HI_IDENTITYLINK` VALUES ('90029', '部门经理', 'candidate', NULL, '90028', NULL);
INSERT INTO `ACT_HI_IDENTITYLINK` VALUES ('90030', NULL, 'participant', 'admin', NULL, '90018');
INSERT INTO `ACT_HI_IDENTITYLINK` VALUES ('90038', '部门经理', 'candidate', NULL, '90037', NULL);
COMMIT;

-- ----------------------------
-- Table structure for ACT_HI_PROCINST
-- ----------------------------
DROP TABLE IF EXISTS `ACT_HI_PROCINST`;
CREATE TABLE `ACT_HI_PROCINST` (
  `ID_` varchar(64) COLLATE utf8_bin NOT NULL,
  `PROC_INST_ID_` varchar(64) COLLATE utf8_bin NOT NULL,
  `BUSINESS_KEY_` varchar(255) COLLATE utf8_bin DEFAULT NULL,
  `PROC_DEF_ID_` varchar(64) COLLATE utf8_bin NOT NULL,
  `START_TIME_` datetime(3) NOT NULL,
  `END_TIME_` datetime(3) DEFAULT NULL,
  `DURATION_` bigint(20) DEFAULT NULL,
  `START_USER_ID_` varchar(255) COLLATE utf8_bin DEFAULT NULL,
  `START_ACT_ID_` varchar(255) COLLATE utf8_bin DEFAULT NULL,
  `END_ACT_ID_` varchar(255) COLLATE utf8_bin DEFAULT NULL,
  `SUPER_PROCESS_INSTANCE_ID_` varchar(64) COLLATE utf8_bin DEFAULT NULL,
  `DELETE_REASON_` varchar(4000) COLLATE utf8_bin DEFAULT NULL,
  `TENANT_ID_` varchar(255) COLLATE utf8_bin DEFAULT '',
  `NAME_` varchar(255) COLLATE utf8_bin DEFAULT NULL,
  PRIMARY KEY (`ID_`),
  UNIQUE KEY `PROC_INST_ID_` (`PROC_INST_ID_`),
  KEY `ACT_IDX_HI_PRO_INST_END` (`END_TIME_`),
  KEY `ACT_IDX_HI_PRO_I_BUSKEY` (`BUSINESS_KEY_`)
) ENGINE=InnoDB DEFAULT CHARSET=utf8 COLLATE=utf8_bin;

-- ----------------------------
-- Records of ACT_HI_PROCINST
-- ----------------------------
BEGIN;
INSERT INTO `ACT_HI_PROCINST` VALUES ('75001', '75001', NULL, 'process:11:62508', '2019-04-05 21:34:02.277', '2019-04-05 21:34:58.718', 56441, 'super', 'start', 'stop', NULL, NULL, '', NULL);
INSERT INTO `ACT_HI_PROCINST` VALUES ('77505', '77505', NULL, 'process:12:77504', '2019-04-05 21:59:09.332', '2019-04-05 22:01:14.765', 125433, 'super', 'start', 'stop', NULL, NULL, '', NULL);
INSERT INTO `ACT_HI_PROCINST` VALUES ('77522', '77522', NULL, 'process:12:77504', '2019-04-05 22:01:53.384', '2019-04-05 22:45:17.509', 2604125, 'super', 'start', 'stop', NULL, NULL, '', NULL);
INSERT INTO `ACT_HI_PROCINST` VALUES ('90001', '90001', NULL, 'leave_process:1:87508', '2019-04-06 04:01:05.237', '2019-04-06 04:01:43.216', 37979, 'super', 'start', 'stop', NULL, NULL, '', NULL);
INSERT INTO `ACT_HI_PROCINST` VALUES ('90018', '90018', NULL, 'leave_process:1:87508', '2019-04-06 04:02:47.048', '2019-04-06 04:08:33.421', 346373, 'super', 'start', 'stop', NULL, NULL, '', NULL);
COMMIT;

-- ----------------------------
-- Table structure for ACT_HI_TASKINST
-- ----------------------------
DROP TABLE IF EXISTS `ACT_HI_TASKINST`;
CREATE TABLE `ACT_HI_TASKINST` (
  `ID_` varchar(64) COLLATE utf8_bin NOT NULL,
  `PROC_DEF_ID_` varchar(64) COLLATE utf8_bin DEFAULT NULL,
  `TASK_DEF_KEY_` varchar(255) COLLATE utf8_bin DEFAULT NULL,
  `PROC_INST_ID_` varchar(64) COLLATE utf8_bin DEFAULT NULL,
  `EXECUTION_ID_` varchar(64) COLLATE utf8_bin DEFAULT NULL,
  `NAME_` varchar(255) COLLATE utf8_bin DEFAULT NULL,
  `PARENT_TASK_ID_` varchar(64) COLLATE utf8_bin DEFAULT NULL,
  `DESCRIPTION_` varchar(4000) COLLATE utf8_bin DEFAULT NULL,
  `OWNER_` varchar(255) COLLATE utf8_bin DEFAULT NULL,
  `ASSIGNEE_` varchar(255) COLLATE utf8_bin DEFAULT NULL,
  `START_TIME_` datetime(3) NOT NULL,
  `CLAIM_TIME_` datetime(3) DEFAULT NULL,
  `END_TIME_` datetime(3) DEFAULT NULL,
  `DURATION_` bigint(20) DEFAULT NULL,
  `DELETE_REASON_` varchar(4000) COLLATE utf8_bin DEFAULT NULL,
  `PRIORITY_` int(11) DEFAULT NULL,
  `DUE_DATE_` datetime(3) DEFAULT NULL,
  `FORM_KEY_` varchar(255) COLLATE utf8_bin DEFAULT NULL,
  `CATEGORY_` varchar(255) COLLATE utf8_bin DEFAULT NULL,
  `TENANT_ID_` varchar(255) COLLATE utf8_bin DEFAULT '',
  PRIMARY KEY (`ID_`),
  KEY `ACT_IDX_HI_TASK_INST_PROCINST` (`PROC_INST_ID_`)
) ENGINE=InnoDB DEFAULT CHARSET=utf8 COLLATE=utf8_bin;

-- ----------------------------
-- Records of ACT_HI_TASKINST
-- ----------------------------
BEGIN;
INSERT INTO `ACT_HI_TASKINST` VALUES ('75009', 'process:11:62508', 'apply', '75001', '75001', '请假申请', NULL, NULL, NULL, 'super', '2019-04-05 21:34:02.333', NULL, '2019-04-05 21:34:02.439', 106, 'completed', 50, NULL, 'leave-start.form', NULL, '');
INSERT INTO `ACT_HI_TASKINST` VALUES ('75011', 'process:11:62508', 'approve', '75001', '75001', '经理审批', NULL, NULL, NULL, 'admin', '2019-04-05 21:34:02.447', NULL, '2019-04-05 21:34:58.689', 56242, 'completed', 50, NULL, NULL, NULL, '');
INSERT INTO `ACT_HI_TASKINST` VALUES ('77513', 'process:12:77504', 'apply', '77505', '77505', '请假申请', NULL, NULL, NULL, 'super', '2019-04-05 21:59:09.371', NULL, '2019-04-05 21:59:09.458', 87, 'completed', 50, NULL, 'leave-start.form', NULL, '');
INSERT INTO `ACT_HI_TASKINST` VALUES ('77515', 'process:12:77504', 'approve', '77505', '77505', '待审批', NULL, NULL, NULL, 'admin', '2019-04-05 21:59:09.466', NULL, '2019-04-05 22:01:14.730', 125264, 'completed', 50, NULL, NULL, NULL, '');
INSERT INTO `ACT_HI_TASKINST` VALUES ('77530', 'process:12:77504', 'apply', '77522', '77522', '请假申请', NULL, NULL, NULL, 'super', '2019-04-05 22:01:53.391', NULL, '2019-04-05 22:01:53.460', 69, 'completed', 50, NULL, 'leave-start.form', NULL, '');
INSERT INTO `ACT_HI_TASKINST` VALUES ('77532', 'process:12:77504', 'approve', '77522', '77522', '待审批', NULL, NULL, NULL, 'admin', '2019-04-05 22:01:53.463', NULL, '2019-04-05 22:02:04.080', 10617, 'completed', 50, NULL, NULL, NULL, '');
INSERT INTO `ACT_HI_TASKINST` VALUES ('77539', 'process:12:77504', 'apply', '77522', '77522', '请假申请', NULL, NULL, NULL, 'super', '2019-04-05 22:02:04.087', NULL, '2019-04-05 22:37:25.460', 2121373, 'completed', 50, NULL, 'leave-start.form', NULL, '');
INSERT INTO `ACT_HI_TASKINST` VALUES ('80002', 'process:12:77504', 'approve', '77522', '77522', '待审批', NULL, NULL, NULL, 'admin', '2019-04-05 22:37:25.562', NULL, '2019-04-05 22:43:19.749', 354187, 'completed', 50, NULL, NULL, NULL, '');
INSERT INTO `ACT_HI_TASKINST` VALUES ('82503', 'process:12:77504', 'apply', '77522', '77522', '请假申请', NULL, NULL, NULL, 'super', '2019-04-05 22:43:19.821', NULL, '2019-04-05 22:43:42.406', 22585, 'completed', 50, NULL, 'leave-start.form', NULL, '');
INSERT INTO `ACT_HI_TASKINST` VALUES ('82505', 'process:12:77504', 'approve', '77522', '77522', '待审批', NULL, NULL, NULL, 'admin', '2019-04-05 22:43:42.411', NULL, '2019-04-05 22:45:17.501', 95090, 'completed', 50, NULL, NULL, NULL, '');
INSERT INTO `ACT_HI_TASKINST` VALUES ('90009', 'leave_process:1:87508', 'apply', '90001', '90001', '请假申请', NULL, NULL, NULL, 'super', '2019-04-06 04:01:05.260', NULL, '2019-04-06 04:01:05.348', 88, 'completed', 50, NULL, 'leave-start.form', NULL, '');
INSERT INTO `ACT_HI_TASKINST` VALUES ('90011', 'leave_process:1:87508', 'approve', '90001', '90001', '待审批', NULL, NULL, NULL, 'admin', '2019-04-06 04:01:05.355', NULL, '2019-04-06 04:01:43.190', 37835, 'completed', 50, NULL, NULL, NULL, '');
INSERT INTO `ACT_HI_TASKINST` VALUES ('90026', 'leave_process:1:87508', 'apply', '90018', '90018', '请假申请', NULL, NULL, NULL, 'super', '2019-04-06 04:02:47.054', NULL, '2019-04-06 04:02:47.106', 52, 'completed', 50, NULL, 'leave-start.form', NULL, '');
INSERT INTO `ACT_HI_TASKINST` VALUES ('90028', 'leave_process:1:87508', 'approve', '90018', '90018', '待审批', NULL, NULL, NULL, 'admin', '2019-04-06 04:02:47.109', NULL, '2019-04-06 04:02:58.702', 11593, 'completed', 50, NULL, NULL, NULL, '');
INSERT INTO `ACT_HI_TASKINST` VALUES ('90035', 'leave_process:1:87508', 'apply', '90018', '90018', '请假申请', NULL, NULL, NULL, 'super', '2019-04-06 04:02:58.710', NULL, '2019-04-06 04:07:00.625', 241915, 'completed', 50, NULL, 'leave-start.form', NULL, '');
INSERT INTO `ACT_HI_TASKINST` VALUES ('90037', 'leave_process:1:87508', 'approve', '90018', '90018', '待审批', NULL, NULL, NULL, 'admin', '2019-04-06 04:07:00.636', NULL, '2019-04-06 04:08:33.413', 92777, 'completed', 50, NULL, NULL, NULL, '');
COMMIT;

-- ----------------------------
-- Table structure for ACT_HI_VARINST
-- ----------------------------
DROP TABLE IF EXISTS `ACT_HI_VARINST`;
CREATE TABLE `ACT_HI_VARINST` (
  `ID_` varchar(64) COLLATE utf8_bin NOT NULL,
  `PROC_INST_ID_` varchar(64) COLLATE utf8_bin DEFAULT NULL,
  `EXECUTION_ID_` varchar(64) COLLATE utf8_bin DEFAULT NULL,
  `TASK_ID_` varchar(64) COLLATE utf8_bin DEFAULT NULL,
  `NAME_` varchar(255) COLLATE utf8_bin NOT NULL,
  `VAR_TYPE_` varchar(100) COLLATE utf8_bin DEFAULT NULL,
  `REV_` int(11) DEFAULT NULL,
  `BYTEARRAY_ID_` varchar(64) COLLATE utf8_bin DEFAULT NULL,
  `DOUBLE_` double DEFAULT NULL,
  `LONG_` bigint(20) DEFAULT NULL,
  `TEXT_` varchar(4000) COLLATE utf8_bin DEFAULT NULL,
  `TEXT2_` varchar(4000) COLLATE utf8_bin DEFAULT NULL,
  `CREATE_TIME_` datetime(3) DEFAULT NULL,
  `LAST_UPDATED_TIME_` datetime(3) DEFAULT NULL,
  PRIMARY KEY (`ID_`),
  KEY `ACT_IDX_HI_PROCVAR_PROC_INST` (`PROC_INST_ID_`),
  KEY `ACT_IDX_HI_PROCVAR_NAME_TYPE` (`NAME_`,`VAR_TYPE_`),
  KEY `ACT_IDX_HI_PROCVAR_TASK_ID` (`TASK_ID_`)
) ENGINE=InnoDB DEFAULT CHARSET=utf8 COLLATE=utf8_bin;

-- ----------------------------
-- Records of ACT_HI_VARINST
-- ----------------------------
BEGIN;
INSERT INTO `ACT_HI_VARINST` VALUES ('75004', '75001', '75001', NULL, 'reason', 'string', 2, NULL, NULL, NULL, '五一出国游！', NULL, '2019-04-05 21:34:02.278', '2019-04-05 21:34:58.723');
INSERT INTO `ACT_HI_VARINST` VALUES ('75005', '75001', '75001', NULL, 'endDate', 'date', 2, NULL, NULL, 1556591610000, NULL, NULL, '2019-04-05 21:34:02.281', '2019-04-05 21:34:58.723');
INSERT INTO `ACT_HI_VARINST` VALUES ('75006', '75001', '75001', NULL, 'employee', 'string', 2, NULL, NULL, NULL, 'super', NULL, '2019-04-05 21:34:02.281', '2019-04-05 21:34:58.723');
INSERT INTO `ACT_HI_VARINST` VALUES ('75007', '75001', '75001', NULL, 'startDate', 'date', 2, NULL, NULL, 1556418805000, NULL, NULL, '2019-04-05 21:34:02.281', '2019-04-05 21:34:58.723');
INSERT INTO `ACT_HI_VARINST` VALUES ('75014', '75001', '75001', NULL, 'suggestion', 'string', 0, NULL, NULL, NULL, '批了！好好玩！', NULL, '2019-04-05 21:34:58.684', '2019-04-05 21:34:58.723');
INSERT INTO `ACT_HI_VARINST` VALUES ('75015', '75001', '75001', NULL, 'agree', 'boolean', 0, NULL, NULL, 1, NULL, NULL, '2019-04-05 21:34:58.685', '2019-04-05 21:34:58.723');
INSERT INTO `ACT_HI_VARINST` VALUES ('77508', '77505', '77505', NULL, 'reason', 'string', 2, NULL, NULL, NULL, '测试测试！', NULL, '2019-04-05 21:59:09.333', '2019-04-05 22:01:14.773');
INSERT INTO `ACT_HI_VARINST` VALUES ('77509', '77505', '77505', NULL, 'endDate', 'date', 2, NULL, NULL, 1556593138000, NULL, NULL, '2019-04-05 21:59:09.334', '2019-04-05 22:01:14.773');
INSERT INTO `ACT_HI_VARINST` VALUES ('77510', '77505', '77505', NULL, 'employee', 'string', 2, NULL, NULL, NULL, 'super', NULL, '2019-04-05 21:59:09.335', '2019-04-05 22:01:14.773');
INSERT INTO `ACT_HI_VARINST` VALUES ('77511', '77505', '77505', NULL, 'startDate', 'date', 2, NULL, NULL, 1556506738000, NULL, NULL, '2019-04-05 21:59:09.335', '2019-04-05 22:01:14.773');
INSERT INTO `ACT_HI_VARINST` VALUES ('77518', '77505', '77505', NULL, 'suggestion', 'string', 0, NULL, NULL, NULL, '准了！', NULL, '2019-04-05 22:01:14.723', '2019-04-05 22:01:14.773');
INSERT INTO `ACT_HI_VARINST` VALUES ('77519', '77505', '77505', NULL, 'agree', 'boolean', 0, NULL, NULL, 1, NULL, NULL, '2019-04-05 22:01:14.723', '2019-04-05 22:01:14.773');
INSERT INTO `ACT_HI_VARINST` VALUES ('77525', '77522', '77522', NULL, 'reason', 'string', 4, NULL, NULL, NULL, '测试拒绝！!2', NULL, '2019-04-05 22:01:53.384', '2019-04-05 22:45:17.516');
INSERT INTO `ACT_HI_VARINST` VALUES ('77526', '77522', '77522', NULL, 'endDate', 'date', 4, NULL, NULL, 1555988502000, NULL, NULL, '2019-04-05 22:01:53.384', '2019-04-05 22:45:17.516');
INSERT INTO `ACT_HI_VARINST` VALUES ('77527', '77522', '77522', NULL, 'employee', 'string', 2, NULL, NULL, NULL, 'super', NULL, '2019-04-05 22:01:53.385', '2019-04-05 22:45:17.516');
INSERT INTO `ACT_HI_VARINST` VALUES ('77528', '77522', '77522', NULL, 'startDate', 'date', 4, NULL, NULL, 1554692502000, NULL, NULL, '2019-04-05 22:01:53.385', '2019-04-05 22:45:17.516');
INSERT INTO `ACT_HI_VARINST` VALUES ('82507', '77522', '77522', NULL, 'suggestion', 'string', 0, NULL, NULL, NULL, '准了！', NULL, '2019-04-05 22:45:17.495', '2019-04-05 22:45:17.516');
INSERT INTO `ACT_HI_VARINST` VALUES ('82508', '77522', '77522', NULL, 'agree', 'boolean', 0, NULL, NULL, 1, NULL, NULL, '2019-04-05 22:45:17.495', '2019-04-05 22:45:17.516');
INSERT INTO `ACT_HI_VARINST` VALUES ('90004', '90001', '90001', NULL, 'reason', 'string', 2, NULL, NULL, NULL, '测试新流程！', NULL, '2019-04-06 04:01:05.238', '2019-04-06 04:01:43.223');
INSERT INTO `ACT_HI_VARINST` VALUES ('90005', '90001', '90001', NULL, 'endDate', 'date', 2, NULL, NULL, 1555491654000, NULL, NULL, '2019-04-06 04:01:05.238', '2019-04-06 04:01:43.223');
INSERT INTO `ACT_HI_VARINST` VALUES ('90006', '90001', '90001', NULL, 'employee', 'string', 2, NULL, NULL, NULL, 'super', NULL, '2019-04-06 04:01:05.238', '2019-04-06 04:01:43.223');
INSERT INTO `ACT_HI_VARINST` VALUES ('90007', '90001', '90001', NULL, 'startDate', 'date', 2, NULL, NULL, 1554714050000, NULL, NULL, '2019-04-06 04:01:05.238', '2019-04-06 04:01:43.223');
INSERT INTO `ACT_HI_VARINST` VALUES ('90014', '90001', '90001', NULL, 'suggestion', 'string', 0, NULL, NULL, NULL, '同意！', NULL, '2019-04-06 04:01:43.186', '2019-04-06 04:01:43.223');
INSERT INTO `ACT_HI_VARINST` VALUES ('90015', '90001', '90001', NULL, 'agree', 'boolean', 0, NULL, NULL, 1, NULL, NULL, '2019-04-06 04:01:43.186', '2019-04-06 04:01:43.223');
INSERT INTO `ACT_HI_VARINST` VALUES ('90021', '90018', '90018', NULL, 'reason', 'string', 3, NULL, NULL, NULL, '测试驳回！！', NULL, '2019-04-06 04:02:47.048', '2019-04-06 04:08:33.427');
INSERT INTO `ACT_HI_VARINST` VALUES ('90022', '90018', '90018', NULL, 'endDate', 'date', 3, NULL, NULL, 1555405358000, NULL, NULL, '2019-04-06 04:02:47.049', '2019-04-06 04:08:33.427');
INSERT INTO `ACT_HI_VARINST` VALUES ('90023', '90018', '90018', NULL, 'employee', 'string', 2, NULL, NULL, NULL, 'super', NULL, '2019-04-06 04:02:47.049', '2019-04-06 04:08:33.427');
INSERT INTO `ACT_HI_VARINST` VALUES ('90024', '90018', '90018', NULL, 'startDate', 'date', 3, NULL, NULL, 1554714154000, NULL, NULL, '2019-04-06 04:02:47.049', '2019-04-06 04:08:33.427');
INSERT INTO `ACT_HI_VARINST` VALUES ('90039', '90018', '90018', NULL, 'suggestion', 'string', 0, NULL, NULL, NULL, '同意！', NULL, '2019-04-06 04:08:33.406', '2019-04-06 04:08:33.427');
INSERT INTO `ACT_HI_VARINST` VALUES ('90040', '90018', '90018', NULL, 'agree', 'boolean', 0, NULL, NULL, 1, NULL, NULL, '2019-04-06 04:08:33.406', '2019-04-06 04:08:33.427');
COMMIT;

-- ----------------------------
-- Table structure for ACT_ID_GROUP
-- ----------------------------
DROP TABLE IF EXISTS `ACT_ID_GROUP`;
CREATE TABLE `ACT_ID_GROUP` (
  `ID_` varchar(64) COLLATE utf8_bin NOT NULL,
  `REV_` int(11) DEFAULT NULL,
  `NAME_` varchar(255) COLLATE utf8_bin DEFAULT NULL,
  `TYPE_` varchar(255) COLLATE utf8_bin DEFAULT NULL,
  PRIMARY KEY (`ID_`)
) ENGINE=InnoDB DEFAULT CHARSET=utf8 COLLATE=utf8_bin;

-- ----------------------------
-- Table structure for ACT_ID_INFO
-- ----------------------------
DROP TABLE IF EXISTS `ACT_ID_INFO`;
CREATE TABLE `ACT_ID_INFO` (
  `ID_` varchar(64) COLLATE utf8_bin NOT NULL,
  `REV_` int(11) DEFAULT NULL,
  `USER_ID_` varchar(64) COLLATE utf8_bin DEFAULT NULL,
  `TYPE_` varchar(64) COLLATE utf8_bin DEFAULT NULL,
  `KEY_` varchar(255) COLLATE utf8_bin DEFAULT NULL,
  `VALUE_` varchar(255) COLLATE utf8_bin DEFAULT NULL,
  `PASSWORD_` longblob,
  `PARENT_ID_` varchar(255) COLLATE utf8_bin DEFAULT NULL,
  PRIMARY KEY (`ID_`)
) ENGINE=InnoDB DEFAULT CHARSET=utf8 COLLATE=utf8_bin;

-- ----------------------------
-- Table structure for ACT_ID_MEMBERSHIP
-- ----------------------------
DROP TABLE IF EXISTS `ACT_ID_MEMBERSHIP`;
CREATE TABLE `ACT_ID_MEMBERSHIP` (
  `USER_ID_` varchar(64) COLLATE utf8_bin NOT NULL,
  `GROUP_ID_` varchar(64) COLLATE utf8_bin NOT NULL,
  PRIMARY KEY (`USER_ID_`,`GROUP_ID_`),
  KEY `ACT_FK_MEMB_GROUP` (`GROUP_ID_`),
  CONSTRAINT `ACT_FK_MEMB_GROUP` FOREIGN KEY (`GROUP_ID_`) REFERENCES `act_id_group` (`ID_`),
  CONSTRAINT `ACT_FK_MEMB_USER` FOREIGN KEY (`USER_ID_`) REFERENCES `act_id_user` (`ID_`)
) ENGINE=InnoDB DEFAULT CHARSET=utf8 COLLATE=utf8_bin;

-- ----------------------------
-- Table structure for ACT_ID_USER
-- ----------------------------
DROP TABLE IF EXISTS `ACT_ID_USER`;
CREATE TABLE `ACT_ID_USER` (
  `ID_` varchar(64) COLLATE utf8_bin NOT NULL,
  `REV_` int(11) DEFAULT NULL,
  `FIRST_` varchar(255) COLLATE utf8_bin DEFAULT NULL,
  `LAST_` varchar(255) COLLATE utf8_bin DEFAULT NULL,
  `EMAIL_` varchar(255) COLLATE utf8_bin DEFAULT NULL,
  `PWD_` varchar(255) COLLATE utf8_bin DEFAULT NULL,
  `PICTURE_ID_` varchar(64) COLLATE utf8_bin DEFAULT NULL,
  PRIMARY KEY (`ID_`)
) ENGINE=InnoDB DEFAULT CHARSET=utf8 COLLATE=utf8_bin;

-- ----------------------------
-- Table structure for ACT_PROCDEF_INFO
-- ----------------------------
DROP TABLE IF EXISTS `ACT_PROCDEF_INFO`;
CREATE TABLE `ACT_PROCDEF_INFO` (
  `ID_` varchar(64) COLLATE utf8_bin NOT NULL,
  `PROC_DEF_ID_` varchar(64) COLLATE utf8_bin NOT NULL,
  `REV_` int(11) DEFAULT NULL,
  `INFO_JSON_ID_` varchar(64) COLLATE utf8_bin DEFAULT NULL,
  PRIMARY KEY (`ID_`),
  UNIQUE KEY `ACT_UNIQ_INFO_PROCDEF` (`PROC_DEF_ID_`),
  KEY `ACT_IDX_INFO_PROCDEF` (`PROC_DEF_ID_`),
  KEY `ACT_FK_INFO_JSON_BA` (`INFO_JSON_ID_`),
  CONSTRAINT `ACT_FK_INFO_JSON_BA` FOREIGN KEY (`INFO_JSON_ID_`) REFERENCES `act_ge_bytearray` (`ID_`),
  CONSTRAINT `ACT_FK_INFO_PROCDEF` FOREIGN KEY (`PROC_DEF_ID_`) REFERENCES `act_re_procdef` (`ID_`)
) ENGINE=InnoDB DEFAULT CHARSET=utf8 COLLATE=utf8_bin;

-- ----------------------------
-- Table structure for ACT_RE_DEPLOYMENT
-- ----------------------------
DROP TABLE IF EXISTS `ACT_RE_DEPLOYMENT`;
CREATE TABLE `ACT_RE_DEPLOYMENT` (
  `ID_` varchar(64) COLLATE utf8_bin NOT NULL,
  `NAME_` varchar(255) COLLATE utf8_bin DEFAULT NULL,
  `CATEGORY_` varchar(255) COLLATE utf8_bin DEFAULT NULL,
  `TENANT_ID_` varchar(255) COLLATE utf8_bin DEFAULT '',
  `DEPLOY_TIME_` timestamp(3) NULL DEFAULT NULL,
  PRIMARY KEY (`ID_`)
) ENGINE=InnoDB DEFAULT CHARSET=utf8 COLLATE=utf8_bin;

-- ----------------------------
-- Records of ACT_RE_DEPLOYMENT
-- ----------------------------
BEGIN;
INSERT INTO `ACT_RE_DEPLOYMENT` VALUES ('12505', '请假流程', NULL, '', '2018-04-05 17:34:39.520');
INSERT INTO `ACT_RE_DEPLOYMENT` VALUES ('12518', '请假流程', NULL, '', '2018-04-05 17:38:03.752');
INSERT INTO `ACT_RE_DEPLOYMENT` VALUES ('2508', 'new-process', NULL, '', '2018-04-04 21:27:55.138');
INSERT INTO `ACT_RE_DEPLOYMENT` VALUES ('2512', '请假流程', NULL, '', '2018-04-05 14:07:45.575');
INSERT INTO `ACT_RE_DEPLOYMENT` VALUES ('30001', '请假流程', NULL, '', '2018-04-06 16:48:01.753');
INSERT INTO `ACT_RE_DEPLOYMENT` VALUES ('37513', '请假流程', NULL, '', '2018-04-06 18:29:39.842');
INSERT INTO `ACT_RE_DEPLOYMENT` VALUES ('42513', '请假流程', NULL, '', '2018-04-06 19:17:01.360');
INSERT INTO `ACT_RE_DEPLOYMENT` VALUES ('5001', '请假流程', NULL, '', '2018-04-05 16:46:57.624');
INSERT INTO `ACT_RE_DEPLOYMENT` VALUES ('60001', '请假流程', NULL, '', '2019-03-30 09:07:32.635');
INSERT INTO `ACT_RE_DEPLOYMENT` VALUES ('62501', '请假流程', NULL, '', '2019-03-30 09:12:51.300');
INSERT INTO `ACT_RE_DEPLOYMENT` VALUES ('62505', '请假流程', NULL, '', '2019-03-30 09:35:50.512');
INSERT INTO `ACT_RE_DEPLOYMENT` VALUES ('77501', '请假流程', NULL, '', '2019-04-05 21:58:55.007');
INSERT INTO `ACT_RE_DEPLOYMENT` VALUES ('85004', '测试流程', NULL, '', '2019-04-06 03:47:37.449');
INSERT INTO `ACT_RE_DEPLOYMENT` VALUES ('87501', '测试流程', NULL, '', '2019-04-06 03:58:05.569');
INSERT INTO `ACT_RE_DEPLOYMENT` VALUES ('87505', '请假流程', NULL, '', '2019-04-06 03:59:49.825');
COMMIT;

-- ----------------------------
-- Table structure for ACT_RE_MODEL
-- ----------------------------
DROP TABLE IF EXISTS `ACT_RE_MODEL`;
CREATE TABLE `ACT_RE_MODEL` (
  `ID_` varchar(64) COLLATE utf8_bin NOT NULL,
  `REV_` int(11) DEFAULT NULL,
  `NAME_` varchar(255) COLLATE utf8_bin DEFAULT NULL,
  `KEY_` varchar(255) COLLATE utf8_bin DEFAULT NULL,
  `CATEGORY_` varchar(255) COLLATE utf8_bin DEFAULT NULL,
  `CREATE_TIME_` timestamp(3) NULL DEFAULT NULL,
  `LAST_UPDATE_TIME_` timestamp(3) NULL DEFAULT NULL,
  `VERSION_` int(11) DEFAULT NULL,
  `META_INFO_` varchar(4000) COLLATE utf8_bin DEFAULT NULL,
  `DEPLOYMENT_ID_` varchar(64) COLLATE utf8_bin DEFAULT NULL,
  `EDITOR_SOURCE_VALUE_ID_` varchar(64) COLLATE utf8_bin DEFAULT NULL,
  `EDITOR_SOURCE_EXTRA_VALUE_ID_` varchar(64) COLLATE utf8_bin DEFAULT NULL,
  `TENANT_ID_` varchar(255) COLLATE utf8_bin DEFAULT '',
  PRIMARY KEY (`ID_`),
  KEY `ACT_FK_MODEL_SOURCE` (`EDITOR_SOURCE_VALUE_ID_`),
  KEY `ACT_FK_MODEL_SOURCE_EXTRA` (`EDITOR_SOURCE_EXTRA_VALUE_ID_`),
  KEY `ACT_FK_MODEL_DEPLOYMENT` (`DEPLOYMENT_ID_`),
  CONSTRAINT `ACT_FK_MODEL_DEPLOYMENT` FOREIGN KEY (`DEPLOYMENT_ID_`) REFERENCES `act_re_deployment` (`ID_`),
  CONSTRAINT `ACT_FK_MODEL_SOURCE` FOREIGN KEY (`EDITOR_SOURCE_VALUE_ID_`) REFERENCES `act_ge_bytearray` (`ID_`),
  CONSTRAINT `ACT_FK_MODEL_SOURCE_EXTRA` FOREIGN KEY (`EDITOR_SOURCE_EXTRA_VALUE_ID_`) REFERENCES `act_ge_bytearray` (`ID_`)
) ENGINE=InnoDB DEFAULT CHARSET=utf8 COLLATE=utf8_bin;

-- ----------------------------
-- Records of ACT_RE_MODEL
-- ----------------------------
BEGIN;
INSERT INTO `ACT_RE_MODEL` VALUES ('1', 35, '请假流程', 'leave_process', NULL, '2018-03-14 20:40:26.484', '2019-04-06 03:59:49.941', 1, '{\"name\":\"请假流程\",\"description\":\"\",\"revision\":1}', '87505', '2', '2503', '');
INSERT INTO `ACT_RE_MODEL` VALUES ('85001', 8, '测试流程', 'test_process', NULL, '2019-04-06 03:46:50.016', '2019-04-06 03:58:05.966', 1, '{\"name\":\"测试流程\",\"description\":\"测试流程\",\"revision\":1}', '87501', '85002', '85003', 'ac88ceb386aa4231b09bf472cb937c24');
COMMIT;

-- ----------------------------
-- Table structure for ACT_RE_PROCDEF
-- ----------------------------
DROP TABLE IF EXISTS `ACT_RE_PROCDEF`;
CREATE TABLE `ACT_RE_PROCDEF` (
  `ID_` varchar(64) COLLATE utf8_bin NOT NULL,
  `REV_` int(11) DEFAULT NULL,
  `CATEGORY_` varchar(255) COLLATE utf8_bin DEFAULT NULL,
  `NAME_` varchar(255) COLLATE utf8_bin DEFAULT NULL,
  `KEY_` varchar(255) COLLATE utf8_bin NOT NULL,
  `VERSION_` int(11) NOT NULL,
  `DEPLOYMENT_ID_` varchar(64) COLLATE utf8_bin DEFAULT NULL,
  `RESOURCE_NAME_` varchar(4000) COLLATE utf8_bin DEFAULT NULL,
  `DGRM_RESOURCE_NAME_` varchar(4000) COLLATE utf8_bin DEFAULT NULL,
  `DESCRIPTION_` varchar(4000) COLLATE utf8_bin DEFAULT NULL,
  `HAS_START_FORM_KEY_` tinyint(4) DEFAULT NULL,
  `HAS_GRAPHICAL_NOTATION_` tinyint(4) DEFAULT NULL,
  `SUSPENSION_STATE_` int(11) DEFAULT NULL,
  `TENANT_ID_` varchar(255) COLLATE utf8_bin DEFAULT '',
  PRIMARY KEY (`ID_`),
  UNIQUE KEY `ACT_UNIQ_PROCDEF` (`KEY_`,`VERSION_`,`TENANT_ID_`)
) ENGINE=InnoDB DEFAULT CHARSET=utf8 COLLATE=utf8_bin;

-- ----------------------------
-- Records of ACT_RE_PROCDEF
-- ----------------------------
BEGIN;
INSERT INTO `ACT_RE_PROCDEF` VALUES ('leave_process:1:87508', 1, 'http://www.activiti.org/processdef', NULL, 'leave_process', 1, '87505', '请假流程.bpmn20.xml', '请假流程.leave_process.png', NULL, 0, 1, 1, '');
INSERT INTO `ACT_RE_PROCDEF` VALUES ('process:10:62504', 1, 'http://www.activiti.org/processdef', NULL, 'process', 10, '62501', '请假流程.bpmn20.xml', '请假流程.process.png', NULL, 0, 1, 1, '');
INSERT INTO `ACT_RE_PROCDEF` VALUES ('process:11:62508', 1, 'http://www.activiti.org/processdef', NULL, 'process', 11, '62505', '请假流程.bpmn20.xml', '请假流程.process.png', NULL, 0, 1, 1, '');
INSERT INTO `ACT_RE_PROCDEF` VALUES ('process:12:77504', 1, 'http://www.activiti.org/processdef', NULL, 'process', 12, '77501', '请假流程.bpmn20.xml', '请假流程.process.png', NULL, 0, 1, 1, '');
INSERT INTO `ACT_RE_PROCDEF` VALUES ('process:13:85007', 1, 'http://www.activiti.org/processdef', NULL, 'process', 13, '85004', '测试流程.bpmn20.xml', '测试流程.process.png', NULL, 0, 1, 1, '');
INSERT INTO `ACT_RE_PROCDEF` VALUES ('process:1:2511', 1, 'http://www.activiti.org/processdef', NULL, 'process', 1, '2508', 'new-process.bpmn20.xml', 'new-process.process.png', NULL, 0, 1, 1, '');
INSERT INTO `ACT_RE_PROCDEF` VALUES ('process:2:2515', 1, 'http://www.activiti.org/processdef', NULL, 'process', 2, '2512', '请假流程.bpmn20.xml', '请假流程.process.png', NULL, 0, 1, 1, '');
INSERT INTO `ACT_RE_PROCDEF` VALUES ('process:3:5004', 1, 'http://www.activiti.org/processdef', NULL, 'process', 3, '5001', '请假流程.bpmn20.xml', '请假流程.process.png', NULL, 0, 1, 1, '');
INSERT INTO `ACT_RE_PROCDEF` VALUES ('process:4:12508', 1, 'http://www.activiti.org/processdef', NULL, 'process', 4, '12505', '请假流程.bpmn20.xml', '请假流程.process.png', NULL, 0, 1, 1, '');
INSERT INTO `ACT_RE_PROCDEF` VALUES ('process:5:12521', 1, 'http://www.activiti.org/processdef', NULL, 'process', 5, '12518', '请假流程.bpmn20.xml', '请假流程.process.png', NULL, 0, 1, 1, '');
INSERT INTO `ACT_RE_PROCDEF` VALUES ('process:6:30004', 1, 'http://www.activiti.org/processdef', NULL, 'process', 6, '30001', '请假流程.bpmn20.xml', '请假流程.process.png', NULL, 0, 1, 1, '');
INSERT INTO `ACT_RE_PROCDEF` VALUES ('process:7:37516', 1, 'http://www.activiti.org/processdef', NULL, 'process', 7, '37513', '请假流程.bpmn20.xml', '请假流程.process.png', NULL, 0, 1, 1, '');
INSERT INTO `ACT_RE_PROCDEF` VALUES ('process:8:42516', 1, 'http://www.activiti.org/processdef', NULL, 'process', 8, '42513', '请假流程.bpmn20.xml', '请假流程.process.png', NULL, 0, 1, 1, '');
INSERT INTO `ACT_RE_PROCDEF` VALUES ('process:9:60004', 1, 'http://www.activiti.org/processdef', NULL, 'process', 9, '60001', '请假流程.bpmn20.xml', '请假流程.process.png', NULL, 0, 1, 1, '');
INSERT INTO `ACT_RE_PROCDEF` VALUES ('test_process:1:87504', 1, 'http://www.activiti.org/processdef', NULL, 'test_process', 1, '87501', '测试流程.bpmn20.xml', '测试流程.test_process.png', NULL, 0, 1, 1, '');
COMMIT;

-- ----------------------------
-- Table structure for ACT_RU_EVENT_SUBSCR
-- ----------------------------
DROP TABLE IF EXISTS `ACT_RU_EVENT_SUBSCR`;
CREATE TABLE `ACT_RU_EVENT_SUBSCR` (
  `ID_` varchar(64) COLLATE utf8_bin NOT NULL,
  `REV_` int(11) DEFAULT NULL,
  `EVENT_TYPE_` varchar(255) COLLATE utf8_bin NOT NULL,
  `EVENT_NAME_` varchar(255) COLLATE utf8_bin DEFAULT NULL,
  `EXECUTION_ID_` varchar(64) COLLATE utf8_bin DEFAULT NULL,
  `PROC_INST_ID_` varchar(64) COLLATE utf8_bin DEFAULT NULL,
  `ACTIVITY_ID_` varchar(64) COLLATE utf8_bin DEFAULT NULL,
  `CONFIGURATION_` varchar(255) COLLATE utf8_bin DEFAULT NULL,
  `CREATED_` timestamp(3) NOT NULL DEFAULT CURRENT_TIMESTAMP(3),
  `PROC_DEF_ID_` varchar(64) COLLATE utf8_bin DEFAULT NULL,
  `TENANT_ID_` varchar(255) COLLATE utf8_bin DEFAULT '',
  PRIMARY KEY (`ID_`),
  KEY `ACT_IDX_EVENT_SUBSCR_CONFIG_` (`CONFIGURATION_`),
  KEY `ACT_FK_EVENT_EXEC` (`EXECUTION_ID_`),
  CONSTRAINT `ACT_FK_EVENT_EXEC` FOREIGN KEY (`EXECUTION_ID_`) REFERENCES `act_ru_execution` (`ID_`)
) ENGINE=InnoDB DEFAULT CHARSET=utf8 COLLATE=utf8_bin;

-- ----------------------------
-- Table structure for ACT_RU_EXECUTION
-- ----------------------------
DROP TABLE IF EXISTS `ACT_RU_EXECUTION`;
CREATE TABLE `ACT_RU_EXECUTION` (
  `ID_` varchar(64) COLLATE utf8_bin NOT NULL,
  `REV_` int(11) DEFAULT NULL,
  `PROC_INST_ID_` varchar(64) COLLATE utf8_bin DEFAULT NULL,
  `BUSINESS_KEY_` varchar(255) COLLATE utf8_bin DEFAULT NULL,
  `PARENT_ID_` varchar(64) COLLATE utf8_bin DEFAULT NULL,
  `PROC_DEF_ID_` varchar(64) COLLATE utf8_bin DEFAULT NULL,
  `SUPER_EXEC_` varchar(64) COLLATE utf8_bin DEFAULT NULL,
  `ACT_ID_` varchar(255) COLLATE utf8_bin DEFAULT NULL,
  `IS_ACTIVE_` tinyint(4) DEFAULT NULL,
  `IS_CONCURRENT_` tinyint(4) DEFAULT NULL,
  `IS_SCOPE_` tinyint(4) DEFAULT NULL,
  `IS_EVENT_SCOPE_` tinyint(4) DEFAULT NULL,
  `SUSPENSION_STATE_` int(11) DEFAULT NULL,
  `CACHED_ENT_STATE_` int(11) DEFAULT NULL,
  `TENANT_ID_` varchar(255) COLLATE utf8_bin DEFAULT '',
  `NAME_` varchar(255) COLLATE utf8_bin DEFAULT NULL,
  `LOCK_TIME_` timestamp(3) NULL DEFAULT NULL,
  PRIMARY KEY (`ID_`),
  KEY `ACT_IDX_EXEC_BUSKEY` (`BUSINESS_KEY_`),
  KEY `ACT_FK_EXE_PROCINST` (`PROC_INST_ID_`),
  KEY `ACT_FK_EXE_PARENT` (`PARENT_ID_`),
  KEY `ACT_FK_EXE_SUPER` (`SUPER_EXEC_`),
  KEY `ACT_FK_EXE_PROCDEF` (`PROC_DEF_ID_`),
  CONSTRAINT `ACT_FK_EXE_PARENT` FOREIGN KEY (`PARENT_ID_`) REFERENCES `act_ru_execution` (`ID_`),
  CONSTRAINT `ACT_FK_EXE_PROCDEF` FOREIGN KEY (`PROC_DEF_ID_`) REFERENCES `act_re_procdef` (`ID_`),
  CONSTRAINT `ACT_FK_EXE_PROCINST` FOREIGN KEY (`PROC_INST_ID_`) REFERENCES `act_ru_execution` (`ID_`) ON DELETE CASCADE ON UPDATE CASCADE,
  CONSTRAINT `ACT_FK_EXE_SUPER` FOREIGN KEY (`SUPER_EXEC_`) REFERENCES `act_ru_execution` (`ID_`)
) ENGINE=InnoDB DEFAULT CHARSET=utf8 COLLATE=utf8_bin;

-- ----------------------------
-- Table structure for ACT_RU_IDENTITYLINK
-- ----------------------------
DROP TABLE IF EXISTS `ACT_RU_IDENTITYLINK`;
CREATE TABLE `ACT_RU_IDENTITYLINK` (
  `ID_` varchar(64) COLLATE utf8_bin NOT NULL,
  `REV_` int(11) DEFAULT NULL,
  `GROUP_ID_` varchar(255) COLLATE utf8_bin DEFAULT NULL,
  `TYPE_` varchar(255) COLLATE utf8_bin DEFAULT NULL,
  `USER_ID_` varchar(255) COLLATE utf8_bin DEFAULT NULL,
  `TASK_ID_` varchar(64) COLLATE utf8_bin DEFAULT NULL,
  `PROC_INST_ID_` varchar(64) COLLATE utf8_bin DEFAULT NULL,
  `PROC_DEF_ID_` varchar(64) COLLATE utf8_bin DEFAULT NULL,
  PRIMARY KEY (`ID_`),
  KEY `ACT_IDX_IDENT_LNK_USER` (`USER_ID_`),
  KEY `ACT_IDX_IDENT_LNK_GROUP` (`GROUP_ID_`),
  KEY `ACT_IDX_ATHRZ_PROCEDEF` (`PROC_DEF_ID_`),
  KEY `ACT_FK_TSKASS_TASK` (`TASK_ID_`),
  KEY `ACT_FK_IDL_PROCINST` (`PROC_INST_ID_`),
  CONSTRAINT `ACT_FK_ATHRZ_PROCEDEF` FOREIGN KEY (`PROC_DEF_ID_`) REFERENCES `act_re_procdef` (`ID_`),
  CONSTRAINT `ACT_FK_IDL_PROCINST` FOREIGN KEY (`PROC_INST_ID_`) REFERENCES `act_ru_execution` (`ID_`),
  CONSTRAINT `ACT_FK_TSKASS_TASK` FOREIGN KEY (`TASK_ID_`) REFERENCES `act_ru_task` (`ID_`)
) ENGINE=InnoDB DEFAULT CHARSET=utf8 COLLATE=utf8_bin;

-- ----------------------------
-- Table structure for ACT_RU_JOB
-- ----------------------------
DROP TABLE IF EXISTS `ACT_RU_JOB`;
CREATE TABLE `ACT_RU_JOB` (
  `ID_` varchar(64) COLLATE utf8_bin NOT NULL,
  `REV_` int(11) DEFAULT NULL,
  `TYPE_` varchar(255) COLLATE utf8_bin NOT NULL,
  `LOCK_EXP_TIME_` timestamp(3) NULL DEFAULT NULL,
  `LOCK_OWNER_` varchar(255) COLLATE utf8_bin DEFAULT NULL,
  `EXCLUSIVE_` tinyint(1) DEFAULT NULL,
  `EXECUTION_ID_` varchar(64) COLLATE utf8_bin DEFAULT NULL,
  `PROCESS_INSTANCE_ID_` varchar(64) COLLATE utf8_bin DEFAULT NULL,
  `PROC_DEF_ID_` varchar(64) COLLATE utf8_bin DEFAULT NULL,
  `RETRIES_` int(11) DEFAULT NULL,
  `EXCEPTION_STACK_ID_` varchar(64) COLLATE utf8_bin DEFAULT NULL,
  `EXCEPTION_MSG_` varchar(4000) COLLATE utf8_bin DEFAULT NULL,
  `DUEDATE_` timestamp(3) NULL DEFAULT NULL,
  `REPEAT_` varchar(255) COLLATE utf8_bin DEFAULT NULL,
  `HANDLER_TYPE_` varchar(255) COLLATE utf8_bin DEFAULT NULL,
  `HANDLER_CFG_` varchar(4000) COLLATE utf8_bin DEFAULT NULL,
  `TENANT_ID_` varchar(255) COLLATE utf8_bin DEFAULT '',
  PRIMARY KEY (`ID_`),
  KEY `ACT_FK_JOB_EXCEPTION` (`EXCEPTION_STACK_ID_`),
  CONSTRAINT `ACT_FK_JOB_EXCEPTION` FOREIGN KEY (`EXCEPTION_STACK_ID_`) REFERENCES `act_ge_bytearray` (`ID_`)
) ENGINE=InnoDB DEFAULT CHARSET=utf8 COLLATE=utf8_bin;

-- ----------------------------
-- Table structure for ACT_RU_TASK
-- ----------------------------
DROP TABLE IF EXISTS `ACT_RU_TASK`;
CREATE TABLE `ACT_RU_TASK` (
  `ID_` varchar(64) COLLATE utf8_bin NOT NULL,
  `REV_` int(11) DEFAULT NULL,
  `EXECUTION_ID_` varchar(64) COLLATE utf8_bin DEFAULT NULL,
  `PROC_INST_ID_` varchar(64) COLLATE utf8_bin DEFAULT NULL,
  `PROC_DEF_ID_` varchar(64) COLLATE utf8_bin DEFAULT NULL,
  `NAME_` varchar(255) COLLATE utf8_bin DEFAULT NULL,
  `PARENT_TASK_ID_` varchar(64) COLLATE utf8_bin DEFAULT NULL,
  `DESCRIPTION_` varchar(4000) COLLATE utf8_bin DEFAULT NULL,
  `TASK_DEF_KEY_` varchar(255) COLLATE utf8_bin DEFAULT NULL,
  `OWNER_` varchar(255) COLLATE utf8_bin DEFAULT NULL,
  `ASSIGNEE_` varchar(255) COLLATE utf8_bin DEFAULT NULL,
  `DELEGATION_` varchar(64) COLLATE utf8_bin DEFAULT NULL,
  `PRIORITY_` int(11) DEFAULT NULL,
  `CREATE_TIME_` timestamp(3) NULL DEFAULT NULL,
  `DUE_DATE_` datetime(3) DEFAULT NULL,
  `CATEGORY_` varchar(255) COLLATE utf8_bin DEFAULT NULL,
  `SUSPENSION_STATE_` int(11) DEFAULT NULL,
  `TENANT_ID_` varchar(255) COLLATE utf8_bin DEFAULT '',
  `FORM_KEY_` varchar(255) COLLATE utf8_bin DEFAULT NULL,
  PRIMARY KEY (`ID_`),
  KEY `ACT_IDX_TASK_CREATE` (`CREATE_TIME_`),
  KEY `ACT_FK_TASK_EXE` (`EXECUTION_ID_`),
  KEY `ACT_FK_TASK_PROCINST` (`PROC_INST_ID_`),
  KEY `ACT_FK_TASK_PROCDEF` (`PROC_DEF_ID_`),
  CONSTRAINT `ACT_FK_TASK_EXE` FOREIGN KEY (`EXECUTION_ID_`) REFERENCES `act_ru_execution` (`ID_`),
  CONSTRAINT `ACT_FK_TASK_PROCDEF` FOREIGN KEY (`PROC_DEF_ID_`) REFERENCES `act_re_procdef` (`ID_`),
  CONSTRAINT `ACT_FK_TASK_PROCINST` FOREIGN KEY (`PROC_INST_ID_`) REFERENCES `act_ru_execution` (`ID_`)
) ENGINE=InnoDB DEFAULT CHARSET=utf8 COLLATE=utf8_bin;

-- ----------------------------
-- Table structure for ACT_RU_VARIABLE
-- ----------------------------
DROP TABLE IF EXISTS `ACT_RU_VARIABLE`;
CREATE TABLE `ACT_RU_VARIABLE` (
  `ID_` varchar(64) COLLATE utf8_bin NOT NULL,
  `REV_` int(11) DEFAULT NULL,
  `TYPE_` varchar(255) COLLATE utf8_bin NOT NULL,
  `NAME_` varchar(255) COLLATE utf8_bin NOT NULL,
  `EXECUTION_ID_` varchar(64) COLLATE utf8_bin DEFAULT NULL,
  `PROC_INST_ID_` varchar(64) COLLATE utf8_bin DEFAULT NULL,
  `TASK_ID_` varchar(64) COLLATE utf8_bin DEFAULT NULL,
  `BYTEARRAY_ID_` varchar(64) COLLATE utf8_bin DEFAULT NULL,
  `DOUBLE_` double DEFAULT NULL,
  `LONG_` bigint(20) DEFAULT NULL,
  `TEXT_` varchar(4000) COLLATE utf8_bin DEFAULT NULL,
  `TEXT2_` varchar(4000) COLLATE utf8_bin DEFAULT NULL,
  PRIMARY KEY (`ID_`),
  KEY `ACT_IDX_VARIABLE_TASK_ID` (`TASK_ID_`),
  KEY `ACT_FK_VAR_EXE` (`EXECUTION_ID_`),
  KEY `ACT_FK_VAR_PROCINST` (`PROC_INST_ID_`),
  KEY `ACT_FK_VAR_BYTEARRAY` (`BYTEARRAY_ID_`),
  CONSTRAINT `ACT_FK_VAR_BYTEARRAY` FOREIGN KEY (`BYTEARRAY_ID_`) REFERENCES `act_ge_bytearray` (`ID_`),
  CONSTRAINT `ACT_FK_VAR_EXE` FOREIGN KEY (`EXECUTION_ID_`) REFERENCES `act_ru_execution` (`ID_`),
  CONSTRAINT `ACT_FK_VAR_PROCINST` FOREIGN KEY (`PROC_INST_ID_`) REFERENCES `act_ru_execution` (`ID_`)
) ENGINE=InnoDB DEFAULT CHARSET=utf8 COLLATE=utf8_bin;

-- ----------------------------
-- Table structure for auth_client
-- ----------------------------
DROP TABLE IF EXISTS `auth_client`;
CREATE TABLE `auth_client` (
  `id` varchar(36) NOT NULL,
  `code` varchar(255) DEFAULT NULL COMMENT '服务编码',
  `secret` varchar(255) DEFAULT NULL COMMENT '服务密钥',
  `name` varchar(255) DEFAULT NULL COMMENT '服务名',
  `locked` char(1) DEFAULT NULL COMMENT '是否锁定',
  `description` varchar(255) DEFAULT NULL COMMENT '描述',
  `crt_time` datetime DEFAULT NULL COMMENT '创建时间',
  `crt_user` varchar(255) DEFAULT NULL COMMENT '创建人',
  `crt_name` varchar(255) DEFAULT NULL COMMENT '创建人姓名',
  `crt_host` varchar(255) DEFAULT NULL COMMENT '创建主机',
  `upd_time` datetime DEFAULT NULL COMMENT '更新时间',
  `upd_user` varchar(255) DEFAULT NULL COMMENT '更新人',
  `upd_name` varchar(255) DEFAULT NULL COMMENT '更新姓名',
  `upd_host` varchar(255) DEFAULT NULL COMMENT '更新主机',
  `attr1` varchar(255) DEFAULT NULL,
  `attr2` varchar(255) DEFAULT NULL,
  `attr3` varchar(255) DEFAULT NULL,
  `attr4` varchar(255) DEFAULT NULL,
  `attr5` varchar(255) DEFAULT NULL,
  `attr6` varchar(255) DEFAULT NULL,
  `attr7` varchar(255) DEFAULT NULL,
  `attr8` varchar(255) DEFAULT NULL,
  PRIMARY KEY (`id`)
) ENGINE=InnoDB DEFAULT CHARSET=utf8mb4;

-- ----------------------------
-- Records of auth_client
-- ----------------------------
BEGIN;
INSERT INTO `auth_client` VALUES ('1cded23f315040959aae51fbfb2a0704', 'cloud-sample', 'cloud-sample', 'cloud-sample', '0', 'cloud-sample', NULL, NULL, NULL, NULL, NULL, NULL, NULL, NULL, NULL, NULL, NULL, NULL, NULL, NULL, NULL, NULL);
COMMIT;

-- ----------------------------
-- Table structure for base_depart
-- ----------------------------
DROP TABLE IF EXISTS `base_depart`;
CREATE TABLE `base_depart` (
  `id` varchar(36) COLLATE utf8_bin NOT NULL COMMENT '主键',
  `name` varchar(255) COLLATE utf8_bin DEFAULT NULL COMMENT '组织名称',
  `parent_id` varchar(36) COLLATE utf8_bin DEFAULT NULL COMMENT '上级节点',
  `code` varchar(100) COLLATE utf8_bin DEFAULT NULL COMMENT '编码',
  `path` varchar(4000) COLLATE utf8_bin DEFAULT NULL COMMENT '路劲',
  `type` varchar(36) COLLATE utf8_bin DEFAULT NULL COMMENT '部门类型',
  `crt_user_name` varchar(255) COLLATE utf8_bin DEFAULT NULL COMMENT '创建人',
  `crt_user_id` varchar(36) COLLATE utf8_bin DEFAULT NULL COMMENT '创建人ID',
  `crt_time` datetime DEFAULT NULL COMMENT '创建时间',
  `upd_user_name` varchar(255) COLLATE utf8_bin DEFAULT NULL COMMENT '最后更新人',
  `upd_user_id` varchar(36) COLLATE utf8_bin DEFAULT NULL COMMENT '最后更新人ID',
  `upd_time` datetime DEFAULT NULL COMMENT '最后更新时间',
  `attr1` varchar(255) COLLATE utf8_bin DEFAULT NULL,
  `attr2` varchar(255) COLLATE utf8_bin DEFAULT NULL,
  `attr3` varchar(255) COLLATE utf8_bin DEFAULT NULL,
  `attr4` varchar(255) COLLATE utf8_bin DEFAULT NULL,
  `tenant_id` varchar(36) COLLATE utf8_bin DEFAULT NULL,
  PRIMARY KEY (`id`),
  UNIQUE KEY `unique_code` (`code`)
) ENGINE=InnoDB DEFAULT CHARSET=utf8 COLLATE=utf8_bin;

-- ----------------------------
-- Records of base_depart
-- ----------------------------
BEGIN;
INSERT INTO `base_depart` VALUES ('2b06ea24a3cf40659c183da3242cc669', '子节点', 'd8bb2fc8d51745458f77a78c42bf60ab', '1518502802626_tmp', NULL, NULL, '测试租户', 'a1a2cb17b4f24e50bbde2f1b8a233bcb', '2018-02-13 14:20:03', '测试租户', 'a1a2cb17b4f24e50bbde2f1b8a233bcb', '2018-02-13 14:20:03', NULL, NULL, NULL, NULL, '1ec08564dcc344018d6aaa910068f0f0');
INSERT INTO `base_depart` VALUES ('8782fcb72842440fa3254bf72717d7b0', '子节点', 'd8bb2fc8d51745458f77a78c42bf60ab', '1518500776414_tmp', NULL, NULL, '王小七', '59c28b8593c2472e99e54e3ed9b6efe8', '2018-02-13 13:46:17', '王小七', '59c28b8593c2472e99e54e3ed9b6efe8', '2018-02-13 13:46:17', NULL, NULL, NULL, NULL, '1ec08564dcc344018d6aaa910068f0f0');
INSERT INTO `base_depart` VALUES ('9a255e4ca80842d0bdb18029d916fb1e', '子节点', '8782fcb72842440fa3254bf72717d7b0', '1518505073066_tmp', NULL, NULL, '测试租户', 'a1a2cb17b4f24e50bbde2f1b8a233bcb', '2018-02-13 14:57:53', '测试租户', 'a1a2cb17b4f24e50bbde2f1b8a233bcb', '2018-02-13 14:57:53', NULL, NULL, NULL, NULL, '1ec08564dcc344018d6aaa910068f0f0');
INSERT INTO `base_depart` VALUES ('9f871185e4a648dbbdc7bb880c0eb90f', '子节点', '8782fcb72842440fa3254bf72717d7b0', '1518507609891_tmp', NULL, NULL, '测试租户', 'a1a2cb17b4f24e50bbde2f1b8a233bcb', '2018-02-13 15:40:10', '测试租户', 'a1a2cb17b4f24e50bbde2f1b8a233bcb', '2018-02-13 15:40:10', NULL, NULL, NULL, NULL, '1ec08564dcc344018d6aaa910068f0f0');
INSERT INTO `base_depart` VALUES ('a269b706b0b34ee89dd7e8e08e8514bc', '子节点', '8782fcb72842440fa3254bf72717d7b0', '1518507610091_tmp', NULL, NULL, '测试租户', 'a1a2cb17b4f24e50bbde2f1b8a233bcb', '2018-02-13 15:40:10', '测试租户', 'a1a2cb17b4f24e50bbde2f1b8a233bcb', '2018-02-13 15:40:10', NULL, NULL, NULL, NULL, '1ec08564dcc344018d6aaa910068f0f0');
INSERT INTO `base_depart` VALUES ('d583e7de6d2d48b78fb3c7dcb180cb1f', '普通租户', 'root', '1518438046753_tmp', NULL, 'group', 'Mr.AG', '1', '2018-02-12 20:20:47', 'Mr.AG', '1', '2018-02-12 20:26:26', NULL, NULL, NULL, NULL, 'ac88ceb386aa4231b09bf472cb937c24');
INSERT INTO `base_depart` VALUES ('d8bb2fc8d51745458f77a78c42bf60ab', '测试租户部门', '-1', '1518449909887', NULL, 'group', '测试租户', 'a1a2cb17b4f24e50bbde2f1b8a233bcb', '2018-02-12 23:38:30', '测试租户', 'a1a2cb17b4f24e50bbde2f1b8a233bcb', '2018-02-12 23:40:46', NULL, NULL, NULL, NULL, '1ec08564dcc344018d6aaa910068f0f0');
INSERT INTO `base_depart` VALUES ('root', '超级租户部门', '-1', '1518437538385', NULL, NULL, 'Mr.AG', '1', '2018-02-12 20:12:18', 'Mr.AG', '1', '2018-02-12 20:13:55', NULL, NULL, NULL, NULL, 'ac88ceb386aa4231b09bf472cb937c24');
COMMIT;

-- ----------------------------
-- Table structure for base_depart_user
-- ----------------------------
DROP TABLE IF EXISTS `base_depart_user`;
CREATE TABLE `base_depart_user` (
  `id` varchar(36) COLLATE utf8_bin NOT NULL,
  `user_id` varchar(36) COLLATE utf8_bin DEFAULT NULL,
  `depart_id` varchar(36) COLLATE utf8_bin DEFAULT NULL,
  `tenant_id` varchar(36) COLLATE utf8_bin DEFAULT NULL,
  PRIMARY KEY (`id`),
  UNIQUE KEY `uq_u_d_t` (`user_id`,`depart_id`,`tenant_id`)
) ENGINE=InnoDB DEFAULT CHARSET=utf8 COLLATE=utf8_bin;

-- ----------------------------
-- Records of base_depart_user
-- ----------------------------
BEGIN;
INSERT INTO `base_depart_user` VALUES ('30ed095022fd4452a63f483378ed2d71', '19c997defb2744fa89fc5a08a53c092b', 'd8bb2fc8d51745458f77a78c42bf60ab', '1ec08564dcc344018d6aaa910068f0f0');
INSERT INTO `base_depart_user` VALUES ('a0f8cf59a633473990aeb5777b324d5e', '3a581002bb5148f9b00173c4d3d58ade', 'root', 'ac88ceb386aa4231b09bf472cb937c24');
INSERT INTO `base_depart_user` VALUES ('5c5330952de94f4d8e9534b69616ec7d', '59c28b8593c2472e99e54e3ed9b6efe8', 'd8bb2fc8d51745458f77a78c42bf60ab', '1ec08564dcc344018d6aaa910068f0f0');
INSERT INTO `base_depart_user` VALUES ('4f9ba6144cae40baad260d1aa94e9351', '5b29e88e363c41c394ad50cf830f6e0a', 'd583e7de6d2d48b78fb3c7dcb180cb1f', 'ac88ceb386aa4231b09bf472cb937c24');
INSERT INTO `base_depart_user` VALUES ('3d7cf47b0c6641d49ce2510eb3955a9a', '636ce45445714836b5bbca030c621e84', 'd583e7de6d2d48b78fb3c7dcb180cb1f', 'ac88ceb386aa4231b09bf472cb937c24');
INSERT INTO `base_depart_user` VALUES ('d2ead90dbff449db979bf454cb99b6c1', 'a1a2cb17b4f24e50bbde2f1b8a233bcb', 'd583e7de6d2d48b78fb3c7dcb180cb1f', 'ac88ceb386aa4231b09bf472cb937c24');
INSERT INTO `base_depart_user` VALUES ('ba002a0d23e34d0fb05fc0e3b55a436e', 'cabaa7ba98e946faa4f835efb8a6ccbb', 'd8bb2fc8d51745458f77a78c42bf60ab', '1ec08564dcc344018d6aaa910068f0f0');
COMMIT;

-- ----------------------------
-- Table structure for base_element
-- ----------------------------
DROP TABLE IF EXISTS `base_element`;
CREATE TABLE `base_element` (
  `id` varchar(36) COLLATE utf8_bin NOT NULL,
  `code` varchar(255) COLLATE utf8_bin DEFAULT NULL COMMENT '资源编码',
  `type` varchar(255) COLLATE utf8_bin DEFAULT NULL COMMENT '资源类型',
  `name` varchar(255) COLLATE utf8_bin DEFAULT NULL COMMENT '资源名称',
  `uri` varchar(255) COLLATE utf8_bin DEFAULT NULL COMMENT '资源路径',
  `menu_id` varchar(255) COLLATE utf8_bin DEFAULT NULL COMMENT '资源关联菜单',
  `parent_id` varchar(255) COLLATE utf8_bin DEFAULT NULL,
  `path` varchar(2000) COLLATE utf8_bin DEFAULT NULL COMMENT '资源树状检索路径',
  `method` varchar(10) COLLATE utf8_bin DEFAULT NULL COMMENT '资源请求类型',
  `description` varchar(255) COLLATE utf8_bin DEFAULT NULL COMMENT '描述',
  `crt_time` datetime DEFAULT NULL,
  `crt_user` varchar(255) COLLATE utf8_bin DEFAULT NULL,
  `crt_name` varchar(255) COLLATE utf8_bin DEFAULT NULL,
  `crt_host` varchar(255) COLLATE utf8_bin DEFAULT NULL,
  `attr1` varchar(255) COLLATE utf8_bin DEFAULT NULL,
  `attr2` varchar(255) COLLATE utf8_bin DEFAULT NULL,
  `attr3` varchar(255) COLLATE utf8_bin DEFAULT NULL,
  `attr4` varchar(255) COLLATE utf8_bin DEFAULT NULL,
  `attr5` varchar(255) COLLATE utf8_bin DEFAULT NULL,
  `attr6` varchar(255) COLLATE utf8_bin DEFAULT NULL,
  `attr7` varchar(255) COLLATE utf8_bin DEFAULT NULL,
  `attr8` varchar(255) COLLATE utf8_bin DEFAULT NULL,
  `tenant_id` varchar(36) COLLATE utf8_bin DEFAULT NULL COMMENT '租户Id',
  PRIMARY KEY (`id`)
) ENGINE=InnoDB DEFAULT CHARSET=utf8 COLLATE=utf8_bin;

-- ----------------------------
-- Records of base_element
-- ----------------------------
BEGIN;
INSERT INTO `base_element` VALUES ('0be1dfe0fc22468c8073dc7551fd1efc', 'groupManager:btn_delMember', 'button', '删除用户', '/api/admin/{*}/group/member', '7', NULL, NULL, 'DELETE', NULL, '2019-07-06 22:30:38', '3a581002bb5148f9b00173c4d3d58ade', '超级管理员', NULL, NULL, NULL, NULL, NULL, NULL, NULL, NULL, NULL, 'ac88ceb386aa4231b09bf472cb937c24');
INSERT INTO `base_element` VALUES ('10', 'menuManager:btn_add', 'button', '新增', '/api/admin/menu', '6', NULL, NULL, 'POST', '', NULL, NULL, NULL, NULL, NULL, NULL, NULL, NULL, NULL, NULL, NULL, NULL, NULL);
INSERT INTO `base_element` VALUES ('103593127199487794f9fd8fd573db5f', 'positionManager:btn_depart', 'button', '授权部门权限', '/api/admin/{*}/position/{*}/depart', 'b5211cc69d234b28a97f27e63edc9a58', NULL, NULL, 'PUT', NULL, '2018-02-11 12:44:45', '1', 'Mr.AG', NULL, NULL, NULL, NULL, NULL, NULL, NULL, NULL, NULL, NULL);
INSERT INTO `base_element` VALUES ('11', 'menuManager:btn_edit', 'button', '编辑', '/api/admin/menu/{*}', '6', '', '', 'PUT', '', '2017-06-24 00:00:00', '', '', '', '', '', '', '', '', '', '', '', NULL);
INSERT INTO `base_element` VALUES ('12', 'menuManager:btn_del', 'button', '删除', '/api/admin/menu/{*}', '6', '', '', 'DELETE', '', '2017-06-24 00:00:00', '', '', '', '', '', '', '', '', '', '', '', NULL);
INSERT INTO `base_element` VALUES ('13', 'menuManager:btn_element_add', 'button', '新增元素', '/api/admin/element', '6', NULL, NULL, 'POST', '', NULL, NULL, NULL, NULL, NULL, NULL, NULL, NULL, NULL, NULL, NULL, NULL, NULL);
INSERT INTO `base_element` VALUES ('14', 'menuManager:btn_element_edit', 'button', '编辑元素', '/api/admin/element/{*}', '6', NULL, NULL, 'PUT', '', NULL, NULL, NULL, NULL, NULL, NULL, NULL, NULL, NULL, NULL, NULL, NULL, NULL);
INSERT INTO `base_element` VALUES ('15', 'menuManager:btn_element_del', 'button', '删除元素', '/api/admin/element/{*}', '6', NULL, NULL, 'DELETE', '', NULL, NULL, NULL, NULL, NULL, NULL, NULL, NULL, NULL, NULL, NULL, NULL, NULL);
INSERT INTO `base_element` VALUES ('16', 'groupManager:btn_add', 'button', '新增', '/api/admin/{*}/group', '7', NULL, NULL, 'POST', '', NULL, NULL, NULL, NULL, NULL, NULL, NULL, NULL, NULL, NULL, NULL, NULL, NULL);
INSERT INTO `base_element` VALUES ('17', 'groupManager:btn_edit', 'button', '编辑', '/api/admin/{*}/group/{*}', '7', NULL, NULL, 'PUT', '', NULL, NULL, NULL, NULL, NULL, NULL, NULL, NULL, NULL, NULL, NULL, NULL, NULL);
INSERT INTO `base_element` VALUES ('18', 'groupManager:btn_del', 'button', '删除', '/api/admin/{*}/group/{*}', '7', NULL, NULL, 'DELETE', '', NULL, NULL, NULL, NULL, NULL, NULL, NULL, NULL, NULL, NULL, NULL, NULL, NULL);
INSERT INTO `base_element` VALUES ('20', 'groupManager:btn_resourceManager', 'button', '分配权限', '/api/admin/{*}/group/{*}/api/admin/authority', '7', NULL, NULL, 'GET', '', NULL, NULL, NULL, NULL, NULL, NULL, NULL, NULL, NULL, NULL, NULL, NULL, NULL);
INSERT INTO `base_element` VALUES ('21', 'groupManager:menu', 'uri', '分配菜单', '/api/admin/{*}/group/{*}/api/admin/authority/menu', '7', NULL, NULL, 'POST', '', NULL, NULL, NULL, NULL, NULL, NULL, NULL, NULL, NULL, NULL, NULL, NULL, NULL);
INSERT INTO `base_element` VALUES ('21b3fe683a6040ed8c57423e55cd94a2', 'groupManager:authorize_menu', 'button', '菜单下发', '/api/admin/{*}/group/{*}/api/admin/authorize/menu', '7', NULL, NULL, 'POST', NULL, '2018-02-12 14:54:57', '1', 'Mr.AG', NULL, NULL, NULL, NULL, NULL, NULL, NULL, NULL, NULL, 'ac88ceb386aa4231b09bf472cb937c24');
INSERT INTO `base_element` VALUES ('22', 'groupManager:element', 'uri', '分配资源', '/api/admin/{*}/group/{*}/api/admin/authority/element/add', '7', NULL, NULL, 'POST', '', NULL, NULL, NULL, NULL, NULL, NULL, NULL, NULL, NULL, NULL, NULL, NULL, NULL);
INSERT INTO `base_element` VALUES ('23', 'userManager:view', 'uri', '查看', '/api/admin/{*}/user/{*}', '1', '', '', 'GET', '', '2017-06-26 00:00:00', '', '', '', '', '', '', '', '', '', '', '', NULL);
INSERT INTO `base_element` VALUES ('24', 'menuManager:view', 'uri', '查看', '/api/admin/menu/{*}', '6', '', '', 'GET', '', '2017-06-26 00:00:00', '', '', '', '', '', '', '', '', '', '', '', NULL);
INSERT INTO `base_element` VALUES ('24ecd755a1ea4cf6b76c8b72ea1858fe', 'tenantManager:btn_user', 'button', '授予用户', '/api/admin/tenant/user', '7574b969c9fa4e5895d6cc9c2b8a9a62', NULL, NULL, 'POST', NULL, '2018-02-12 21:05:48', '1', 'Mr.AG', NULL, NULL, NULL, NULL, NULL, NULL, NULL, NULL, NULL, 'ac88ceb386aa4231b09bf472cb937c24');
INSERT INTO `base_element` VALUES ('27', 'menuManager:element_view', 'uri', '查看', '/api/admin/element/{*}', '6', NULL, NULL, 'GET', NULL, NULL, NULL, NULL, NULL, NULL, NULL, NULL, NULL, NULL, NULL, NULL, NULL, NULL);
INSERT INTO `base_element` VALUES ('27d182a67cb24130aef4ea31d7b781b5', 'modelManager:btn_deploy', 'button', '发布模型', '/api/admin/wf/models/{*}/deployment', 'd9e45bcb11574d8a9495580435a4b28d', NULL, NULL, 'PUT', NULL, '2019-03-30 01:58:28', '3a581002bb5148f9b00173c4d3d58ade', '超级管理员', NULL, NULL, NULL, NULL, NULL, NULL, NULL, NULL, NULL, 'ac88ceb386aa4231b09bf472cb937c24');
INSERT INTO `base_element` VALUES ('28', 'groupManager:view', 'uri', '查看', '/api/admin/{*}/group/{*}', '7', NULL, NULL, 'GET', NULL, NULL, NULL, NULL, NULL, NULL, NULL, NULL, NULL, NULL, NULL, NULL, NULL, NULL);
INSERT INTO `base_element` VALUES ('2b7b250b2b7346759938a05da57d2fcb', 'tenantManager:view', 'uri', '查看租户', '/api/admin/tenant/{*}', '7574b969c9fa4e5895d6cc9c2b8a9a62', NULL, NULL, 'GET', NULL, '2018-02-09 12:26:27', '1', 'Mr.AG', NULL, NULL, NULL, NULL, NULL, NULL, NULL, NULL, NULL, NULL);
INSERT INTO `base_element` VALUES ('3', 'userManager:btn_add', 'button', '新增', '/api/admin/{*}/user', '1', NULL, NULL, 'POST', '', NULL, NULL, NULL, NULL, NULL, NULL, NULL, NULL, NULL, NULL, NULL, NULL, NULL);
INSERT INTO `base_element` VALUES ('32', 'groupTypeManager:view', 'uri', '查看', '/api/admin/groupType/{*}', '8', NULL, NULL, 'GET', '', NULL, NULL, NULL, NULL, NULL, NULL, NULL, NULL, NULL, NULL, NULL, NULL, NULL);
INSERT INTO `base_element` VALUES ('32a4fc7df3cb444f80bc5e95449b6cc8', 'modelManager:save', 'uri', '更新模型', '/api/admin/wf/model/{*}/save', 'd9e45bcb11574d8a9495580435a4b28d', NULL, NULL, 'PUT', NULL, '2019-03-30 20:14:32', '3a581002bb5148f9b00173c4d3d58ade', '超级管理员', NULL, NULL, NULL, NULL, NULL, NULL, NULL, NULL, NULL, 'ac88ceb386aa4231b09bf472cb937c24');
INSERT INTO `base_element` VALUES ('33', 'groupTypeManager:btn_add', 'button', '新增', '/api/admin/groupType', '8', NULL, NULL, 'POST', NULL, NULL, NULL, NULL, NULL, NULL, NULL, NULL, NULL, NULL, NULL, NULL, NULL, NULL);
INSERT INTO `base_element` VALUES ('34', 'groupTypeManager:btn_edit', 'button', '编辑', '/api/admin/groupType/{*}', '8', NULL, NULL, 'PUT', NULL, NULL, NULL, NULL, NULL, NULL, NULL, NULL, NULL, NULL, NULL, NULL, NULL, NULL);
INSERT INTO `base_element` VALUES ('35', 'groupTypeManager:btn_del', 'button', '删除', '/api/admin/groupType/{*}', '8', NULL, NULL, 'DELETE', NULL, NULL, NULL, NULL, NULL, NULL, NULL, NULL, NULL, NULL, NULL, NULL, NULL, NULL);
INSERT INTO `base_element` VALUES ('375b04fe927c44e88593d02670acd90f', 'groupManager:btn_authorizeManager', 'button', '权限下发', '/api/admin/{*}/group/{*}/api/admin/authorize', '7', NULL, NULL, 'GET', NULL, '2018-02-12 14:52:55', '1', 'Mr.AG', NULL, NULL, NULL, NULL, NULL, NULL, NULL, NULL, NULL, 'ac88ceb386aa4231b09bf472cb937c24');
INSERT INTO `base_element` VALUES ('39925b8263664c9e923f9c34f9bc2a37', 'positionManager:btn_user', 'button', '分配岗位人员', '/api/admin/{*}/position/{*}/user', 'b5211cc69d234b28a97f27e63edc9a58', NULL, NULL, 'PUT', NULL, '2018-02-10 16:49:57', '1', 'Mr.AG', NULL, NULL, NULL, NULL, NULL, NULL, NULL, NULL, NULL, NULL);
INSERT INTO `base_element` VALUES ('4', 'userManager:btn_edit', 'button', '编辑', '/api/admin/{*}/user/{*}', '1', NULL, NULL, 'PUT', '', NULL, NULL, NULL, NULL, NULL, NULL, NULL, NULL, NULL, NULL, NULL, NULL, NULL);
INSERT INTO `base_element` VALUES ('41', 'gateLogManager:view', 'button', '查看', '/api/admin/{*}/gateLog/{*}', '27', NULL, NULL, 'GET', '', '2017-07-01 00:00:00', '1', 'admin', '0:0:0:0:0:0:0:1', NULL, NULL, NULL, NULL, NULL, NULL, NULL, NULL, NULL);
INSERT INTO `base_element` VALUES ('415eac050ab64fc3b41b11e43645f3b5', 'oauthClientDetailsManager:btn_view', 'uri', '查看客户端', '/api/admin/api/admin/auth/oauthClientDetails/{*}', '68ee45b69c0f41cb9d6a5c33d46fb8a6', NULL, NULL, 'GET', NULL, '2018-03-28 20:20:48', '1', 'Mr.AG', NULL, NULL, NULL, NULL, NULL, NULL, NULL, NULL, NULL, 'ac88ceb386aa4231b09bf472cb937c24');
INSERT INTO `base_element` VALUES ('42', 'serviceManager:view', 'uri', '查看', '/api/admin/auth/service', '30', NULL, NULL, 'GET', NULL, '2017-12-26 20:17:42', '1', 'Mr.AG', '127.0.0.1', NULL, NULL, NULL, NULL, NULL, NULL, NULL, NULL, NULL);
INSERT INTO `base_element` VALUES ('43', 'serviceManager:btn_add', 'button', '新增', '/api/admin/auth/service', '30', NULL, NULL, 'POST', NULL, NULL, NULL, NULL, NULL, NULL, NULL, NULL, NULL, NULL, NULL, NULL, NULL, NULL);
INSERT INTO `base_element` VALUES ('44', 'serviceManager:btn_edit', 'button', '编辑', '/api/admin/auth/service', '30', NULL, NULL, 'PUT', NULL, NULL, NULL, NULL, NULL, NULL, NULL, NULL, NULL, NULL, NULL, NULL, NULL, NULL);
INSERT INTO `base_element` VALUES ('45', 'serviceManager:btn_del', 'button', '删除', '/api/admin/auth/service', '30', NULL, NULL, 'DELETE', NULL, NULL, NULL, NULL, NULL, NULL, NULL, NULL, NULL, NULL, NULL, NULL, NULL, NULL);
INSERT INTO `base_element` VALUES ('47', 'serviceManager:btn_buidlProject', 'button', '构建工程', '/api/admin/auth/generator/build', '30', NULL, NULL, NULL, NULL, NULL, NULL, NULL, NULL, NULL, NULL, NULL, NULL, NULL, NULL, NULL, NULL, NULL);
INSERT INTO `base_element` VALUES ('48', 'dictTypeManager:view', 'uri', '查看字典目录', '/api/admin/dict/dictType/{*}', '21', NULL, NULL, 'GET', NULL, '2017-12-26 20:17:42', '1', 'Mr.AG', '127.0.0.1', NULL, NULL, NULL, NULL, NULL, NULL, NULL, NULL, NULL);
INSERT INTO `base_element` VALUES ('49', 'dictTypeManager:btn_add', 'button', '新增字典目录', '/api/admin/dict/dictType', '21', NULL, NULL, 'POST', NULL, NULL, NULL, NULL, NULL, NULL, NULL, NULL, NULL, NULL, NULL, NULL, NULL, NULL);
INSERT INTO `base_element` VALUES ('4ee4f57a2d92494abe2595bff4f32057', 'groupManager:authorize_element', 'button', '资源下发', '/api/admin/{*}/group/{*}/api/admin/authorize/element/add', '7', NULL, NULL, 'POST', NULL, '2018-02-12 14:55:30', '1', 'Mr.AG', NULL, NULL, NULL, NULL, NULL, NULL, NULL, NULL, NULL, 'ac88ceb386aa4231b09bf472cb937c24');
INSERT INTO `base_element` VALUES ('5', 'userManager:btn_del', 'button', '删除', '/api/admin/{*}/user/{*}', '1', NULL, NULL, 'DELETE', '', NULL, NULL, NULL, NULL, NULL, NULL, NULL, NULL, NULL, NULL, NULL, NULL, NULL);
INSERT INTO `base_element` VALUES ('50', 'dictTypeManager:btn_edit', 'button', '编辑字典目录', '/api/admin/dict/dictType/{*}', '21', NULL, NULL, 'PUT', NULL, NULL, NULL, NULL, NULL, NULL, NULL, NULL, NULL, NULL, NULL, NULL, NULL, NULL);
INSERT INTO `base_element` VALUES ('51', 'dictTypeManager:btn_del', 'button', '删除字典目录', '/api/admin/dict/dictType/{*}', '21', NULL, NULL, 'DELETE', NULL, NULL, NULL, NULL, NULL, NULL, NULL, NULL, NULL, NULL, NULL, NULL, NULL, NULL);
INSERT INTO `base_element` VALUES ('52', 'dictValueManager:view', 'uri', '查看字典值', '/api/admin/dict/dictValue/{*}', '21', NULL, NULL, 'GET', NULL, '2017-12-26 20:17:42', '1', 'Mr.AG', '127.0.0.1', NULL, NULL, NULL, NULL, NULL, NULL, NULL, NULL, NULL);
INSERT INTO `base_element` VALUES ('53', 'dictValueManager:btn_add', 'button', '新增字典值', '/api/admin/dict/dictValue', '21', NULL, NULL, 'POST', NULL, NULL, NULL, NULL, NULL, NULL, NULL, NULL, NULL, NULL, NULL, NULL, NULL, NULL);
INSERT INTO `base_element` VALUES ('54', 'dictValueManager:btn_edit', 'button', '编辑字典值', '/api/admin/dict/dictValue/{*}', '21', NULL, NULL, 'PUT', NULL, NULL, NULL, NULL, NULL, NULL, NULL, NULL, NULL, NULL, NULL, NULL, NULL, NULL);
INSERT INTO `base_element` VALUES ('55', 'dictValueManager:btn_del', 'button', '删除字典值', '/api/admin/dict/dictValue/{*}', '21', NULL, NULL, 'DELETE', NULL, NULL, NULL, NULL, NULL, NULL, NULL, NULL, NULL, NULL, NULL, NULL, NULL, NULL);
INSERT INTO `base_element` VALUES ('56', 'departManager:view', 'uri', '查看部门值', '/api/admin/{*}/depart/{*}', 'b5211cc69d234b28a97f27e63edc9a58', NULL, NULL, 'GET', NULL, '2017-12-26 20:17:42', '1', 'Mr.AG', '127.0.0.1', NULL, NULL, NULL, NULL, NULL, NULL, NULL, NULL, NULL);
INSERT INTO `base_element` VALUES ('57', 'departManager:btn_add', 'button', '新增部门值', '/api/admin/{*}/depart', 'b5211cc69d234b28a97f27e63edc9a58', NULL, NULL, 'POST', NULL, NULL, NULL, NULL, NULL, NULL, NULL, NULL, NULL, NULL, NULL, NULL, NULL, NULL);
INSERT INTO `base_element` VALUES ('58', 'departManager:btn_edit', 'button', '编辑部门值', '/api/admin/{*}/depart/{*}', 'b5211cc69d234b28a97f27e63edc9a58', NULL, NULL, 'PUT', NULL, NULL, NULL, NULL, NULL, NULL, NULL, NULL, NULL, NULL, NULL, NULL, NULL, NULL);
INSERT INTO `base_element` VALUES ('59', 'departManager:btn_del', 'button', '删除部门值', '/api/admin/{*}/depart/{*}', 'b5211cc69d234b28a97f27e63edc9a58', NULL, NULL, 'DELETE', NULL, NULL, NULL, NULL, NULL, NULL, NULL, NULL, NULL, NULL, NULL, NULL, NULL, NULL);
INSERT INTO `base_element` VALUES ('6d7ea83bb71d476dbfbda2bcbc1a01bd', 'positionManager:btn_del', 'button', '删除岗位', '/api/admin/{*}/position/{*}', 'b5211cc69d234b28a97f27e63edc9a58', NULL, NULL, 'DELETE', NULL, '2018-02-10 16:47:45', '1', 'Mr.AG', NULL, NULL, NULL, NULL, NULL, NULL, NULL, NULL, NULL, NULL);
INSERT INTO `base_element` VALUES ('76797ac67e9a4b6ba9177d26a603ffb0', 'oauthClientDetailsManager:btn_add', 'button', '新增客户端', '/api/admin/api/admin/auth/oauthClientDetails', '68ee45b69c0f41cb9d6a5c33d46fb8a6', NULL, NULL, 'POST', NULL, '2018-03-28 20:20:22', '1', 'Mr.AG', NULL, NULL, NULL, NULL, NULL, NULL, NULL, NULL, NULL, 'ac88ceb386aa4231b09bf472cb937c24');
INSERT INTO `base_element` VALUES ('76b8fea73dc74b3789a8209b35bf06d4', 'groupManager:btn_addMember', 'button', '添加用户', '/api/admin/{*}/group/member', '7', NULL, NULL, 'POST', NULL, '2019-07-06 22:27:16', '3a581002bb5148f9b00173c4d3d58ade', '超级管理员', NULL, NULL, NULL, NULL, NULL, NULL, NULL, NULL, NULL, 'ac88ceb386aa4231b09bf472cb937c24');
INSERT INTO `base_element` VALUES ('7a16202657c3478c8b4ece27a792e026', 'positionManager:btn_group', 'button', '分配岗位角色', '/api/admin/{*}/position/{*}/group', 'b5211cc69d234b28a97f27e63edc9a58', NULL, NULL, 'PUT', NULL, '2018-02-10 16:51:31', '1', 'Mr.AG', NULL, NULL, NULL, NULL, NULL, NULL, NULL, NULL, NULL, NULL);
INSERT INTO `base_element` VALUES ('8b5ff030c76341059a335e0653fef5ea', 'departManager:btn_user_del', 'button', '删除部门人员', '/api/admin/{*}/depart/user', 'b5211cc69d234b28a97f27e63edc9a58', NULL, NULL, 'DELETE', NULL, '2018-02-10 16:45:10', '1', 'Mr.AG', NULL, NULL, NULL, NULL, NULL, NULL, NULL, NULL, NULL, NULL);
INSERT INTO `base_element` VALUES ('9', 'menuManager:element', 'uri', '按钮页面', '/api/admin/element/{*}', '6', NULL, NULL, 'GET', '', NULL, NULL, NULL, NULL, NULL, NULL, NULL, NULL, NULL, NULL, NULL, NULL, NULL);
INSERT INTO `base_element` VALUES ('930a630470e94a898047c80a1ee3eb20', 'modelManager:btn_add', 'button', '新增模型', '/api/admin/wf/models', 'd9e45bcb11574d8a9495580435a4b28d', NULL, NULL, 'POST', NULL, '2019-03-30 01:56:12', '3a581002bb5148f9b00173c4d3d58ade', '超级管理员', NULL, NULL, NULL, NULL, NULL, NULL, NULL, NULL, NULL, 'ac88ceb386aa4231b09bf472cb937c24');
INSERT INTO `base_element` VALUES ('9eb99c652a9543fca5550e6b22f15974', 'modelManager:view', 'uri', '查看模型', '/api/admin/wf/models/page', 'd9e45bcb11574d8a9495580435a4b28d', NULL, NULL, 'GET', NULL, '2019-03-30 01:54:07', '3a581002bb5148f9b00173c4d3d58ade', '超级管理员', NULL, NULL, NULL, NULL, NULL, NULL, NULL, NULL, NULL, 'ac88ceb386aa4231b09bf472cb937c24');
INSERT INTO `base_element` VALUES ('a03cac538f794958bc7fa6458f85b8ae', 'tenantManager:btn_del', 'uri', '删除租户', '/api/admin/tenant/{*}', '7574b969c9fa4e5895d6cc9c2b8a9a62', NULL, NULL, 'DELETE', NULL, '2018-02-09 12:28:42', '1', 'Mr.AG', NULL, NULL, NULL, NULL, NULL, NULL, NULL, NULL, NULL, NULL);
INSERT INTO `base_element` VALUES ('af44e799b90240d1a4f51a36ae3995d1', 'oauthClientDetailsManager:btn_edit', 'button', '编辑客户端', '/api/admin/api/admin/auth/oauthClientDetails/{*}', '68ee45b69c0f41cb9d6a5c33d46fb8a6', NULL, NULL, 'PUT', NULL, '2018-03-28 20:19:08', '1', 'Mr.AG', NULL, NULL, NULL, NULL, NULL, NULL, NULL, NULL, NULL, 'ac88ceb386aa4231b09bf472cb937c24');
INSERT INTO `base_element` VALUES ('b874e8606d404721be1432bb7fe839e0', 'modelManager:btn_del', 'button', '删除模型', '/api/admin/wf/models', 'd9e45bcb11574d8a9495580435a4b28d', NULL, NULL, 'DELETE', NULL, '2019-03-30 01:56:59', '3a581002bb5148f9b00173c4d3d58ade', '超级管理员', NULL, NULL, NULL, NULL, NULL, NULL, NULL, NULL, NULL, 'ac88ceb386aa4231b09bf472cb937c24');
INSERT INTO `base_element` VALUES ('c6469be83d8e4d5ca404b46b347f7d4c', 'positionManager:btn_add', 'button', '新增岗位', '/api/admin/{*}/position', 'b5211cc69d234b28a97f27e63edc9a58', NULL, NULL, 'POST', NULL, '2018-02-10 16:47:23', '1', 'Mr.AG', NULL, NULL, NULL, NULL, NULL, NULL, NULL, NULL, NULL, NULL);
INSERT INTO `base_element` VALUES ('cac49646909c4750b23f223f53eafc5b', 'positionManager:btn_edit', 'button', '编辑岗位', '/api/admin/posision/{*}', 'b5211cc69d234b28a97f27e63edc9a58', NULL, NULL, 'PUT', NULL, '2018-02-10 16:48:24', '1', 'Mr.AG', NULL, NULL, NULL, NULL, NULL, NULL, NULL, NULL, NULL, NULL);
INSERT INTO `base_element` VALUES ('d2773b3568c6438c8f9cc21b06b660ee', 'departManager:btn_user_add', 'button', '新增部门人员', '/api/admin/{*}/depart/user', 'b5211cc69d234b28a97f27e63edc9a58', NULL, NULL, 'POST', NULL, '2018-02-10 16:44:07', '1', 'Mr.AG', NULL, NULL, NULL, NULL, NULL, NULL, NULL, NULL, NULL, NULL);
INSERT INTO `base_element` VALUES ('d6b714eff47a42d0a654e55c39304dd5', 'tenantManager:btn_edit', 'button', '编辑租户', '/api/admin/tenant/{*}', '7574b969c9fa4e5895d6cc9c2b8a9a62', NULL, NULL, 'PUT', NULL, '2018-02-09 12:29:26', '1', 'Mr.AG', NULL, NULL, NULL, NULL, NULL, NULL, NULL, NULL, NULL, NULL);
INSERT INTO `base_element` VALUES ('e18f6f0dde564e62ba91de1657595ddc', 'oauthClientDetailsManager:btn_del', 'button', '删除客户端', '/api/admin/api/admin/auth/oauthClientDetails/{*}', '68ee45b69c0f41cb9d6a5c33d46fb8a6', NULL, NULL, 'DELETE', NULL, '2018-03-28 20:19:55', '1', 'Mr.AG', NULL, NULL, NULL, NULL, NULL, NULL, NULL, NULL, NULL, 'ac88ceb386aa4231b09bf472cb937c24');
INSERT INTO `base_element` VALUES ('e7a7e04dc9dc41b28bd1d466d013963f', 'modelManager:btn_edit', 'button', '设计模型', '/api/admin/wf/models', 'd9e45bcb11574d8a9495580435a4b28d', NULL, NULL, 'PUT', NULL, '2019-03-30 01:59:56', '3a581002bb5148f9b00173c4d3d58ade', '超级管理员', NULL, NULL, NULL, NULL, NULL, NULL, NULL, NULL, NULL, 'ac88ceb386aa4231b09bf472cb937c24');
INSERT INTO `base_element` VALUES ('eddad1f3d2d54ba0ac50e8c4781764cb', 'tenantManager:btn_add', 'button', '新增租户', '/api/admin/tenant', '7574b969c9fa4e5895d6cc9c2b8a9a62', NULL, NULL, 'POST', NULL, '2018-02-09 12:27:11', '1', 'Mr.AG', NULL, NULL, NULL, NULL, NULL, NULL, NULL, NULL, NULL, NULL);
INSERT INTO `base_element` VALUES ('ef73cc9bf70d448caf72e3f45015700a', 'positionManager:view', 'uri', '查看岗位', '/api/admin/{*}/depart/{*}', 'b5211cc69d234b28a97f27e63edc9a58', NULL, NULL, 'GET', NULL, '2018-02-10 16:48:49', '1', 'Mr.AG', NULL, NULL, NULL, NULL, NULL, NULL, NULL, NULL, NULL, NULL);
COMMIT;

-- ----------------------------
-- Table structure for base_group
-- ----------------------------
DROP TABLE IF EXISTS `base_group`;
CREATE TABLE `base_group` (
  `id` varchar(36) COLLATE utf8_bin NOT NULL,
  `code` varchar(255) COLLATE utf8_bin DEFAULT NULL COMMENT '角色编码',
  `name` varchar(255) COLLATE utf8_bin DEFAULT NULL COMMENT '角色名称',
  `parent_id` varchar(36) COLLATE utf8_bin NOT NULL COMMENT '上级节点',
  `path` varchar(2000) COLLATE utf8_bin DEFAULT NULL COMMENT '树状关系',
  `type` char(1) COLLATE utf8_bin DEFAULT NULL COMMENT '类型',
  `group_type` varchar(36) COLLATE utf8_bin NOT NULL COMMENT '角色组类型',
  `description` varchar(255) COLLATE utf8_bin DEFAULT NULL,
  `crt_time` datetime DEFAULT NULL,
  `crt_user_id` varchar(255) COLLATE utf8_bin DEFAULT NULL,
  `crt_user_name` varchar(255) COLLATE utf8_bin DEFAULT NULL,
  `upd_time` datetime DEFAULT NULL,
  `upd_user_id` varchar(255) COLLATE utf8_bin DEFAULT NULL,
  `upd_user_name` varchar(255) COLLATE utf8_bin DEFAULT NULL,
  `attr1` varchar(255) COLLATE utf8_bin DEFAULT NULL,
  `attr2` varchar(255) COLLATE utf8_bin DEFAULT NULL,
  `attr3` varchar(255) COLLATE utf8_bin DEFAULT NULL,
  `attr4` varchar(255) COLLATE utf8_bin DEFAULT NULL,
  `attr5` varchar(255) COLLATE utf8_bin DEFAULT NULL,
  `attr6` varchar(255) COLLATE utf8_bin DEFAULT NULL,
  `attr7` varchar(255) COLLATE utf8_bin DEFAULT NULL,
  `attr8` varchar(255) COLLATE utf8_bin DEFAULT NULL,
  `tenant_id` varchar(36) COLLATE utf8_bin DEFAULT NULL COMMENT '租户Id',
  PRIMARY KEY (`id`)
) ENGINE=InnoDB DEFAULT CHARSET=utf8 COLLATE=utf8_bin;

-- ----------------------------
-- Records of base_group
-- ----------------------------
BEGIN;
INSERT INTO `base_group` VALUES ('1d519688c09f42afa579bd6b53048386', 'test', '测试租户普通角色', '-1', '/test', NULL, 'role', NULL, '2019-03-15 10:38:40', 'a1a2cb17b4f24e50bbde2f1b8a233bcb', '测试租户', '2019-03-15 10:39:15', 'a1a2cb17b4f24e50bbde2f1b8a233bcb', '测试租户', NULL, NULL, NULL, NULL, NULL, NULL, NULL, NULL, '1ec08564dcc344018d6aaa910068f0f0');
INSERT INTO `base_group` VALUES ('258651cfd4ca41cbaa70d1b233659b5c', 'commonAdmin', '普通租户管理员', '-1', '/commonAdmin', NULL, 'role', '普通租户管理员', '2018-02-12 23:20:54', '1', 'Mr.AG', '2018-02-12 23:20:54', '1', 'Mr.AG', NULL, NULL, NULL, NULL, NULL, NULL, NULL, NULL, 'ac88ceb386aa4231b09bf472cb937c24');
INSERT INTO `base_group` VALUES ('366af0a7fd79453fbe54c0d24917ec4b', 'dongshiz', '董事长', '-1', '/dongshiz', NULL, 'org', NULL, '2018-02-13 00:04:27', 'a1a2cb17b4f24e50bbde2f1b8a233bcb', '测试租户', '2018-02-13 00:04:27', 'a1a2cb17b4f24e50bbde2f1b8a233bcb', '测试租户', NULL, NULL, NULL, NULL, NULL, NULL, NULL, NULL, '1ec08564dcc344018d6aaa910068f0f0');
INSERT INTO `base_group` VALUES ('fedcfb930dfd4212827033458ee9e385', 'second', '分级管理员', '258651cfd4ca41cbaa70d1b233659b5c', '/commonAdmin/second', NULL, 'role', NULL, '2019-07-06 22:15:44', '1', '老干爹', '2019-07-06 22:15:44', '1', '老干爹', NULL, NULL, NULL, NULL, NULL, NULL, NULL, NULL, 'ac88ceb386aa4231b09bf472cb937c24');
COMMIT;

-- ----------------------------
-- Table structure for base_group_leader
-- ----------------------------
DROP TABLE IF EXISTS `base_group_leader`;
CREATE TABLE `base_group_leader` (
  `id` varchar(36) COLLATE utf8_bin NOT NULL,
  `group_id` varchar(255) COLLATE utf8_bin DEFAULT NULL,
  `user_id` varchar(255) COLLATE utf8_bin DEFAULT NULL,
  `description` varchar(255) COLLATE utf8_bin DEFAULT NULL,
  `crt_time` datetime DEFAULT NULL,
  `crt_user` varchar(255) COLLATE utf8_bin DEFAULT NULL,
  `crt_name` varchar(255) COLLATE utf8_bin DEFAULT NULL,
  `crt_host` varchar(255) COLLATE utf8_bin DEFAULT NULL,
  `upd_time` datetime DEFAULT NULL,
  `upd_user` varchar(255) COLLATE utf8_bin DEFAULT NULL,
  `upd_name` varchar(255) COLLATE utf8_bin DEFAULT NULL,
  `upd_host` varchar(255) COLLATE utf8_bin DEFAULT NULL,
  `attr1` varchar(255) COLLATE utf8_bin DEFAULT NULL,
  `attr2` varchar(255) COLLATE utf8_bin DEFAULT NULL,
  `attr3` varchar(255) COLLATE utf8_bin DEFAULT NULL,
  `attr4` varchar(255) COLLATE utf8_bin DEFAULT NULL,
  `attr5` varchar(255) COLLATE utf8_bin DEFAULT NULL,
  `attr6` varchar(255) COLLATE utf8_bin DEFAULT NULL,
  `attr7` varchar(255) COLLATE utf8_bin DEFAULT NULL,
  `attr8` varchar(255) COLLATE utf8_bin DEFAULT NULL,
  `tenant_id` varchar(36) COLLATE utf8_bin DEFAULT NULL COMMENT '租户Id',
  PRIMARY KEY (`id`)
) ENGINE=InnoDB DEFAULT CHARSET=utf8 COLLATE=utf8_bin;

-- ----------------------------
-- Table structure for base_group_member
-- ----------------------------
DROP TABLE IF EXISTS `base_group_member`;
CREATE TABLE `base_group_member` (
  `id` varchar(36) COLLATE utf8_bin NOT NULL,
  `group_id` varchar(255) COLLATE utf8_bin DEFAULT NULL,
  `user_id` varchar(255) COLLATE utf8_bin DEFAULT NULL,
  `description` varchar(255) COLLATE utf8_bin DEFAULT NULL,
  `crt_time` datetime DEFAULT NULL,
  `crt_user` varchar(255) COLLATE utf8_bin DEFAULT NULL,
  `crt_name` varchar(255) COLLATE utf8_bin DEFAULT NULL,
  `crt_host` varchar(255) COLLATE utf8_bin DEFAULT NULL,
  `upd_time` datetime DEFAULT NULL,
  `upd_user` varchar(255) COLLATE utf8_bin DEFAULT NULL,
  `upd_name` varchar(255) COLLATE utf8_bin DEFAULT NULL,
  `upd_host` varchar(255) COLLATE utf8_bin DEFAULT NULL,
  `attr1` varchar(255) COLLATE utf8_bin DEFAULT NULL,
  `attr2` varchar(255) COLLATE utf8_bin DEFAULT NULL,
  `attr3` varchar(255) COLLATE utf8_bin DEFAULT NULL,
  `attr4` varchar(255) COLLATE utf8_bin DEFAULT NULL,
  `attr5` varchar(255) COLLATE utf8_bin DEFAULT NULL,
  `attr6` varchar(255) COLLATE utf8_bin DEFAULT NULL,
  `attr7` varchar(255) COLLATE utf8_bin DEFAULT NULL,
  `attr8` varchar(255) COLLATE utf8_bin DEFAULT NULL,
  `tenant_id` varchar(36) COLLATE utf8_bin DEFAULT NULL COMMENT '租户Id',
  PRIMARY KEY (`id`),
  UNIQUE KEY `uq_group_user` (`group_id`,`user_id`,`tenant_id`) USING BTREE
) ENGINE=InnoDB DEFAULT CHARSET=utf8 COLLATE=utf8_bin;

-- ----------------------------
-- Records of base_group_member
-- ----------------------------
BEGIN;
INSERT INTO `base_group_member` VALUES ('f4132b7ef5f94bb8a09abc6eebf0dc15', '258651cfd4ca41cbaa70d1b233659b5c', '1', NULL, NULL, NULL, NULL, NULL, NULL, NULL, NULL, NULL, NULL, NULL, NULL, NULL, NULL, NULL, NULL, NULL, 'ac88ceb386aa4231b09bf472cb937c24');
COMMIT;

-- ----------------------------
-- Table structure for base_group_type
-- ----------------------------
DROP TABLE IF EXISTS `base_group_type`;
CREATE TABLE `base_group_type` (
  `id` varchar(32) COLLATE utf8_bin NOT NULL,
  `code` varchar(255) COLLATE utf8_bin DEFAULT NULL COMMENT '编码',
  `name` varchar(255) COLLATE utf8_bin DEFAULT NULL COMMENT '类型名称',
  `description` varchar(255) COLLATE utf8_bin DEFAULT NULL COMMENT '描述',
  `crt_time` datetime DEFAULT NULL COMMENT '创建时间',
  `crt_user` varchar(255) COLLATE utf8_bin DEFAULT NULL COMMENT '创建人ID',
  `crt_name` varchar(255) COLLATE utf8_bin DEFAULT NULL COMMENT '创建人',
  `crt_host` varchar(255) COLLATE utf8_bin DEFAULT NULL COMMENT '创建主机',
  `upd_time` datetime DEFAULT NULL COMMENT '最后更新时间',
  `upd_user` varchar(255) COLLATE utf8_bin DEFAULT NULL COMMENT '最后更新人ID',
  `upd_name` varchar(255) COLLATE utf8_bin DEFAULT NULL COMMENT '最后更新人',
  `upd_host` varchar(255) COLLATE utf8_bin DEFAULT NULL COMMENT '最后更新主机',
  `attr1` varchar(255) COLLATE utf8_bin DEFAULT NULL,
  `attr2` varchar(255) COLLATE utf8_bin DEFAULT NULL,
  `attr3` varchar(255) COLLATE utf8_bin DEFAULT NULL,
  `attr4` varchar(255) COLLATE utf8_bin DEFAULT NULL,
  `attr5` varchar(255) COLLATE utf8_bin DEFAULT NULL,
  `attr6` varchar(255) COLLATE utf8_bin DEFAULT NULL,
  `attr7` varchar(255) COLLATE utf8_bin DEFAULT NULL,
  `attr8` varchar(255) COLLATE utf8_bin DEFAULT NULL,
  `tenant_id` varchar(36) COLLATE utf8_bin DEFAULT NULL COMMENT '租户Id',
  PRIMARY KEY (`id`)
) ENGINE=InnoDB DEFAULT CHARSET=utf8 COLLATE=utf8_bin;

-- ----------------------------
-- Records of base_group_type
-- ----------------------------
BEGIN;
INSERT INTO `base_group_type` VALUES ('org', 'org', '工作岗位组', NULL, NULL, NULL, NULL, NULL, '2017-08-25 17:52:43', '1', 'Mr.AG', '127.0.0.1', NULL, NULL, NULL, NULL, NULL, NULL, NULL, NULL, NULL);
INSERT INTO `base_group_type` VALUES ('role', 'role', '业务角色组', 'role', NULL, NULL, NULL, NULL, '2017-08-25 17:52:50', '1', 'Mr.AG', '127.0.0.1', NULL, NULL, NULL, NULL, NULL, NULL, NULL, NULL, NULL);
COMMIT;

-- ----------------------------
-- Table structure for base_menu
-- ----------------------------
DROP TABLE IF EXISTS `base_menu`;
CREATE TABLE `base_menu` (
  `id` varchar(36) COLLATE utf8_bin NOT NULL,
  `code` varchar(255) COLLATE utf8_bin DEFAULT NULL COMMENT '路径编码',
  `title` varchar(255) COLLATE utf8_bin DEFAULT NULL COMMENT '标题',
  `parent_id` varchar(36) COLLATE utf8_bin NOT NULL COMMENT '父级节点',
  `href` varchar(255) COLLATE utf8_bin DEFAULT NULL COMMENT '资源路径',
  `icon` varchar(255) COLLATE utf8_bin DEFAULT NULL COMMENT '图标',
  `type` char(10) COLLATE utf8_bin DEFAULT NULL,
  `order_num` int(11) NOT NULL DEFAULT '0' COMMENT '排序',
  `description` varchar(255) COLLATE utf8_bin DEFAULT NULL COMMENT '描述',
  `path` varchar(500) COLLATE utf8_bin DEFAULT NULL COMMENT '菜单上下级关系',
  `enabled` char(1) COLLATE utf8_bin DEFAULT NULL COMMENT '启用禁用',
  `crt_time` datetime DEFAULT NULL,
  `crt_user` varchar(255) COLLATE utf8_bin DEFAULT NULL,
  `crt_name` varchar(255) COLLATE utf8_bin DEFAULT NULL,
  `crt_host` varchar(255) COLLATE utf8_bin DEFAULT NULL,
  `upd_time` datetime DEFAULT NULL,
  `upd_user` varchar(255) COLLATE utf8_bin DEFAULT NULL,
  `upd_name` varchar(255) COLLATE utf8_bin DEFAULT NULL,
  `upd_host` varchar(255) COLLATE utf8_bin DEFAULT NULL,
  `attr1` varchar(255) COLLATE utf8_bin DEFAULT NULL,
  `attr2` varchar(255) COLLATE utf8_bin DEFAULT NULL,
  `attr3` varchar(255) COLLATE utf8_bin DEFAULT NULL,
  `attr4` varchar(255) COLLATE utf8_bin DEFAULT NULL,
  `attr5` varchar(255) COLLATE utf8_bin DEFAULT NULL,
  `attr6` varchar(255) COLLATE utf8_bin DEFAULT NULL,
  `attr7` varchar(255) COLLATE utf8_bin DEFAULT NULL,
  `attr8` varchar(255) COLLATE utf8_bin DEFAULT NULL,
  `tenant_id` varchar(36) COLLATE utf8_bin DEFAULT NULL COMMENT '租户Id',
  PRIMARY KEY (`id`)
) ENGINE=InnoDB DEFAULT CHARSET=utf8 COLLATE=utf8_bin;

-- ----------------------------
-- Records of base_menu
-- ----------------------------
BEGIN;
INSERT INTO `base_menu` VALUES ('1', 'userManager', '用户管理', '5', '/api/admin/user', 'user', 'menu', 1, '', '/adminSys/baseManager/userManager', NULL, NULL, NULL, NULL, NULL, '2018-12-31 10:05:38', '1', 'Mr.AG', '127.0.0.1', 'admin/user/index', NULL, NULL, NULL, NULL, NULL, NULL, NULL, NULL);
INSERT INTO `base_menu` VALUES ('13', 'adminSys', '权限管理系统', '-1', '/base', 'setting', 'dirt', 0, '', '/adminSys', NULL, NULL, NULL, NULL, NULL, '2018-02-02 19:48:22', '1', 'Mr.AG', '127.0.0.1', 'Layout', NULL, NULL, NULL, NULL, NULL, NULL, NULL, NULL);
INSERT INTO `base_menu` VALUES ('21', 'dictManager', '数据字典', '378b8d580ef84daf8c08863512e1d3d3', '', 'documentation', 'menu', 5, '', '/adminSys/baseManager/dictManager', NULL, NULL, NULL, NULL, NULL, '2019-03-15 09:58:17', '1', '老干爹', NULL, 'admin/dict/index', NULL, NULL, NULL, NULL, NULL, NULL, NULL, NULL);
INSERT INTO `base_menu` VALUES ('27', 'gateLogManager', '操作日志', '5', '/api/admin/gateLog', 'log', 'menu', 7, '', '/adminSys/baseManager/gateLogManager', NULL, '2017-07-01 00:00:00', '1', 'admin', '0:0:0:0:0:0:0:1', '2019-03-15 09:58:30', '1', '老干爹', '127.0.0.1', '_import(\'admin/gateLog/index\')', NULL, NULL, NULL, NULL, NULL, NULL, NULL, NULL);
INSERT INTO `base_menu` VALUES ('29', 'authManager', '开发配置管理', '13', '/auth', 'client', 'dirt', 3, '服务权限管理', '/adminSys/authManager', NULL, '2017-12-26 19:54:45', '1', 'Mr.AG', '127.0.0.1', '2019-03-15 09:59:39', '1', '老干爹', '127.0.0.1', 'Layout', NULL, NULL, NULL, NULL, NULL, NULL, NULL, NULL);
INSERT INTO `base_menu` VALUES ('30', 'serviceManager', '平台服务管理', '29', NULL, 'client', 'menu', 1, NULL, '/adminSys/authManager/serviceManager', NULL, '2020-01-22 20:47:22', '3a581002bb5148f9b00173c4d3d58ade', '超级管理员', NULL, '2020-01-31 05:24:55', '3a581002bb5148f9b00173c4d3d58ade', '超级管理员', NULL, NULL, NULL, NULL, NULL, NULL, NULL, NULL, NULL, 'ac88ceb386aa4231b09bf472cb937c24');
INSERT INTO `base_menu` VALUES ('34f716f92421411b8a52e61e596aa740', 'workflowManager', '工作流模块', '13', '/workflow', 'workflow', 'dirt', 4, NULL, '/adminSys/workManager', NULL, '2019-03-28 09:28:49', '3a581002bb5148f9b00173c4d3d58ade', '超级管理员', NULL, '2019-03-30 01:52:06', '3a581002bb5148f9b00173c4d3d58ade', '超级管理员', NULL, NULL, NULL, NULL, NULL, NULL, NULL, NULL, NULL, 'ac88ceb386aa4231b09bf472cb937c24');
INSERT INTO `base_menu` VALUES ('378b8d580ef84daf8c08863512e1d3d3', 'platformManager', '平台基础管理', '13', '/platform', 'job', 'dirt', 1, NULL, '/adminSys/platformManager', NULL, '2019-03-15 09:48:09', '1', '老干爹', NULL, '2019-03-15 09:48:50', '1', '老干爹', NULL, NULL, NULL, NULL, NULL, NULL, NULL, NULL, NULL, NULL);
INSERT INTO `base_menu` VALUES ('5', 'baseManager', '基础配置管理', '13', '/admin', 'setting', 'dirt', 0, '', '/adminSys/baseManager', NULL, NULL, NULL, NULL, NULL, '2018-02-02 19:48:27', '1', 'Mr.AG', '127.0.0.1', 'Layout', NULL, NULL, NULL, NULL, NULL, NULL, NULL, NULL);
INSERT INTO `base_menu` VALUES ('5c1171f1c6bd47eda71035e5d4b3ce09', 'finishManager', '我的已办', '34f716f92421411b8a52e61e596aa740', '/wf/tasks/finish', 'component', 'menu', 4, NULL, '/adminSys/workManager/finishManager', NULL, '2019-03-30 08:18:03', '3a581002bb5148f9b00173c4d3d58ade', '超级管理员', NULL, '2019-03-30 08:18:03', '3a581002bb5148f9b00173c4d3d58ade', '超级管理员', NULL, NULL, NULL, NULL, NULL, NULL, NULL, NULL, NULL, 'ac88ceb386aa4231b09bf472cb937c24');
INSERT INTO `base_menu` VALUES ('6', 'menuManager', '菜单管理', '378b8d580ef84daf8c08863512e1d3d3', '/api/admin/menu', 'category', 'menu', 2, '', '/adminSys/baseManager/menuManager', NULL, NULL, NULL, NULL, NULL, '2019-03-15 09:52:29', '1', '老干爹', '127.0.0.1', 'admin/menu/index', NULL, NULL, NULL, NULL, NULL, NULL, NULL, NULL);
INSERT INTO `base_menu` VALUES ('63998fb5295a4925a8156a7d7e230568', 'codeManager', '代码生成器', '29', '', 'table', 'menu', 2, NULL, '/adminSys/authManager/codeManager', NULL, '2018-12-30 19:14:34', '1', 'Mr.AG', NULL, '2018-12-31 10:10:10', '1', 'Mr.AG', NULL, 'admin/code/index', NULL, NULL, NULL, NULL, NULL, NULL, NULL, 'ac88ceb386aa4231b09bf472cb937c24');
INSERT INTO `base_menu` VALUES ('68ee45b69c0f41cb9d6a5c33d46fb8a6', 'oauthClientDetailsManager', 'Oauth管理', '29', '', 'navigate', 'menu', 4, NULL, '/adminSys/authManager/oauthClientDetailsManager', NULL, '2018-02-25 13:30:49', '1', 'Mr.AG', NULL, '2020-01-22 20:48:38', '3a581002bb5148f9b00173c4d3d58ade', '超级管理员', NULL, 'auth/oauthClientDetails/index', NULL, NULL, NULL, NULL, NULL, NULL, NULL, 'ac88ceb386aa4231b09bf472cb937c24');
INSERT INTO `base_menu` VALUES ('7', 'groupManager', '权限管理', '5', '/api/admin/group', 'group_fill', 'menu', 3, '', '/adminSys/baseManager/groupManager', NULL, NULL, NULL, NULL, NULL, '2020-01-31 01:13:14', '3a581002bb5148f9b00173c4d3d58ade', '超级管理员', '127.0.0.1', 'admin/group/index', NULL, NULL, NULL, NULL, NULL, NULL, NULL, NULL);
INSERT INTO `base_menu` VALUES ('7574b969c9fa4e5895d6cc9c2b8a9a62', 'tenantManager', '租户管理', '378b8d580ef84daf8c08863512e1d3d3', '/api/admin/tenantManager', 'tenant', 'menu', 0, NULL, '/adminSys/baseManager/tenantManager', NULL, '2018-02-09 08:56:43', '1', 'Mr.AG', NULL, '2019-03-15 09:57:21', '1', '老干爹', NULL, 'admin/tenant/index', NULL, NULL, NULL, NULL, NULL, NULL, NULL, NULL);
INSERT INTO `base_menu` VALUES ('8', 'groupTypeManager', '角色组管理', '378b8d580ef84daf8c08863512e1d3d3', '/api/admin/groupType', 'group', 'menu', 4, '', '/adminSys/baseManager/groupTypeManager', NULL, NULL, NULL, NULL, NULL, '2019-03-15 09:57:38', '1', '老干爹', '127.0.0.1', 'admin/groupType/index', NULL, NULL, NULL, NULL, NULL, NULL, NULL, NULL);
INSERT INTO `base_menu` VALUES ('803c425ecf16408e9def5dc905f75a6c', 'todoManager', '我的待办', '34f716f92421411b8a52e61e596aa740', '/wf/tasks/todo', 'service', 'menu', 3, NULL, '/adminSys/workManager/todoManager', NULL, '2019-03-30 08:14:54', '3a581002bb5148f9b00173c4d3d58ade', '超级管理员', NULL, '2019-03-30 08:14:54', '3a581002bb5148f9b00173c4d3d58ade', '超级管理员', NULL, NULL, NULL, NULL, NULL, NULL, NULL, NULL, NULL, 'ac88ceb386aa4231b09bf472cb937c24');
INSERT INTO `base_menu` VALUES ('b5211cc69d234b28a97f27e63edc9a58', 'departManager', '部门管理', '5', '/api/admin/org/depart', 'depart', 'menu', 1, NULL, '/adminSys/orgManager/departManager', NULL, '2018-02-04 22:40:01', '1', 'Mr.AG', NULL, '2018-12-31 10:09:56', '1', 'Mr.AG', NULL, 'admin/org/depart/index', NULL, NULL, NULL, NULL, NULL, NULL, NULL, NULL);
INSERT INTO `base_menu` VALUES ('d9e45bcb11574d8a9495580435a4b28d', 'modelManager', '模型管理', '34f716f92421411b8a52e61e596aa740', '/api/admin/wf/models', 'modelManager', 'menu', 0, NULL, '/adminSys/workManager/modelManager', NULL, '2019-03-28 09:30:49', '3a581002bb5148f9b00173c4d3d58ade', '超级管理员', NULL, '2019-03-30 01:54:38', '3a581002bb5148f9b00173c4d3d58ade', '超级管理员', NULL, NULL, NULL, NULL, NULL, NULL, NULL, NULL, NULL, 'ac88ceb386aa4231b09bf472cb937c24');
INSERT INTO `base_menu` VALUES ('f0e1b561772247d1a795bd4ef48aa090', 'applyManager', '我的申请', '34f716f92421411b8a52e61e596aa740', '/api/admin/wf/tasks/finish', 'table', 'menu', 2, NULL, '/adminSys/workManager/applyManager', NULL, '2019-03-30 08:12:18', '3a581002bb5148f9b00173c4d3d58ade', '超级管理员', NULL, '2019-03-30 08:12:18', '3a581002bb5148f9b00173c4d3d58ade', '超级管理员', NULL, NULL, NULL, NULL, NULL, NULL, NULL, NULL, NULL, 'ac88ceb386aa4231b09bf472cb937c24');
COMMIT;

-- ----------------------------
-- Table structure for base_position
-- ----------------------------
DROP TABLE IF EXISTS `base_position`;
CREATE TABLE `base_position` (
  `id` varchar(36) COLLATE utf8_bin NOT NULL,
  `name` varchar(255) COLLATE utf8_bin DEFAULT NULL COMMENT '职位',
  `code` varchar(100) COLLATE utf8_bin DEFAULT NULL COMMENT '编码',
  `depart_id` varchar(36) COLLATE utf8_bin DEFAULT NULL COMMENT '部门ID',
  `type` varchar(36) COLLATE utf8_bin DEFAULT NULL COMMENT '类型',
  `crt_user_name` varchar(255) COLLATE utf8_bin DEFAULT NULL COMMENT '创建人',
  `crt_user_id` varchar(36) COLLATE utf8_bin DEFAULT NULL COMMENT '创建人ID',
  `crt_time` datetime DEFAULT NULL COMMENT '创建时间',
  `upd_user_name` varchar(255) COLLATE utf8_bin DEFAULT NULL COMMENT '最后更新人',
  `upd_user_id` varchar(36) COLLATE utf8_bin DEFAULT NULL COMMENT '最后更新人ID',
  `upd_time` datetime DEFAULT NULL COMMENT '最后更新时间',
  `attr1` varchar(255) COLLATE utf8_bin DEFAULT NULL,
  `attr2` varchar(255) COLLATE utf8_bin DEFAULT NULL,
  `attr3` varchar(255) COLLATE utf8_bin DEFAULT NULL,
  `attr4` varchar(255) COLLATE utf8_bin DEFAULT NULL,
  `tenant_id` varchar(36) COLLATE utf8_bin DEFAULT NULL,
  PRIMARY KEY (`id`),
  UNIQUE KEY `unique_code` (`code`)
) ENGINE=InnoDB DEFAULT CHARSET=utf8 COLLATE=utf8_bin;

-- ----------------------------
-- Records of base_position
-- ----------------------------
BEGIN;
INSERT INTO `base_position` VALUES ('9c2f9ab789634c2ca11456a1f28b3545', '部门经理', '部门经理', 'root', 'flow', 'Mr.AG', '1', '2018-02-15 10:57:28', '超级管理员', '3a581002bb5148f9b00173c4d3d58ade', '2019-03-30 20:25:08', NULL, NULL, NULL, NULL, 'ac88ceb386aa4231b09bf472cb937c24');
INSERT INTO `base_position` VALUES ('c5f51dcdb64f4706acb4caa867359721', '董事长', 'dongshiz', 'd8bb2fc8d51745458f77a78c42bf60ab', NULL, '测试租户', 'a1a2cb17b4f24e50bbde2f1b8a233bcb', '2018-02-13 00:14:19', '测试租户', 'a1a2cb17b4f24e50bbde2f1b8a233bcb', '2018-02-13 00:14:19', NULL, NULL, NULL, NULL, '1ec08564dcc344018d6aaa910068f0f0');
COMMIT;

-- ----------------------------
-- Table structure for base_position_depart
-- ----------------------------
DROP TABLE IF EXISTS `base_position_depart`;
CREATE TABLE `base_position_depart` (
  `id` varchar(36) COLLATE utf8_bin NOT NULL,
  `position_id` varchar(36) COLLATE utf8_bin DEFAULT NULL,
  `depart_id` varchar(36) COLLATE utf8_bin DEFAULT NULL,
  `tenant_id` varchar(36) COLLATE utf8_bin DEFAULT NULL,
  PRIMARY KEY (`id`)
) ENGINE=InnoDB DEFAULT CHARSET=utf8 COLLATE=utf8_bin;

-- ----------------------------
-- Records of base_position_depart
-- ----------------------------
BEGIN;
INSERT INTO `base_position_depart` VALUES ('06fcf4a245574548b26483a7935d6b80', 'c5f51dcdb64f4706acb4caa867359721', '2b06ea24a3cf40659c183da3242cc669', '1ec08564dcc344018d6aaa910068f0f0');
INSERT INTO `base_position_depart` VALUES ('52e4769712644574b510375d2cd67193', '9c2f9ab789634c2ca11456a1f28b3545', 'root', 'ac88ceb386aa4231b09bf472cb937c24');
INSERT INTO `base_position_depart` VALUES ('a3b52b00c9db421dac71a0cf8515292f', 'c5f51dcdb64f4706acb4caa867359721', '8782fcb72842440fa3254bf72717d7b0', '1ec08564dcc344018d6aaa910068f0f0');
INSERT INTO `base_position_depart` VALUES ('a56fa87a91024418bcb9c455eb6dbe4a', 'c5f51dcdb64f4706acb4caa867359721', 'a269b706b0b34ee89dd7e8e08e8514bc', '1ec08564dcc344018d6aaa910068f0f0');
INSERT INTO `base_position_depart` VALUES ('e9e7ae7b39ec4b1095005a1d58a96db0', 'c5f51dcdb64f4706acb4caa867359721', '6cc8e1c706ec4119afbf12bf1da2b9ad', '1ec08564dcc344018d6aaa910068f0f0');
COMMIT;

-- ----------------------------
-- Table structure for base_position_group
-- ----------------------------
DROP TABLE IF EXISTS `base_position_group`;
CREATE TABLE `base_position_group` (
  `id` varchar(36) COLLATE utf8_bin NOT NULL,
  `position_id` varchar(36) COLLATE utf8_bin DEFAULT NULL,
  `group_id` varchar(36) COLLATE utf8_bin DEFAULT NULL,
  `tenant_id` varchar(36) COLLATE utf8_bin DEFAULT NULL,
  PRIMARY KEY (`id`)
) ENGINE=InnoDB DEFAULT CHARSET=utf8 COLLATE=utf8_bin;

-- ----------------------------
-- Records of base_position_group
-- ----------------------------
BEGIN;
INSERT INTO `base_position_group` VALUES ('4eb85c39babc44b5ab3c0dcc569068b2', 'ba87c899a1404f43bb3caa3c072a88cc', '366af0a7fd79453fbe54c0d24917ec4b', '1ec08564dcc344018d6aaa910068f0f0');
INSERT INTO `base_position_group` VALUES ('d020f0f465104f5ca32b1a00a3a81836', 'c5f51dcdb64f4706acb4caa867359721', '366af0a7fd79453fbe54c0d24917ec4b', '1ec08564dcc344018d6aaa910068f0f0');
COMMIT;

-- ----------------------------
-- Table structure for base_position_user
-- ----------------------------
DROP TABLE IF EXISTS `base_position_user`;
CREATE TABLE `base_position_user` (
  `id` varchar(36) COLLATE utf8_bin NOT NULL,
  `position_id` varchar(36) COLLATE utf8_bin DEFAULT NULL,
  `user_id` varchar(36) COLLATE utf8_bin DEFAULT NULL,
  `tenant_id` varchar(36) COLLATE utf8_bin DEFAULT NULL,
  PRIMARY KEY (`id`)
) ENGINE=InnoDB DEFAULT CHARSET=utf8 COLLATE=utf8_bin;

-- ----------------------------
-- Records of base_position_user
-- ----------------------------
BEGIN;
INSERT INTO `base_position_user` VALUES ('30366d57e3914cdeaff3676e5d3e1d61', 'ba87c899a1404f43bb3caa3c072a88cc', '59c28b8593c2472e99e54e3ed9b6efe8', '1ec08564dcc344018d6aaa910068f0f0');
INSERT INTO `base_position_user` VALUES ('c68ef2df78014fa5b8046b1b01c8cced', '9c2f9ab789634c2ca11456a1f28b3545', '1', 'ac88ceb386aa4231b09bf472cb937c24');
COMMIT;

-- ----------------------------
-- Table structure for base_resource_authority
-- ----------------------------
DROP TABLE IF EXISTS `base_resource_authority`;
CREATE TABLE `base_resource_authority` (
  `id` varchar(36) COLLATE utf8_bin NOT NULL,
  `authority_id` varchar(255) COLLATE utf8_bin DEFAULT NULL COMMENT '角色ID',
  `authority_type` varchar(255) COLLATE utf8_bin DEFAULT NULL COMMENT '角色类型',
  `resource_id` varchar(255) COLLATE utf8_bin DEFAULT NULL COMMENT '资源ID',
  `resource_type` varchar(255) COLLATE utf8_bin DEFAULT NULL COMMENT '资源类型',
  `parent_id` varchar(255) COLLATE utf8_bin DEFAULT NULL,
  `path` varchar(2000) COLLATE utf8_bin DEFAULT NULL,
  `description` varchar(255) COLLATE utf8_bin DEFAULT NULL,
  `crt_time` datetime DEFAULT NULL,
  `crt_user` varchar(255) COLLATE utf8_bin DEFAULT NULL,
  `crt_name` varchar(255) COLLATE utf8_bin DEFAULT NULL,
  `crt_host` varchar(255) COLLATE utf8_bin DEFAULT NULL,
  `attr1` varchar(255) COLLATE utf8_bin DEFAULT NULL,
  `attr2` varchar(255) COLLATE utf8_bin DEFAULT NULL,
  `attr3` varchar(255) COLLATE utf8_bin DEFAULT NULL,
  `attr4` varchar(255) COLLATE utf8_bin DEFAULT NULL,
  `attr5` varchar(255) COLLATE utf8_bin DEFAULT NULL,
  `attr6` varchar(255) COLLATE utf8_bin DEFAULT NULL,
  `attr7` varchar(255) COLLATE utf8_bin DEFAULT NULL,
  `attr8` varchar(255) COLLATE utf8_bin DEFAULT NULL,
  `tenant_id` varchar(36) COLLATE utf8_bin DEFAULT NULL COMMENT '租户Id',
  `type` varchar(1) COLLATE utf8_bin DEFAULT NULL COMMENT '类型',
  PRIMARY KEY (`id`)
) ENGINE=InnoDB DEFAULT CHARSET=utf8 COLLATE=utf8_bin ROW_FORMAT=COMPACT;

-- ----------------------------
-- Records of base_resource_authority
-- ----------------------------
BEGIN;
INSERT INTO `base_resource_authority` VALUES ('00c911a324e0498fa8dc8cda500fb2b4', 'b0bfc23bd12f47418044c556405b52ac', 'group', '21', 'button', '-1', NULL, NULL, '2018-03-06 11:34:07', 'a1a2cb17b4f24e50bbde2f1b8a233bcb', '测试租户', NULL, NULL, NULL, NULL, NULL, NULL, NULL, NULL, NULL, '1ec08564dcc344018d6aaa910068f0f0', '0');
INSERT INTO `base_resource_authority` VALUES ('02d52e707b9343988d82e5636781d1ea', '258651cfd4ca41cbaa70d1b233659b5c', 'group', '2b7b250b2b7346759938a05da57d2fcb', 'button', '-1', NULL, NULL, '2019-03-16 08:16:05', '1', '老干爹', NULL, NULL, NULL, NULL, NULL, NULL, NULL, NULL, NULL, 'ac88ceb386aa4231b09bf472cb937c24', '0');
INSERT INTO `base_resource_authority` VALUES ('05cf326f13134c69ac7c06a7efc8aadd', '1d519688c09f42afa579bd6b53048386', 'group', '5', 'menu', '-1', NULL, NULL, '2019-03-15 10:39:12', 'a1a2cb17b4f24e50bbde2f1b8a233bcb', '测试租户', NULL, NULL, NULL, NULL, NULL, NULL, NULL, NULL, NULL, '1ec08564dcc344018d6aaa910068f0f0', '0');
INSERT INTO `base_resource_authority` VALUES ('066227dadc524d10a91fb0ce24a4cd5d', 'b0bfc23bd12f47418044c556405b52ac', 'group', '19', 'button', '-1', NULL, NULL, '2018-03-06 11:34:07', 'a1a2cb17b4f24e50bbde2f1b8a233bcb', '测试租户', NULL, NULL, NULL, NULL, NULL, NULL, NULL, NULL, NULL, '1ec08564dcc344018d6aaa910068f0f0', '0');
INSERT INTO `base_resource_authority` VALUES ('0757704647af4651ab9e19daa52f5cb7', '366af0a7fd79453fbe54c0d24917ec4b', 'group', '1', 'menu', '-1', NULL, NULL, NULL, NULL, NULL, NULL, NULL, NULL, NULL, NULL, NULL, NULL, NULL, NULL, NULL, '0');
INSERT INTO `base_resource_authority` VALUES ('0a7a39d5b2b04ce08f1764cfc479fe68', '258651cfd4ca41cbaa70d1b233659b5c', 'group', '1', 'menu', '-1', NULL, NULL, '2020-01-30 23:31:08', '3a581002bb5148f9b00173c4d3d58ade', '超级管理员', NULL, NULL, NULL, NULL, NULL, NULL, NULL, NULL, NULL, 'ac88ceb386aa4231b09bf472cb937c24', '0');
INSERT INTO `base_resource_authority` VALUES ('0c9ed5b75eff4e0da05ca80e47d88ad3', '258651cfd4ca41cbaa70d1b233659b5c', 'group', '7a16202657c3478c8b4ece27a792e026', 'button', '-1', NULL, NULL, NULL, NULL, NULL, NULL, NULL, NULL, NULL, NULL, NULL, NULL, NULL, NULL, NULL, '0');
INSERT INTO `base_resource_authority` VALUES ('0e35f3f47d07402daa82c13e4bd1eeea', '258651cfd4ca41cbaa70d1b233659b5c', 'group', '57', 'button', '-1', NULL, NULL, NULL, NULL, NULL, NULL, NULL, NULL, NULL, NULL, NULL, NULL, NULL, NULL, NULL, '1');
INSERT INTO `base_resource_authority` VALUES ('0f12339e626446d8a2893c0c66e545aa', '1d519688c09f42afa579bd6b53048386', 'group', '1', 'menu', '-1', NULL, NULL, '2019-03-15 10:39:12', 'a1a2cb17b4f24e50bbde2f1b8a233bcb', '测试租户', NULL, NULL, NULL, NULL, NULL, NULL, NULL, NULL, NULL, '1ec08564dcc344018d6aaa910068f0f0', '0');
INSERT INTO `base_resource_authority` VALUES ('130519d2929b4b73bb6cd22fa403df8c', '258651cfd4ca41cbaa70d1b233659b5c', 'group', '378b8d580ef84daf8c08863512e1d3d3', 'menu', '-1', NULL, NULL, '2020-01-30 23:31:08', '3a581002bb5148f9b00173c4d3d58ade', '超级管理员', NULL, NULL, NULL, NULL, NULL, NULL, NULL, NULL, NULL, 'ac88ceb386aa4231b09bf472cb937c24', '0');
INSERT INTO `base_resource_authority` VALUES ('13315a1c9ad54e9784fbf1360f3ea362', '258651cfd4ca41cbaa70d1b233659b5c', 'group', '4ee4f57a2d92494abe2595bff4f32057', 'button', '-1', NULL, NULL, NULL, NULL, NULL, NULL, NULL, NULL, NULL, NULL, NULL, NULL, NULL, NULL, NULL, '1');
INSERT INTO `base_resource_authority` VALUES ('14f06ad3b57a43cc8abddc2f87c99d47', '258651cfd4ca41cbaa70d1b233659b5c', 'group', '42', 'button', '-1', NULL, NULL, '2020-01-30 23:31:05', '3a581002bb5148f9b00173c4d3d58ade', '超级管理员', NULL, NULL, NULL, NULL, NULL, NULL, NULL, NULL, NULL, 'ac88ceb386aa4231b09bf472cb937c24', '0');
INSERT INTO `base_resource_authority` VALUES ('1662439e1a8240eda910462c9f709827', '258651cfd4ca41cbaa70d1b233659b5c', 'group', '21', 'menu', '-1', NULL, NULL, '2020-01-30 23:31:09', '3a581002bb5148f9b00173c4d3d58ade', '超级管理员', NULL, NULL, NULL, NULL, NULL, NULL, NULL, NULL, NULL, 'ac88ceb386aa4231b09bf472cb937c24', '0');
INSERT INTO `base_resource_authority` VALUES ('1875fc5e5e14457fa45a3c713289f680', '1d519688c09f42afa579bd6b53048386', 'group', 'c6469be83d8e4d5ca404b46b347f7d4c', 'button', '-1', NULL, NULL, '2019-03-15 10:39:00', 'a1a2cb17b4f24e50bbde2f1b8a233bcb', '测试租户', NULL, NULL, NULL, NULL, NULL, NULL, NULL, NULL, NULL, '1ec08564dcc344018d6aaa910068f0f0', '0');
INSERT INTO `base_resource_authority` VALUES ('1b31971f38e545629c656d64d9d2d0cd', '258651cfd4ca41cbaa70d1b233659b5c', 'group', '56', 'button', '-1', NULL, NULL, NULL, NULL, NULL, NULL, NULL, NULL, NULL, NULL, NULL, NULL, NULL, NULL, NULL, '0');
INSERT INTO `base_resource_authority` VALUES ('1bc5bdb1d6b14237b44afb206e575bcc', '-1', 'group', '-1', 'menu', '-1', NULL, NULL, '2018-03-06 09:57:13', 'a1a2cb17b4f24e50bbde2f1b8a233bcb', '测试租户', NULL, NULL, NULL, NULL, NULL, NULL, NULL, NULL, NULL, '1ec08564dcc344018d6aaa910068f0f0', '1');
INSERT INTO `base_resource_authority` VALUES ('1c5d719bbdbf47baa6df465bf44aa3ea', 'b0bfc23bd12f47418044c556405b52ac', 'group', '4ee4f57a2d92494abe2595bff4f32057', 'button', '-1', NULL, NULL, '2018-03-06 11:34:07', 'a1a2cb17b4f24e50bbde2f1b8a233bcb', '测试租户', NULL, NULL, NULL, NULL, NULL, NULL, NULL, NULL, NULL, '1ec08564dcc344018d6aaa910068f0f0', '0');
INSERT INTO `base_resource_authority` VALUES ('1e6b16eb434841f082635507d9c79b76', '1d519688c09f42afa579bd6b53048386', 'group', '3', 'button', '-1', NULL, NULL, '2019-03-15 10:38:56', 'a1a2cb17b4f24e50bbde2f1b8a233bcb', '测试租户', NULL, NULL, NULL, NULL, NULL, NULL, NULL, NULL, NULL, '1ec08564dcc344018d6aaa910068f0f0', '0');
INSERT INTO `base_resource_authority` VALUES ('1f7e43d004004e5493b6c5e66c517536', '258651cfd4ca41cbaa70d1b233659b5c', 'group', 'cac49646909c4750b23f223f53eafc5b', 'button', '-1', NULL, NULL, NULL, NULL, NULL, NULL, NULL, NULL, NULL, NULL, NULL, NULL, NULL, NULL, NULL, '1');
INSERT INTO `base_resource_authority` VALUES ('20643a004e8c4751a980649485989499', '258651cfd4ca41cbaa70d1b233659b5c', 'group', '21b3fe683a6040ed8c57423e55cd94a2', 'button', '-1', NULL, NULL, NULL, NULL, NULL, NULL, NULL, NULL, NULL, NULL, NULL, NULL, NULL, NULL, NULL, '1');
INSERT INTO `base_resource_authority` VALUES ('210d706e1ae545219e72b7e0cb056af8', '1d519688c09f42afa579bd6b53048386', 'group', '375b04fe927c44e88593d02670acd90f', 'button', '-1', NULL, NULL, '2019-03-15 10:39:08', 'a1a2cb17b4f24e50bbde2f1b8a233bcb', '测试租户', NULL, NULL, NULL, NULL, NULL, NULL, NULL, NULL, NULL, '1ec08564dcc344018d6aaa910068f0f0', '0');
INSERT INTO `base_resource_authority` VALUES ('21341cc7429446bcb7a4eb39a16fb05f', 'b0bfc23bd12f47418044c556405b52ac', 'group', '1', 'menu', '-1', NULL, NULL, '2018-03-06 08:31:38', 'a1a2cb17b4f24e50bbde2f1b8a233bcb', '测试租户', NULL, NULL, NULL, NULL, NULL, NULL, NULL, NULL, NULL, '1ec08564dcc344018d6aaa910068f0f0', '0');
INSERT INTO `base_resource_authority` VALUES ('25c85684ec83485db4fc2db8300e5879', '258651cfd4ca41cbaa70d1b233659b5c', 'group', '103593127199487794f9fd8fd573db5f', 'button', '-1', NULL, NULL, NULL, NULL, NULL, NULL, NULL, NULL, NULL, NULL, NULL, NULL, NULL, NULL, NULL, '0');
INSERT INTO `base_resource_authority` VALUES ('272e18cba13a4b81aa2d7ef8dc0b550e', '-1', 'group', '-1', 'menu', '-1', NULL, NULL, '2018-03-06 09:56:51', 'a1a2cb17b4f24e50bbde2f1b8a233bcb', '测试租户', NULL, NULL, NULL, NULL, NULL, NULL, NULL, NULL, NULL, '1ec08564dcc344018d6aaa910068f0f0', '0');
INSERT INTO `base_resource_authority` VALUES ('29c127f85ceb49f89124240eb034760a', '258651cfd4ca41cbaa70d1b233659b5c', 'group', 'c6469be83d8e4d5ca404b46b347f7d4c', 'button', '-1', NULL, NULL, NULL, NULL, NULL, NULL, NULL, NULL, NULL, NULL, NULL, NULL, NULL, NULL, NULL, '0');
INSERT INTO `base_resource_authority` VALUES ('2a39bd04c0fd4b7292b8558e10eb25a0', 'b0bfc23bd12f47418044c556405b52ac', 'group', '18', 'button', '-1', NULL, NULL, '2018-03-06 11:34:07', 'a1a2cb17b4f24e50bbde2f1b8a233bcb', '测试租户', NULL, NULL, NULL, NULL, NULL, NULL, NULL, NULL, NULL, '1ec08564dcc344018d6aaa910068f0f0', '0');
INSERT INTO `base_resource_authority` VALUES ('2a725b10fb194bc2a89be2da0cc49c7e', '258651cfd4ca41cbaa70d1b233659b5c', 'group', 'd9e45bcb11574d8a9495580435a4b28d', 'menu', '-1', NULL, NULL, '2020-01-30 23:31:08', '3a581002bb5148f9b00173c4d3d58ade', '超级管理员', NULL, NULL, NULL, NULL, NULL, NULL, NULL, NULL, NULL, 'ac88ceb386aa4231b09bf472cb937c24', '0');
INSERT INTO `base_resource_authority` VALUES ('2aab60c9003742019582cd8f9376eb3e', 'a38aa1d3913742ec86370a17b2ed0507', 'group', '3', 'button', '-1', NULL, NULL, '2018-03-06 11:31:10', 'a1a2cb17b4f24e50bbde2f1b8a233bcb', '测试租户', NULL, NULL, NULL, NULL, NULL, NULL, NULL, NULL, NULL, '1ec08564dcc344018d6aaa910068f0f0', '0');
INSERT INTO `base_resource_authority` VALUES ('2cd99b14f5624847ba010b91c831163e', '258651cfd4ca41cbaa70d1b233659b5c', 'group', '45', 'button', '-1', NULL, NULL, '2020-01-30 23:31:05', '3a581002bb5148f9b00173c4d3d58ade', '超级管理员', NULL, NULL, NULL, NULL, NULL, NULL, NULL, NULL, NULL, 'ac88ceb386aa4231b09bf472cb937c24', '0');
INSERT INTO `base_resource_authority` VALUES ('2f643a3c464146d2b4796f405f87a049', '366af0a7fd79453fbe54c0d24917ec4b', 'group', 'b5211cc69d234b28a97f27e63edc9a58', 'menu', '-1', NULL, NULL, NULL, NULL, NULL, NULL, NULL, NULL, NULL, NULL, NULL, NULL, NULL, NULL, NULL, '0');
INSERT INTO `base_resource_authority` VALUES ('31263c0e45d843bbb2d3c27136c4920c', '258651cfd4ca41cbaa70d1b233659b5c', 'group', '22', 'button', '-1', NULL, NULL, NULL, NULL, NULL, NULL, NULL, NULL, NULL, NULL, NULL, NULL, NULL, NULL, NULL, '1');
INSERT INTO `base_resource_authority` VALUES ('3126e984c0f14e45ae0047257ab4b28b', '258651cfd4ca41cbaa70d1b233659b5c', 'group', '30', 'menu', '-1', NULL, NULL, '2020-01-30 23:31:09', '3a581002bb5148f9b00173c4d3d58ade', '超级管理员', NULL, NULL, NULL, NULL, NULL, NULL, NULL, NULL, NULL, 'ac88ceb386aa4231b09bf472cb937c24', '0');
INSERT INTO `base_resource_authority` VALUES ('321fab394cb3402e910f7d6063eb7722', '258651cfd4ca41cbaa70d1b233659b5c', 'group', '7', 'menu', '-1', NULL, NULL, '2019-07-06 23:36:47', '3a581002bb5148f9b00173c4d3d58ade', '超级管理员', NULL, NULL, NULL, NULL, NULL, NULL, NULL, NULL, NULL, 'ac88ceb386aa4231b09bf472cb937c24', '1');
INSERT INTO `base_resource_authority` VALUES ('3421b7806bf049309762b3e5ef30d52c', '258651cfd4ca41cbaa70d1b233659b5c', 'group', '19', 'button', '-1', NULL, NULL, NULL, NULL, NULL, NULL, NULL, NULL, NULL, NULL, NULL, NULL, NULL, NULL, NULL, '1');
INSERT INTO `base_resource_authority` VALUES ('349ae50eded647a0be4073e3a1c3248b', 'b0bfc23bd12f47418044c556405b52ac', 'group', '13', 'menu', '-1', NULL, NULL, '2018-03-06 08:31:38', 'a1a2cb17b4f24e50bbde2f1b8a233bcb', '测试租户', NULL, NULL, NULL, NULL, NULL, NULL, NULL, NULL, NULL, '1ec08564dcc344018d6aaa910068f0f0', '0');
INSERT INTO `base_resource_authority` VALUES ('34a29318dd3346389d9035247acce2d3', '258651cfd4ca41cbaa70d1b233659b5c', 'group', '8', 'menu', '-1', NULL, NULL, '2020-01-30 23:31:09', '3a581002bb5148f9b00173c4d3d58ade', '超级管理员', NULL, NULL, NULL, NULL, NULL, NULL, NULL, NULL, NULL, 'ac88ceb386aa4231b09bf472cb937c24', '0');
INSERT INTO `base_resource_authority` VALUES ('35e79f43a44a430dba65fd0a0cfa6691', '258651cfd4ca41cbaa70d1b233659b5c', 'group', '41', 'button', '-1', NULL, NULL, NULL, NULL, NULL, NULL, NULL, NULL, NULL, NULL, NULL, NULL, NULL, NULL, NULL, '0');
INSERT INTO `base_resource_authority` VALUES ('37be16768b2a487a87743bbae763b19e', '-1', 'group', '1', 'menu', '-1', NULL, NULL, '2018-03-06 09:56:51', 'a1a2cb17b4f24e50bbde2f1b8a233bcb', '测试租户', NULL, NULL, NULL, NULL, NULL, NULL, NULL, NULL, NULL, '1ec08564dcc344018d6aaa910068f0f0', '0');
INSERT INTO `base_resource_authority` VALUES ('39f13fa20cf94be4912594d306e9876f', '258651cfd4ca41cbaa70d1b233659b5c', 'group', 'b5211cc69d234b28a97f27e63edc9a58', 'menu', '-1', NULL, NULL, '2019-07-06 23:36:47', '3a581002bb5148f9b00173c4d3d58ade', '超级管理员', NULL, NULL, NULL, NULL, NULL, NULL, NULL, NULL, NULL, 'ac88ceb386aa4231b09bf472cb937c24', '1');
INSERT INTO `base_resource_authority` VALUES ('3ad89a3bf7244c6f915eb0039eaf5fdb', 'b0bfc23bd12f47418044c556405b52ac', 'group', '28', 'button', '-1', NULL, NULL, '2018-03-06 11:34:07', 'a1a2cb17b4f24e50bbde2f1b8a233bcb', '测试租户', NULL, NULL, NULL, NULL, NULL, NULL, NULL, NULL, NULL, '1ec08564dcc344018d6aaa910068f0f0', '0');
INSERT INTO `base_resource_authority` VALUES ('3bbdb96360574161a45dcee20e693e09', '258651cfd4ca41cbaa70d1b233659b5c', 'group', '9', 'button', '-1', NULL, NULL, '2019-03-16 08:16:09', '1', '老干爹', NULL, NULL, NULL, NULL, NULL, NULL, NULL, NULL, NULL, 'ac88ceb386aa4231b09bf472cb937c24', '0');
INSERT INTO `base_resource_authority` VALUES ('3e7dfb6d37d846d697bdd3ec1a32eb94', '258651cfd4ca41cbaa70d1b233659b5c', 'group', '56', 'button', '-1', NULL, NULL, NULL, NULL, NULL, NULL, NULL, NULL, NULL, NULL, NULL, NULL, NULL, NULL, NULL, '1');
INSERT INTO `base_resource_authority` VALUES ('3f04968f7db74eacaa3e7aa404fba63e', '258651cfd4ca41cbaa70d1b233659b5c', 'group', '7', 'menu', '-1', NULL, NULL, '2020-01-30 23:31:08', '3a581002bb5148f9b00173c4d3d58ade', '超级管理员', NULL, NULL, NULL, NULL, NULL, NULL, NULL, NULL, NULL, 'ac88ceb386aa4231b09bf472cb937c24', '0');
INSERT INTO `base_resource_authority` VALUES ('3f306f8e4f6c407c83216883dc59b7f2', '258651cfd4ca41cbaa70d1b233659b5c', 'group', '103593127199487794f9fd8fd573db5f', 'button', '-1', NULL, NULL, NULL, NULL, NULL, NULL, NULL, NULL, NULL, NULL, NULL, NULL, NULL, NULL, NULL, '1');
INSERT INTO `base_resource_authority` VALUES ('446ceeffea9a4a8585e8092fdd32f532', '258651cfd4ca41cbaa70d1b233659b5c', 'group', '68ee45b69c0f41cb9d6a5c33d46fb8a6', 'menu', '-1', NULL, NULL, '2020-01-30 23:31:09', '3a581002bb5148f9b00173c4d3d58ade', '超级管理员', NULL, NULL, NULL, NULL, NULL, NULL, NULL, NULL, NULL, 'ac88ceb386aa4231b09bf472cb937c24', '0');
INSERT INTO `base_resource_authority` VALUES ('44f741cd70054da79d0903f4bfdf35b9', '258651cfd4ca41cbaa70d1b233659b5c', 'group', '1', 'menu', '-1', NULL, NULL, '2019-07-06 23:36:47', '3a581002bb5148f9b00173c4d3d58ade', '超级管理员', NULL, NULL, NULL, NULL, NULL, NULL, NULL, NULL, NULL, 'ac88ceb386aa4231b09bf472cb937c24', '1');
INSERT INTO `base_resource_authority` VALUES ('47ab71ac1ea74459b5e8caf316943ee9', '1d519688c09f42afa579bd6b53048386', 'group', '57', 'button', '-1', NULL, NULL, '2019-03-15 10:39:00', 'a1a2cb17b4f24e50bbde2f1b8a233bcb', '测试租户', NULL, NULL, NULL, NULL, NULL, NULL, NULL, NULL, NULL, '1ec08564dcc344018d6aaa910068f0f0', '0');
INSERT INTO `base_resource_authority` VALUES ('47f9ff8a96044385b4a481bc0bf8c461', '258651cfd4ca41cbaa70d1b233659b5c', 'group', '375b04fe927c44e88593d02670acd90f', 'button', '-1', NULL, NULL, '2019-03-15 10:12:42', '1', '老干爹', NULL, NULL, NULL, NULL, NULL, NULL, NULL, NULL, NULL, 'ac88ceb386aa4231b09bf472cb937c24', '0');
INSERT INTO `base_resource_authority` VALUES ('486d95c66505416898fea812f956400f', 'b0bfc23bd12f47418044c556405b52ac', 'group', '7', 'menu', '-1', NULL, NULL, '2018-03-06 08:31:38', 'a1a2cb17b4f24e50bbde2f1b8a233bcb', '测试租户', NULL, NULL, NULL, NULL, NULL, NULL, NULL, NULL, NULL, '1ec08564dcc344018d6aaa910068f0f0', '0');
INSERT INTO `base_resource_authority` VALUES ('499076001c664d6295be650251d2f3b1', '1d519688c09f42afa579bd6b53048386', 'group', '23', 'button', '-1', NULL, NULL, '2019-03-15 10:38:56', 'a1a2cb17b4f24e50bbde2f1b8a233bcb', '测试租户', NULL, NULL, NULL, NULL, NULL, NULL, NULL, NULL, NULL, '1ec08564dcc344018d6aaa910068f0f0', '0');
INSERT INTO `base_resource_authority` VALUES ('49a3265dd1c14af8a12a368c0ea7504f', '258651cfd4ca41cbaa70d1b233659b5c', 'group', '19', 'button', '-1', NULL, NULL, '2019-03-15 10:12:42', '1', '老干爹', NULL, NULL, NULL, NULL, NULL, NULL, NULL, NULL, NULL, 'ac88ceb386aa4231b09bf472cb937c24', '0');
INSERT INTO `base_resource_authority` VALUES ('4d0dd303e3bb44b094b125765f200a6e', '258651cfd4ca41cbaa70d1b233659b5c', 'group', '27', 'button', '-1', NULL, NULL, '2019-03-16 08:16:09', '1', '老干爹', NULL, NULL, NULL, NULL, NULL, NULL, NULL, NULL, NULL, 'ac88ceb386aa4231b09bf472cb937c24', '0');
INSERT INTO `base_resource_authority` VALUES ('4f144c816618461c824f5936e8f53cd8', '258651cfd4ca41cbaa70d1b233659b5c', 'group', '3', 'button', '-1', NULL, NULL, NULL, NULL, NULL, NULL, NULL, NULL, NULL, NULL, NULL, NULL, NULL, NULL, NULL, '1');
INSERT INTO `base_resource_authority` VALUES ('50db598ecf83481faad29f517163449f', '1d519688c09f42afa579bd6b53048386', 'group', '28', 'button', '-1', NULL, NULL, '2019-03-15 10:39:08', 'a1a2cb17b4f24e50bbde2f1b8a233bcb', '测试租户', NULL, NULL, NULL, NULL, NULL, NULL, NULL, NULL, NULL, '1ec08564dcc344018d6aaa910068f0f0', '0');
INSERT INTO `base_resource_authority` VALUES ('53c2169d2af24c189c84b7b1aaae1c7f', '258651cfd4ca41cbaa70d1b233659b5c', 'group', '34f716f92421411b8a52e61e596aa740', 'menu', '-1', NULL, NULL, '2020-01-30 23:31:08', '3a581002bb5148f9b00173c4d3d58ade', '超级管理员', NULL, NULL, NULL, NULL, NULL, NULL, NULL, NULL, NULL, 'ac88ceb386aa4231b09bf472cb937c24', '0');
INSERT INTO `base_resource_authority` VALUES ('5d3d3f8b197d40fb946ece6f78222d1a', '1d519688c09f42afa579bd6b53048386', 'group', '56', 'button', '-1', NULL, NULL, '2019-03-15 10:39:00', 'a1a2cb17b4f24e50bbde2f1b8a233bcb', '测试租户', NULL, NULL, NULL, NULL, NULL, NULL, NULL, NULL, NULL, '1ec08564dcc344018d6aaa910068f0f0', '0');
INSERT INTO `base_resource_authority` VALUES ('5d54c0865fcd431e88d9e29503989eeb', '1d519688c09f42afa579bd6b53048386', 'group', 'cac49646909c4750b23f223f53eafc5b', 'button', '-1', NULL, NULL, '2019-03-15 10:39:00', 'a1a2cb17b4f24e50bbde2f1b8a233bcb', '测试租户', NULL, NULL, NULL, NULL, NULL, NULL, NULL, NULL, NULL, '1ec08564dcc344018d6aaa910068f0f0', '0');
INSERT INTO `base_resource_authority` VALUES ('5f7be9ff9a7b49c8ac5a809d6696f5cd', 'a38aa1d3913742ec86370a17b2ed0507', 'group', '5', 'button', '-1', NULL, NULL, '2018-03-06 11:30:50', 'a1a2cb17b4f24e50bbde2f1b8a233bcb', '测试租户', NULL, NULL, NULL, NULL, NULL, NULL, NULL, NULL, NULL, '1ec08564dcc344018d6aaa910068f0f0', '0');
INSERT INTO `base_resource_authority` VALUES ('6027aa841e104c9a9ce3eefa176d2881', 'b0bfc23bd12f47418044c556405b52ac', 'group', '6', 'menu', '-1', NULL, NULL, '2018-03-06 08:31:38', 'a1a2cb17b4f24e50bbde2f1b8a233bcb', '测试租户', NULL, NULL, NULL, NULL, NULL, NULL, NULL, NULL, NULL, '1ec08564dcc344018d6aaa910068f0f0', '0');
INSERT INTO `base_resource_authority` VALUES ('64587eea883f4a188af1637f1773863d', 'b0bfc23bd12f47418044c556405b52ac', 'group', '3', 'button', '-1', NULL, NULL, '2018-03-06 08:30:41', 'a1a2cb17b4f24e50bbde2f1b8a233bcb', '测试租户', NULL, NULL, NULL, NULL, NULL, NULL, NULL, NULL, NULL, '1ec08564dcc344018d6aaa910068f0f0', '0');
INSERT INTO `base_resource_authority` VALUES ('6462a77688ad42e1b27b67c0405a5e63', '-1', 'group', '5', 'menu', '-1', NULL, NULL, '2018-03-06 09:57:13', 'a1a2cb17b4f24e50bbde2f1b8a233bcb', '测试租户', NULL, NULL, NULL, NULL, NULL, NULL, NULL, NULL, NULL, '1ec08564dcc344018d6aaa910068f0f0', '1');
INSERT INTO `base_resource_authority` VALUES ('69388de8e28c4f6f9d0d8186edc18c38', '258651cfd4ca41cbaa70d1b233659b5c', 'group', '103593127199487794f9fd8fd573db5f', 'button', '-1', NULL, NULL, NULL, NULL, NULL, NULL, NULL, NULL, NULL, NULL, NULL, NULL, NULL, NULL, NULL, '0');
INSERT INTO `base_resource_authority` VALUES ('6969f9f5b4b24e96be9793971d85dd91', '366af0a7fd79453fbe54c0d24917ec4b', 'group', '23', 'button', '-1', NULL, NULL, NULL, NULL, NULL, NULL, NULL, NULL, NULL, NULL, NULL, NULL, NULL, NULL, NULL, '0');
INSERT INTO `base_resource_authority` VALUES ('69cb12c792634d7f9f8baa70efe48232', '258651cfd4ca41cbaa70d1b233659b5c', 'group', '41', 'button', '-1', NULL, NULL, '2019-03-15 10:11:32', '1', '老干爹', NULL, NULL, NULL, NULL, NULL, NULL, NULL, NULL, NULL, 'ac88ceb386aa4231b09bf472cb937c24', '1');
INSERT INTO `base_resource_authority` VALUES ('6ac9a24b50d64e44a5a7196d8a2b46a1', '258651cfd4ca41cbaa70d1b233659b5c', 'group', 'b5211cc69d234b28a97f27e63edc9a58', 'menu', '-1', NULL, NULL, '2020-01-30 23:31:07', '3a581002bb5148f9b00173c4d3d58ade', '超级管理员', NULL, NULL, NULL, NULL, NULL, NULL, NULL, NULL, NULL, 'ac88ceb386aa4231b09bf472cb937c24', '0');
INSERT INTO `base_resource_authority` VALUES ('6b6114349f8d4395a03ab769a299ea43', '258651cfd4ca41cbaa70d1b233659b5c', 'group', '28', 'button', '-1', NULL, NULL, NULL, NULL, NULL, NULL, NULL, NULL, NULL, NULL, NULL, NULL, NULL, NULL, NULL, '1');
INSERT INTO `base_resource_authority` VALUES ('6d11f1cacaa541099dc01b70dcc8a94d', '1d519688c09f42afa579bd6b53048386', 'group', 'b5211cc69d234b28a97f27e63edc9a58', 'menu', '-1', NULL, NULL, '2019-03-15 10:39:12', 'a1a2cb17b4f24e50bbde2f1b8a233bcb', '测试租户', NULL, NULL, NULL, NULL, NULL, NULL, NULL, NULL, NULL, '1ec08564dcc344018d6aaa910068f0f0', '0');
INSERT INTO `base_resource_authority` VALUES ('6d632444ab284ee68f5ad4969c7f0e61', '258651cfd4ca41cbaa70d1b233659b5c', 'group', '27', 'menu', '-1', NULL, NULL, '2020-01-30 23:31:08', '3a581002bb5148f9b00173c4d3d58ade', '超级管理员', NULL, NULL, NULL, NULL, NULL, NULL, NULL, NULL, NULL, 'ac88ceb386aa4231b09bf472cb937c24', '0');
INSERT INTO `base_resource_authority` VALUES ('6d6f8b0c827d466b814ba39d4a5a8ccf', '366af0a7fd79453fbe54c0d24917ec4b', 'group', '7a0a75752c7d422abd2e30b7aad744d7', 'menu', '-1', NULL, NULL, NULL, NULL, NULL, NULL, NULL, NULL, NULL, NULL, NULL, NULL, NULL, NULL, NULL, '0');
INSERT INTO `base_resource_authority` VALUES ('6fd8894851d140e09b6762077951f674', 'b0bfc23bd12f47418044c556405b52ac', 'group', '17', 'button', '-1', NULL, NULL, '2018-03-06 11:34:07', 'a1a2cb17b4f24e50bbde2f1b8a233bcb', '测试租户', NULL, NULL, NULL, NULL, NULL, NULL, NULL, NULL, NULL, '1ec08564dcc344018d6aaa910068f0f0', '0');
INSERT INTO `base_resource_authority` VALUES ('70345def316a4721a95beb6266c4e621', '258651cfd4ca41cbaa70d1b233659b5c', 'group', '20', 'button', '-1', NULL, NULL, NULL, NULL, NULL, NULL, NULL, NULL, NULL, NULL, NULL, NULL, NULL, NULL, NULL, '1');
INSERT INTO `base_resource_authority` VALUES ('714ed72bf4794c05a7bee6b7156b2450', 'b0bfc23bd12f47418044c556405b52ac', 'group', '375b04fe927c44e88593d02670acd90f', 'button', '-1', NULL, NULL, '2018-03-06 11:34:07', 'a1a2cb17b4f24e50bbde2f1b8a233bcb', '测试租户', NULL, NULL, NULL, NULL, NULL, NULL, NULL, NULL, NULL, '1ec08564dcc344018d6aaa910068f0f0', '0');
INSERT INTO `base_resource_authority` VALUES ('7538845fffa144a09b5cc804eea7fa74', '366af0a7fd79453fbe54c0d24917ec4b', 'group', '-1', 'menu', '-1', NULL, NULL, NULL, NULL, NULL, NULL, NULL, NULL, NULL, NULL, NULL, NULL, NULL, NULL, NULL, '0');
INSERT INTO `base_resource_authority` VALUES ('765d458acb0c4b5cbb9afafa6ebab24c', '258651cfd4ca41cbaa70d1b233659b5c', 'group', '7a16202657c3478c8b4ece27a792e026', 'button', '-1', NULL, NULL, NULL, NULL, NULL, NULL, NULL, NULL, NULL, NULL, NULL, NULL, NULL, NULL, NULL, '1');
INSERT INTO `base_resource_authority` VALUES ('770fa244d35b4892ae5588b63d0b864c', '1d519688c09f42afa579bd6b53048386', 'group', '7a16202657c3478c8b4ece27a792e026', 'button', '-1', NULL, NULL, '2019-03-15 10:39:00', 'a1a2cb17b4f24e50bbde2f1b8a233bcb', '测试租户', NULL, NULL, NULL, NULL, NULL, NULL, NULL, NULL, NULL, '1ec08564dcc344018d6aaa910068f0f0', '0');
INSERT INTO `base_resource_authority` VALUES ('776967e442d44f23895050d2a86fc8d3', 'b0bfc23bd12f47418044c556405b52ac', 'group', '4', 'button', '-1', NULL, NULL, '2018-03-06 08:30:44', 'a1a2cb17b4f24e50bbde2f1b8a233bcb', '测试租户', NULL, NULL, NULL, NULL, NULL, NULL, NULL, NULL, NULL, '1ec08564dcc344018d6aaa910068f0f0', '0');
INSERT INTO `base_resource_authority` VALUES ('778f0ef020b147a3bde2b493a9c6965e', '1d519688c09f42afa579bd6b53048386', 'group', '8b5ff030c76341059a335e0653fef5ea', 'button', '-1', NULL, NULL, '2019-03-15 10:39:00', 'a1a2cb17b4f24e50bbde2f1b8a233bcb', '测试租户', NULL, NULL, NULL, NULL, NULL, NULL, NULL, NULL, NULL, '1ec08564dcc344018d6aaa910068f0f0', '0');
INSERT INTO `base_resource_authority` VALUES ('7925a385408a4a21a99182268a9fe1ae', '258651cfd4ca41cbaa70d1b233659b5c', 'group', '57', 'button', '-1', NULL, NULL, NULL, NULL, NULL, NULL, NULL, NULL, NULL, NULL, NULL, NULL, NULL, NULL, NULL, '0');
INSERT INTO `base_resource_authority` VALUES ('7952df93eca94d5e874e01b3da9df566', '1d519688c09f42afa579bd6b53048386', 'group', '21', 'button', '-1', NULL, NULL, '2019-03-15 10:39:08', 'a1a2cb17b4f24e50bbde2f1b8a233bcb', '测试租户', NULL, NULL, NULL, NULL, NULL, NULL, NULL, NULL, NULL, '1ec08564dcc344018d6aaa910068f0f0', '0');
INSERT INTO `base_resource_authority` VALUES ('7a893f28d94f40e1aae53cdaac3e9479', '258651cfd4ca41cbaa70d1b233659b5c', 'group', '47', 'button', '-1', NULL, NULL, '2020-01-30 23:31:05', '3a581002bb5148f9b00173c4d3d58ade', '超级管理员', NULL, NULL, NULL, NULL, NULL, NULL, NULL, NULL, NULL, 'ac88ceb386aa4231b09bf472cb937c24', '0');
INSERT INTO `base_resource_authority` VALUES ('7b154fa37a8e4b7baa4f04ed1ae527e6', '258651cfd4ca41cbaa70d1b233659b5c', 'group', '9eb99c652a9543fca5550e6b22f15974', 'button', '-1', NULL, NULL, '2019-03-30 20:12:34', '3a581002bb5148f9b00173c4d3d58ade', '超级管理员', NULL, NULL, NULL, NULL, NULL, NULL, NULL, NULL, NULL, 'ac88ceb386aa4231b09bf472cb937c24', '0');
INSERT INTO `base_resource_authority` VALUES ('7c003b6e83234350a9e3a1a37e77be12', '258651cfd4ca41cbaa70d1b233659b5c', 'group', '20', 'button', '-1', NULL, NULL, '2019-07-07 00:45:00', '3a581002bb5148f9b00173c4d3d58ade', '超级管理员', NULL, NULL, NULL, NULL, NULL, NULL, NULL, NULL, NULL, 'ac88ceb386aa4231b09bf472cb937c24', '0');
INSERT INTO `base_resource_authority` VALUES ('7d1d9117bbe049358633a4c94b75f02b', '258651cfd4ca41cbaa70d1b233659b5c', 'group', '24', 'button', '-1', NULL, NULL, '2019-03-16 08:16:09', '1', '老干爹', NULL, NULL, NULL, NULL, NULL, NULL, NULL, NULL, NULL, 'ac88ceb386aa4231b09bf472cb937c24', '0');
INSERT INTO `base_resource_authority` VALUES ('7d4cfabe79ba47d3b5d2946ce71309db', '1d519688c09f42afa579bd6b53048386', 'group', '20', 'button', '-1', NULL, NULL, '2019-03-15 10:39:08', 'a1a2cb17b4f24e50bbde2f1b8a233bcb', '测试租户', NULL, NULL, NULL, NULL, NULL, NULL, NULL, NULL, NULL, '1ec08564dcc344018d6aaa910068f0f0', '0');
INSERT INTO `base_resource_authority` VALUES ('7f4938bf77084207a2c349d20cc9d826', '258651cfd4ca41cbaa70d1b233659b5c', 'group', 'cac49646909c4750b23f223f53eafc5b', 'button', '-1', NULL, NULL, NULL, NULL, NULL, NULL, NULL, NULL, NULL, NULL, NULL, NULL, NULL, NULL, NULL, '0');
INSERT INTO `base_resource_authority` VALUES ('812951296d934bb0a5c30f18867b56b0', '1d519688c09f42afa579bd6b53048386', 'group', '41', 'button', '-1', NULL, NULL, '2019-03-15 10:39:11', 'a1a2cb17b4f24e50bbde2f1b8a233bcb', '测试租户', NULL, NULL, NULL, NULL, NULL, NULL, NULL, NULL, NULL, '1ec08564dcc344018d6aaa910068f0f0', '0');
INSERT INTO `base_resource_authority` VALUES ('8366fb11f76646c595027278129a147c', 'b0bfc23bd12f47418044c556405b52ac', 'group', '-1', 'menu', '-1', NULL, NULL, '2018-03-06 08:31:38', 'a1a2cb17b4f24e50bbde2f1b8a233bcb', '测试租户', NULL, NULL, NULL, NULL, NULL, NULL, NULL, NULL, NULL, '1ec08564dcc344018d6aaa910068f0f0', '0');
INSERT INTO `base_resource_authority` VALUES ('851abc264ac84b568fedc7d38db08eed', '258651cfd4ca41cbaa70d1b233659b5c', 'group', '21', 'button', '-1', NULL, NULL, NULL, NULL, NULL, NULL, NULL, NULL, NULL, NULL, NULL, NULL, NULL, NULL, NULL, '1');
INSERT INTO `base_resource_authority` VALUES ('861039f0330349b1a76ae142bd010d28', 'b0bfc23bd12f47418044c556405b52ac', 'group', '3', 'button', '-1', NULL, NULL, '2018-03-06 08:30:44', 'a1a2cb17b4f24e50bbde2f1b8a233bcb', '测试租户', NULL, NULL, NULL, NULL, NULL, NULL, NULL, NULL, NULL, '1ec08564dcc344018d6aaa910068f0f0', '0');
INSERT INTO `base_resource_authority` VALUES ('87ea899c21a74604a51119793d7256b5', '1d519688c09f42afa579bd6b53048386', 'group', 'd2773b3568c6438c8f9cc21b06b660ee', 'button', '-1', NULL, NULL, '2019-03-15 10:39:00', 'a1a2cb17b4f24e50bbde2f1b8a233bcb', '测试租户', NULL, NULL, NULL, NULL, NULL, NULL, NULL, NULL, NULL, '1ec08564dcc344018d6aaa910068f0f0', '0');
INSERT INTO `base_resource_authority` VALUES ('88afe766177943f8963393b997b136b2', 'b0bfc23bd12f47418044c556405b52ac', 'group', '5', 'menu', '-1', NULL, NULL, '2018-03-06 08:31:38', 'a1a2cb17b4f24e50bbde2f1b8a233bcb', '测试租户', NULL, NULL, NULL, NULL, NULL, NULL, NULL, NULL, NULL, '1ec08564dcc344018d6aaa910068f0f0', '0');
INSERT INTO `base_resource_authority` VALUES ('89761d39099740daacd7a35565be5d2c', '-1', 'group', '1', 'menu', '-1', NULL, NULL, '2018-03-06 09:57:13', 'a1a2cb17b4f24e50bbde2f1b8a233bcb', '测试租户', NULL, NULL, NULL, NULL, NULL, NULL, NULL, NULL, NULL, '1ec08564dcc344018d6aaa910068f0f0', '1');
INSERT INTO `base_resource_authority` VALUES ('8aab1109219549a1bc0486e1f97a8e17', '1d519688c09f42afa579bd6b53048386', 'group', '7', 'menu', '-1', NULL, NULL, '2019-03-15 10:39:12', 'a1a2cb17b4f24e50bbde2f1b8a233bcb', '测试租户', NULL, NULL, NULL, NULL, NULL, NULL, NULL, NULL, NULL, '1ec08564dcc344018d6aaa910068f0f0', '0');
INSERT INTO `base_resource_authority` VALUES ('8adedadef46f4555be6275e5e28d5578', '258651cfd4ca41cbaa70d1b233659b5c', 'group', '803c425ecf16408e9def5dc905f75a6c', 'menu', '-1', NULL, NULL, '2020-01-30 23:31:07', '3a581002bb5148f9b00173c4d3d58ade', '超级管理员', NULL, NULL, NULL, NULL, NULL, NULL, NULL, NULL, NULL, 'ac88ceb386aa4231b09bf472cb937c24', '0');
INSERT INTO `base_resource_authority` VALUES ('8c6b36c8730747f796fab2176ee01e85', '-1', 'group', 'b5211cc69d234b28a97f27e63edc9a58', 'menu', '-1', NULL, NULL, '2018-03-06 09:57:13', 'a1a2cb17b4f24e50bbde2f1b8a233bcb', '测试租户', NULL, NULL, NULL, NULL, NULL, NULL, NULL, NULL, NULL, '1ec08564dcc344018d6aaa910068f0f0', '1');
INSERT INTO `base_resource_authority` VALUES ('8e6ad67a2f1b443e85f84e5f037dea33', '366af0a7fd79453fbe54c0d24917ec4b', 'group', '59', 'button', '-1', NULL, NULL, NULL, NULL, NULL, NULL, NULL, NULL, NULL, NULL, NULL, NULL, NULL, NULL, NULL, '0');
INSERT INTO `base_resource_authority` VALUES ('8edbac86de834d40a67204f162815f12', '258651cfd4ca41cbaa70d1b233659b5c', 'group', '8b5ff030c76341059a335e0653fef5ea', 'button', '-1', NULL, NULL, NULL, NULL, NULL, NULL, NULL, NULL, NULL, NULL, NULL, NULL, NULL, NULL, NULL, '1');
INSERT INTO `base_resource_authority` VALUES ('90b3a88a899e47beafe3293c9fe1c9f2', '1d519688c09f42afa579bd6b53048386', 'group', '22', 'button', '-1', NULL, NULL, '2019-03-15 10:39:08', 'a1a2cb17b4f24e50bbde2f1b8a233bcb', '测试租户', NULL, NULL, NULL, NULL, NULL, NULL, NULL, NULL, NULL, '1ec08564dcc344018d6aaa910068f0f0', '0');
INSERT INTO `base_resource_authority` VALUES ('90e7de53222a4a048d14d6109ba4be5f', '258651cfd4ca41cbaa70d1b233659b5c', 'group', '39925b8263664c9e923f9c34f9bc2a37', 'button', '-1', NULL, NULL, NULL, NULL, NULL, NULL, NULL, NULL, NULL, NULL, NULL, NULL, NULL, NULL, NULL, '0');
INSERT INTO `base_resource_authority` VALUES ('9360c52bb8154c518e6be0b9cb07a816', '1d519688c09f42afa579bd6b53048386', 'group', '39925b8263664c9e923f9c34f9bc2a37', 'button', '-1', NULL, NULL, '2019-03-15 10:39:00', 'a1a2cb17b4f24e50bbde2f1b8a233bcb', '测试租户', NULL, NULL, NULL, NULL, NULL, NULL, NULL, NULL, NULL, '1ec08564dcc344018d6aaa910068f0f0', '0');
INSERT INTO `base_resource_authority` VALUES ('93837a92348e4c27a02e57797568aa1f', 'b0bfc23bd12f47418044c556405b52ac', 'group', '5', 'button', '-1', NULL, NULL, '2018-03-06 08:30:44', 'a1a2cb17b4f24e50bbde2f1b8a233bcb', '测试租户', NULL, NULL, NULL, NULL, NULL, NULL, NULL, NULL, NULL, '1ec08564dcc344018d6aaa910068f0f0', '0');
INSERT INTO `base_resource_authority` VALUES ('9430b93b33e342efb28e239f2f0801a5', '258651cfd4ca41cbaa70d1b233659b5c', 'group', '27', 'menu', '-1', NULL, NULL, '2019-07-06 23:36:47', '3a581002bb5148f9b00173c4d3d58ade', '超级管理员', NULL, NULL, NULL, NULL, NULL, NULL, NULL, NULL, NULL, 'ac88ceb386aa4231b09bf472cb937c24', '1');
INSERT INTO `base_resource_authority` VALUES ('94dd147289a3430bb037d7dd0ef2a872', '366af0a7fd79453fbe54c0d24917ec4b', 'group', '57', 'button', '-1', NULL, NULL, NULL, NULL, NULL, NULL, NULL, NULL, NULL, NULL, NULL, NULL, NULL, NULL, NULL, '0');
INSERT INTO `base_resource_authority` VALUES ('993e18cc768e416393e9aadaafed4516', '1d519688c09f42afa579bd6b53048386', 'group', '19', 'button', '-1', NULL, NULL, '2019-03-15 10:39:08', 'a1a2cb17b4f24e50bbde2f1b8a233bcb', '测试租户', NULL, NULL, NULL, NULL, NULL, NULL, NULL, NULL, NULL, '1ec08564dcc344018d6aaa910068f0f0', '0');
INSERT INTO `base_resource_authority` VALUES ('9a6d717eb72944819aff2d75dd7a8740', '258651cfd4ca41cbaa70d1b233659b5c', 'group', '6', 'menu', '-1', NULL, NULL, '2020-01-30 23:31:08', '3a581002bb5148f9b00173c4d3d58ade', '超级管理员', NULL, NULL, NULL, NULL, NULL, NULL, NULL, NULL, NULL, 'ac88ceb386aa4231b09bf472cb937c24', '0');
INSERT INTO `base_resource_authority` VALUES ('9f7399ab8b9240efaf11b78f8c6d3286', '1d519688c09f42afa579bd6b53048386', 'group', '21b3fe683a6040ed8c57423e55cd94a2', 'button', '-1', NULL, NULL, '2019-03-15 10:39:08', 'a1a2cb17b4f24e50bbde2f1b8a233bcb', '测试租户', NULL, NULL, NULL, NULL, NULL, NULL, NULL, NULL, NULL, '1ec08564dcc344018d6aaa910068f0f0', '0');
INSERT INTO `base_resource_authority` VALUES ('a3ba42df19fd4088b03e7846df17015d', '1d519688c09f42afa579bd6b53048386', 'group', '18', 'button', '-1', NULL, NULL, '2019-03-15 10:39:08', 'a1a2cb17b4f24e50bbde2f1b8a233bcb', '测试租户', NULL, NULL, NULL, NULL, NULL, NULL, NULL, NULL, NULL, '1ec08564dcc344018d6aaa910068f0f0', '0');
INSERT INTO `base_resource_authority` VALUES ('a4401c05b1644c51b0e88084aa2d1982', '258651cfd4ca41cbaa70d1b233659b5c', 'group', '44', 'button', '-1', NULL, NULL, '2020-01-30 23:31:05', '3a581002bb5148f9b00173c4d3d58ade', '超级管理员', NULL, NULL, NULL, NULL, NULL, NULL, NULL, NULL, NULL, 'ac88ceb386aa4231b09bf472cb937c24', '0');
INSERT INTO `base_resource_authority` VALUES ('a46111071dee4d9995c5da43589c5a1b', '258651cfd4ca41cbaa70d1b233659b5c', 'group', '43', 'button', '-1', NULL, NULL, '2020-01-30 23:31:05', '3a581002bb5148f9b00173c4d3d58ade', '超级管理员', NULL, NULL, NULL, NULL, NULL, NULL, NULL, NULL, NULL, 'ac88ceb386aa4231b09bf472cb937c24', '0');
INSERT INTO `base_resource_authority` VALUES ('a735ad8b48c1486ea383dee07bc627aa', '258651cfd4ca41cbaa70d1b233659b5c', 'group', 'd2773b3568c6438c8f9cc21b06b660ee', 'button', '-1', NULL, NULL, NULL, NULL, NULL, NULL, NULL, NULL, NULL, NULL, NULL, NULL, NULL, NULL, NULL, '1');
INSERT INTO `base_resource_authority` VALUES ('a773b34e6a2949d2958f8895aab95761', '-1', 'group', '13', 'menu', '-1', NULL, NULL, '2018-03-06 09:57:13', 'a1a2cb17b4f24e50bbde2f1b8a233bcb', '测试租户', NULL, NULL, NULL, NULL, NULL, NULL, NULL, NULL, NULL, '1ec08564dcc344018d6aaa910068f0f0', '1');
INSERT INTO `base_resource_authority` VALUES ('a7b9660102094eb1a33470402920cc19', '258651cfd4ca41cbaa70d1b233659b5c', 'group', '-1', 'menu', '-1', NULL, NULL, '2020-01-30 23:31:08', '3a581002bb5148f9b00173c4d3d58ade', '超级管理员', NULL, NULL, NULL, NULL, NULL, NULL, NULL, NULL, NULL, 'ac88ceb386aa4231b09bf472cb937c24', '0');
INSERT INTO `base_resource_authority` VALUES ('aa3b1922117847f8905b6b13182696c7', '258651cfd4ca41cbaa70d1b233659b5c', 'group', '6d7ea83bb71d476dbfbda2bcbc1a01bd', 'button', '-1', NULL, NULL, NULL, NULL, NULL, NULL, NULL, NULL, NULL, NULL, NULL, NULL, NULL, NULL, NULL, '1');
INSERT INTO `base_resource_authority` VALUES ('aaa5247869d54ee6873dd470badf6960', '258651cfd4ca41cbaa70d1b233659b5c', 'group', '375b04fe927c44e88593d02670acd90f', 'button', '-1', NULL, NULL, NULL, NULL, NULL, NULL, NULL, NULL, NULL, NULL, NULL, NULL, NULL, NULL, NULL, '1');
INSERT INTO `base_resource_authority` VALUES ('afcc73fc556e40a39af61a24014455ff', '366af0a7fd79453fbe54c0d24917ec4b', 'group', '56', 'button', '-1', NULL, NULL, NULL, NULL, NULL, NULL, NULL, NULL, NULL, NULL, NULL, NULL, NULL, NULL, NULL, '0');
INSERT INTO `base_resource_authority` VALUES ('b2106662379444a4a617deb2e982e7a5', '258651cfd4ca41cbaa70d1b233659b5c', 'group', '52', 'button', '-1', NULL, NULL, '2019-03-16 08:16:23', '1', '老干爹', NULL, NULL, NULL, NULL, NULL, NULL, NULL, NULL, NULL, 'ac88ceb386aa4231b09bf472cb937c24', '0');
INSERT INTO `base_resource_authority` VALUES ('b399763b839a481abfbf3b759710fc85', '258651cfd4ca41cbaa70d1b233659b5c', 'group', 'd2773b3568c6438c8f9cc21b06b660ee', 'button', '-1', NULL, NULL, NULL, NULL, NULL, NULL, NULL, NULL, NULL, NULL, NULL, NULL, NULL, NULL, NULL, '0');
INSERT INTO `base_resource_authority` VALUES ('b39bd9e4219244b498bc96f321f51e0d', '258651cfd4ca41cbaa70d1b233659b5c', 'group', '23', 'button', '-1', NULL, NULL, NULL, NULL, NULL, NULL, NULL, NULL, NULL, NULL, NULL, NULL, NULL, NULL, NULL, '1');
INSERT INTO `base_resource_authority` VALUES ('b59edec22f664787aa4186f2867908b9', '258651cfd4ca41cbaa70d1b233659b5c', 'group', '58', 'button', '-1', NULL, NULL, NULL, NULL, NULL, NULL, NULL, NULL, NULL, NULL, NULL, NULL, NULL, NULL, NULL, '0');
INSERT INTO `base_resource_authority` VALUES ('b5df9e8e2ed34acebc9ddfb103b87b60', 'b0bfc23bd12f47418044c556405b52ac', 'group', '21b3fe683a6040ed8c57423e55cd94a2', 'button', '-1', NULL, NULL, '2018-03-06 11:34:07', 'a1a2cb17b4f24e50bbde2f1b8a233bcb', '测试租户', NULL, NULL, NULL, NULL, NULL, NULL, NULL, NULL, NULL, '1ec08564dcc344018d6aaa910068f0f0', '0');
INSERT INTO `base_resource_authority` VALUES ('b5f00cb818f24dd5a241009aa71c030e', '366af0a7fd79453fbe54c0d24917ec4b', 'group', '58', 'button', '-1', NULL, NULL, NULL, NULL, NULL, NULL, NULL, NULL, NULL, NULL, NULL, NULL, NULL, NULL, NULL, '0');
INSERT INTO `base_resource_authority` VALUES ('b7a7521a15ff4f278b1318535b028ee6', '258651cfd4ca41cbaa70d1b233659b5c', 'group', '5', 'menu', '-1', NULL, NULL, '2019-07-06 23:36:47', '3a581002bb5148f9b00173c4d3d58ade', '超级管理员', NULL, NULL, NULL, NULL, NULL, NULL, NULL, NULL, NULL, 'ac88ceb386aa4231b09bf472cb937c24', '1');
INSERT INTO `base_resource_authority` VALUES ('bcea99712dd44dea9d69942734ec1427', '1d519688c09f42afa579bd6b53048386', 'group', '6d7ea83bb71d476dbfbda2bcbc1a01bd', 'button', '-1', NULL, NULL, '2019-03-15 10:39:00', 'a1a2cb17b4f24e50bbde2f1b8a233bcb', '测试租户', NULL, NULL, NULL, NULL, NULL, NULL, NULL, NULL, NULL, '1ec08564dcc344018d6aaa910068f0f0', '0');
INSERT INTO `base_resource_authority` VALUES ('bd9395bb258b401b95e712a698724d24', '258651cfd4ca41cbaa70d1b233659b5c', 'group', '3', 'button', '-1', NULL, NULL, NULL, NULL, NULL, NULL, NULL, NULL, NULL, NULL, NULL, NULL, NULL, NULL, NULL, '0');
INSERT INTO `base_resource_authority` VALUES ('bf9272a30f1d4830a8b193ee538214a9', '1d519688c09f42afa579bd6b53048386', 'group', 'ef73cc9bf70d448caf72e3f45015700a', 'button', '-1', NULL, NULL, '2019-03-15 10:39:00', 'a1a2cb17b4f24e50bbde2f1b8a233bcb', '测试租户', NULL, NULL, NULL, NULL, NULL, NULL, NULL, NULL, NULL, '1ec08564dcc344018d6aaa910068f0f0', '0');
INSERT INTO `base_resource_authority` VALUES ('c03266d647f643e3919ff8576eb89c37', '-1', 'group', '5', 'menu', '-1', NULL, NULL, '2018-03-06 09:56:51', 'a1a2cb17b4f24e50bbde2f1b8a233bcb', '测试租户', NULL, NULL, NULL, NULL, NULL, NULL, NULL, NULL, NULL, '1ec08564dcc344018d6aaa910068f0f0', '0');
INSERT INTO `base_resource_authority` VALUES ('c17441b541ef40d19faefcd6a30160a5', '366af0a7fd79453fbe54c0d24917ec4b', 'group', '23', 'button', '-1', NULL, NULL, NULL, NULL, NULL, NULL, NULL, NULL, NULL, NULL, NULL, NULL, NULL, NULL, NULL, '0');
INSERT INTO `base_resource_authority` VALUES ('c2571d38498e45fcb7fcd06f96174608', '258651cfd4ca41cbaa70d1b233659b5c', 'group', '16', 'button', '-1', NULL, NULL, NULL, NULL, NULL, NULL, NULL, NULL, NULL, NULL, NULL, NULL, NULL, NULL, NULL, '1');
INSERT INTO `base_resource_authority` VALUES ('c420da58959146ec989933575b3c1d87', '258651cfd4ca41cbaa70d1b233659b5c', 'group', '39925b8263664c9e923f9c34f9bc2a37', 'button', '-1', NULL, NULL, NULL, NULL, NULL, NULL, NULL, NULL, NULL, NULL, NULL, NULL, NULL, NULL, NULL, '1');
INSERT INTO `base_resource_authority` VALUES ('c70e0c9fe1cc487c8c8b1e7c3f2ab268', '366af0a7fd79453fbe54c0d24917ec4b', 'group', '5', 'menu', '-1', NULL, NULL, NULL, NULL, NULL, NULL, NULL, NULL, NULL, NULL, NULL, NULL, NULL, NULL, NULL, '0');
INSERT INTO `base_resource_authority` VALUES ('c7e838da76df4a66af9e1443cf54f161', '1d519688c09f42afa579bd6b53048386', 'group', '16', 'button', '-1', NULL, NULL, '2019-03-15 10:39:08', 'a1a2cb17b4f24e50bbde2f1b8a233bcb', '测试租户', NULL, NULL, NULL, NULL, NULL, NULL, NULL, NULL, NULL, '1ec08564dcc344018d6aaa910068f0f0', '0');
INSERT INTO `base_resource_authority` VALUES ('c86c123b98bc40fdafb525529c432c8c', 'b0bfc23bd12f47418044c556405b52ac', 'group', '20', 'button', '-1', NULL, NULL, '2018-03-06 11:34:07', 'a1a2cb17b4f24e50bbde2f1b8a233bcb', '测试租户', NULL, NULL, NULL, NULL, NULL, NULL, NULL, NULL, NULL, '1ec08564dcc344018d6aaa910068f0f0', '0');
INSERT INTO `base_resource_authority` VALUES ('cb0ac5ca7a924f13b23460d6936295de', '258651cfd4ca41cbaa70d1b233659b5c', 'group', '23', 'button', '-1', NULL, NULL, NULL, NULL, NULL, NULL, NULL, NULL, NULL, NULL, NULL, NULL, NULL, NULL, NULL, '0');
INSERT INTO `base_resource_authority` VALUES ('cd219718ee0345a5b58fe2f496db56b4', '1d519688c09f42afa579bd6b53048386', 'group', '13', 'menu', '-1', NULL, NULL, '2019-03-15 10:39:12', 'a1a2cb17b4f24e50bbde2f1b8a233bcb', '测试租户', NULL, NULL, NULL, NULL, NULL, NULL, NULL, NULL, NULL, '1ec08564dcc344018d6aaa910068f0f0', '0');
INSERT INTO `base_resource_authority` VALUES ('cd3ccf6956b842558b223e07c712dd6d', '258651cfd4ca41cbaa70d1b233659b5c', 'group', '13', 'menu', '-1', NULL, NULL, '2020-01-30 23:31:07', '3a581002bb5148f9b00173c4d3d58ade', '超级管理员', NULL, NULL, NULL, NULL, NULL, NULL, NULL, NULL, NULL, 'ac88ceb386aa4231b09bf472cb937c24', '0');
INSERT INTO `base_resource_authority` VALUES ('cfd3e3e6d848445fab72e52a9514ad93', '258651cfd4ca41cbaa70d1b233659b5c', 'group', '415eac050ab64fc3b41b11e43645f3b5', 'button', '-1', NULL, NULL, '2019-03-16 08:16:36', '1', '老干爹', NULL, NULL, NULL, NULL, NULL, NULL, NULL, NULL, NULL, 'ac88ceb386aa4231b09bf472cb937c24', '0');
INSERT INTO `base_resource_authority` VALUES ('d18d845218ed41e5b15fc97acac94c00', '-1', 'group', '7', 'menu', '-1', NULL, NULL, '2018-03-06 09:57:13', 'a1a2cb17b4f24e50bbde2f1b8a233bcb', '测试租户', NULL, NULL, NULL, NULL, NULL, NULL, NULL, NULL, NULL, '1ec08564dcc344018d6aaa910068f0f0', '1');
INSERT INTO `base_resource_authority` VALUES ('d1c789c6a8764d54acc5801c550ae042', '258651cfd4ca41cbaa70d1b233659b5c', 'group', '76797ac67e9a4b6ba9177d26a603ffb0', 'button', '-1', NULL, NULL, '2019-03-16 08:16:36', '1', '老干爹', NULL, NULL, NULL, NULL, NULL, NULL, NULL, NULL, NULL, 'ac88ceb386aa4231b09bf472cb937c24', '0');
INSERT INTO `base_resource_authority` VALUES ('d2aa9986802d418f845514fd6a286832', '-1', 'group', '6', 'menu', '-1', NULL, NULL, '2018-03-06 09:57:13', 'a1a2cb17b4f24e50bbde2f1b8a233bcb', '测试租户', NULL, NULL, NULL, NULL, NULL, NULL, NULL, NULL, NULL, '1ec08564dcc344018d6aaa910068f0f0', '1');
INSERT INTO `base_resource_authority` VALUES ('d2c4969727c44df2897a9b6c56bdcbb1', '1d519688c09f42afa579bd6b53048386', 'group', '-1', 'menu', '-1', NULL, NULL, '2019-03-15 10:39:12', 'a1a2cb17b4f24e50bbde2f1b8a233bcb', '测试租户', NULL, NULL, NULL, NULL, NULL, NULL, NULL, NULL, NULL, '1ec08564dcc344018d6aaa910068f0f0', '0');
INSERT INTO `base_resource_authority` VALUES ('d4b0c3ddb45d484a8a17d2a038b82161', '366af0a7fd79453fbe54c0d24917ec4b', 'group', '13', 'menu', '-1', NULL, NULL, NULL, NULL, NULL, NULL, NULL, NULL, NULL, NULL, NULL, NULL, NULL, NULL, NULL, '0');
INSERT INTO `base_resource_authority` VALUES ('d4b8556b3dda429ebbfbbe0b9ec90ba8', 'b0bfc23bd12f47418044c556405b52ac', 'group', '16', 'button', '-1', NULL, NULL, '2018-03-06 11:34:07', 'a1a2cb17b4f24e50bbde2f1b8a233bcb', '测试租户', NULL, NULL, NULL, NULL, NULL, NULL, NULL, NULL, NULL, '1ec08564dcc344018d6aaa910068f0f0', '0');
INSERT INTO `base_resource_authority` VALUES ('d4caecceb6714c6fb95e9775d88be0e8', '-1', 'group', '13', 'menu', '-1', NULL, NULL, '2018-03-06 09:56:51', 'a1a2cb17b4f24e50bbde2f1b8a233bcb', '测试租户', NULL, NULL, NULL, NULL, NULL, NULL, NULL, NULL, NULL, '1ec08564dcc344018d6aaa910068f0f0', '0');
INSERT INTO `base_resource_authority` VALUES ('d54d4fa7ba9e4cd4aeaad52d4229ff64', '258651cfd4ca41cbaa70d1b233659b5c', 'group', '32', 'button', '-1', NULL, NULL, '2019-03-16 08:16:18', '1', '老干爹', NULL, NULL, NULL, NULL, NULL, NULL, NULL, NULL, NULL, 'ac88ceb386aa4231b09bf472cb937c24', '0');
INSERT INTO `base_resource_authority` VALUES ('d6117fa286654e54813dcaddb944bae7', '258651cfd4ca41cbaa70d1b233659b5c', 'group', '7574b969c9fa4e5895d6cc9c2b8a9a62', 'menu', '-1', NULL, NULL, '2020-01-30 23:31:08', '3a581002bb5148f9b00173c4d3d58ade', '超级管理员', NULL, NULL, NULL, NULL, NULL, NULL, NULL, NULL, NULL, 'ac88ceb386aa4231b09bf472cb937c24', '0');
INSERT INTO `base_resource_authority` VALUES ('d7ef18cb9124424b909a178ce7d7397a', '1d519688c09f42afa579bd6b53048386', 'group', '59', 'button', '-1', NULL, NULL, '2019-03-15 10:39:00', 'a1a2cb17b4f24e50bbde2f1b8a233bcb', '测试租户', NULL, NULL, NULL, NULL, NULL, NULL, NULL, NULL, NULL, '1ec08564dcc344018d6aaa910068f0f0', '0');
INSERT INTO `base_resource_authority` VALUES ('da2c26d274634f0c8ab393ad852a8b09', '258651cfd4ca41cbaa70d1b233659b5c', 'group', 'c6469be83d8e4d5ca404b46b347f7d4c', 'button', '-1', NULL, NULL, NULL, NULL, NULL, NULL, NULL, NULL, NULL, NULL, NULL, NULL, NULL, NULL, NULL, '1');
INSERT INTO `base_resource_authority` VALUES ('db8a386ee9eb4a379ea963bde28916eb', '1d519688c09f42afa579bd6b53048386', 'group', '27', 'menu', '-1', NULL, NULL, '2019-03-15 10:39:12', 'a1a2cb17b4f24e50bbde2f1b8a233bcb', '测试租户', NULL, NULL, NULL, NULL, NULL, NULL, NULL, NULL, NULL, '1ec08564dcc344018d6aaa910068f0f0', '0');
INSERT INTO `base_resource_authority` VALUES ('db9db344e8b74826ba6539e63b673402', '258651cfd4ca41cbaa70d1b233659b5c', 'group', '28', 'button', '-1', NULL, NULL, '2019-03-15 10:12:42', '1', '老干爹', NULL, NULL, NULL, NULL, NULL, NULL, NULL, NULL, NULL, 'ac88ceb386aa4231b09bf472cb937c24', '0');
INSERT INTO `base_resource_authority` VALUES ('dd17251988114e51a683d89d0c9378a7', '1d519688c09f42afa579bd6b53048386', 'group', '17', 'button', '-1', NULL, NULL, '2019-03-15 10:39:08', 'a1a2cb17b4f24e50bbde2f1b8a233bcb', '测试租户', NULL, NULL, NULL, NULL, NULL, NULL, NULL, NULL, NULL, '1ec08564dcc344018d6aaa910068f0f0', '0');
INSERT INTO `base_resource_authority` VALUES ('e19bf5b10e8f431b9c01e0213fa39b41', '258651cfd4ca41cbaa70d1b233659b5c', 'group', 'ef73cc9bf70d448caf72e3f45015700a', 'button', '-1', NULL, NULL, NULL, NULL, NULL, NULL, NULL, NULL, NULL, NULL, NULL, NULL, NULL, NULL, NULL, '1');
INSERT INTO `base_resource_authority` VALUES ('e1bf257da1314d78b8ee2c92f87c13ec', '366af0a7fd79453fbe54c0d24917ec4b', 'group', '3', 'button', '-1', NULL, NULL, NULL, NULL, NULL, NULL, NULL, NULL, NULL, NULL, NULL, NULL, NULL, NULL, NULL, '0');
INSERT INTO `base_resource_authority` VALUES ('e38822dfa84840e6afa9e67dbaf2edcd', 'b0bfc23bd12f47418044c556405b52ac', 'group', '22', 'button', '-1', NULL, NULL, '2018-03-06 11:34:07', 'a1a2cb17b4f24e50bbde2f1b8a233bcb', '测试租户', NULL, NULL, NULL, NULL, NULL, NULL, NULL, NULL, NULL, '1ec08564dcc344018d6aaa910068f0f0', '0');
INSERT INTO `base_resource_authority` VALUES ('e43ac2d407d14891a5e55d815f144338', '258651cfd4ca41cbaa70d1b233659b5c', 'group', '17', 'button', '-1', NULL, NULL, NULL, NULL, NULL, NULL, NULL, NULL, NULL, NULL, NULL, NULL, NULL, NULL, NULL, '1');
INSERT INTO `base_resource_authority` VALUES ('e47c905eb1d0473aafdc85541a8a2b3d', '258651cfd4ca41cbaa70d1b233659b5c', 'group', '5', 'menu', '-1', NULL, NULL, '2020-01-30 23:31:08', '3a581002bb5148f9b00173c4d3d58ade', '超级管理员', NULL, NULL, NULL, NULL, NULL, NULL, NULL, NULL, NULL, 'ac88ceb386aa4231b09bf472cb937c24', '0');
INSERT INTO `base_resource_authority` VALUES ('e6a5c6500587464f8ef873323edc37b5', '1d519688c09f42afa579bd6b53048386', 'group', '103593127199487794f9fd8fd573db5f', 'button', '-1', NULL, NULL, '2019-03-15 10:39:00', 'a1a2cb17b4f24e50bbde2f1b8a233bcb', '测试租户', NULL, NULL, NULL, NULL, NULL, NULL, NULL, NULL, NULL, '1ec08564dcc344018d6aaa910068f0f0', '0');
INSERT INTO `base_resource_authority` VALUES ('e72e2b709b4c4e5f8f65ee9dd21fd057', '258651cfd4ca41cbaa70d1b233659b5c', 'group', 'ef73cc9bf70d448caf72e3f45015700a', 'button', '-1', NULL, NULL, NULL, NULL, NULL, NULL, NULL, NULL, NULL, NULL, NULL, NULL, NULL, NULL, NULL, '0');
INSERT INTO `base_resource_authority` VALUES ('ea51aa62d2e54e08ad73663c9ecf6fcd', '1d519688c09f42afa579bd6b53048386', 'group', '58', 'button', '-1', NULL, NULL, '2019-03-15 10:39:00', 'a1a2cb17b4f24e50bbde2f1b8a233bcb', '测试租户', NULL, NULL, NULL, NULL, NULL, NULL, NULL, NULL, NULL, '1ec08564dcc344018d6aaa910068f0f0', '0');
INSERT INTO `base_resource_authority` VALUES ('eec5d168b13e422180c5b1266e00b5a4', '258651cfd4ca41cbaa70d1b233659b5c', 'group', '-1', 'menu', '-1', NULL, NULL, '2019-07-06 23:36:47', '3a581002bb5148f9b00173c4d3d58ade', '超级管理员', NULL, NULL, NULL, NULL, NULL, NULL, NULL, NULL, NULL, 'ac88ceb386aa4231b09bf472cb937c24', '1');
INSERT INTO `base_resource_authority` VALUES ('f17f1e5f550e4653889f1db42d4ccbc3', '258651cfd4ca41cbaa70d1b233659b5c', 'group', '5c1171f1c6bd47eda71035e5d4b3ce09', 'menu', '-1', NULL, NULL, '2020-01-30 23:31:09', '3a581002bb5148f9b00173c4d3d58ade', '超级管理员', NULL, NULL, NULL, NULL, NULL, NULL, NULL, NULL, NULL, 'ac88ceb386aa4231b09bf472cb937c24', '0');
INSERT INTO `base_resource_authority` VALUES ('f181c78d2a5147e69e88c97d0edfd399', '258651cfd4ca41cbaa70d1b233659b5c', 'group', '29', 'menu', '-1', NULL, NULL, '2020-01-30 23:31:08', '3a581002bb5148f9b00173c4d3d58ade', '超级管理员', NULL, NULL, NULL, NULL, NULL, NULL, NULL, NULL, NULL, 'ac88ceb386aa4231b09bf472cb937c24', '0');
INSERT INTO `base_resource_authority` VALUES ('f1c2253a28de45a7b4c8ea02c4960021', '258651cfd4ca41cbaa70d1b233659b5c', 'group', '13', 'menu', '-1', NULL, NULL, '2019-07-06 23:36:47', '3a581002bb5148f9b00173c4d3d58ade', '超级管理员', NULL, NULL, NULL, NULL, NULL, NULL, NULL, NULL, NULL, 'ac88ceb386aa4231b09bf472cb937c24', '1');
INSERT INTO `base_resource_authority` VALUES ('f2d54b25bc7d4aed97dc562bf19522c7', '258651cfd4ca41cbaa70d1b233659b5c', 'group', 'f0e1b561772247d1a795bd4ef48aa090', 'menu', '-1', NULL, NULL, '2020-01-30 23:31:08', '3a581002bb5148f9b00173c4d3d58ade', '超级管理员', NULL, NULL, NULL, NULL, NULL, NULL, NULL, NULL, NULL, 'ac88ceb386aa4231b09bf472cb937c24', '0');
INSERT INTO `base_resource_authority` VALUES ('f2fe1150f0ab486c85443b5052516e63', '-1', 'group', '7a0a75752c7d422abd2e30b7aad744d7', 'menu', '-1', NULL, NULL, '2018-03-06 09:57:13', 'a1a2cb17b4f24e50bbde2f1b8a233bcb', '测试租户', NULL, NULL, NULL, NULL, NULL, NULL, NULL, NULL, NULL, '1ec08564dcc344018d6aaa910068f0f0', '1');
INSERT INTO `base_resource_authority` VALUES ('f3bf9ea034e444c08b7ca2c3a86d0c7e', '258651cfd4ca41cbaa70d1b233659b5c', 'group', '59', 'button', '-1', NULL, NULL, NULL, NULL, NULL, NULL, NULL, NULL, NULL, NULL, NULL, NULL, NULL, NULL, NULL, '1');
INSERT INTO `base_resource_authority` VALUES ('f7f7d1e5ffb84c38909e99a6940ca03e', '258651cfd4ca41cbaa70d1b233659b5c', 'group', '18', 'button', '-1', NULL, NULL, NULL, NULL, NULL, NULL, NULL, NULL, NULL, NULL, NULL, NULL, NULL, NULL, NULL, '1');
INSERT INTO `base_resource_authority` VALUES ('f8c2f63256d740ac93fca56c040bff4d', 'b0bfc23bd12f47418044c556405b52ac', 'group', '23', 'button', '-1', NULL, NULL, '2018-03-06 08:30:44', 'a1a2cb17b4f24e50bbde2f1b8a233bcb', '测试租户', NULL, NULL, NULL, NULL, NULL, NULL, NULL, NULL, NULL, '1ec08564dcc344018d6aaa910068f0f0', '0');
INSERT INTO `base_resource_authority` VALUES ('fa1d7342aa1a42d59802628fbb41f359', '258651cfd4ca41cbaa70d1b233659b5c', 'group', '48', 'button', '-1', NULL, NULL, '2019-03-16 08:16:23', '1', '老干爹', NULL, NULL, NULL, NULL, NULL, NULL, NULL, NULL, NULL, 'ac88ceb386aa4231b09bf472cb937c24', '0');
INSERT INTO `base_resource_authority` VALUES ('fa93f87c6c7f4f5784c5f9c0373f4de8', '1d519688c09f42afa579bd6b53048386', 'group', '4ee4f57a2d92494abe2595bff4f32057', 'button', '-1', NULL, NULL, '2019-03-15 10:39:08', 'a1a2cb17b4f24e50bbde2f1b8a233bcb', '测试租户', NULL, NULL, NULL, NULL, NULL, NULL, NULL, NULL, NULL, '1ec08564dcc344018d6aaa910068f0f0', '0');
INSERT INTO `base_resource_authority` VALUES ('faebfb6f224743f89db2c6e4b42ef568', '258651cfd4ca41cbaa70d1b233659b5c', 'group', '58', 'button', '-1', NULL, NULL, NULL, NULL, NULL, NULL, NULL, NULL, NULL, NULL, NULL, NULL, NULL, NULL, NULL, '1');
INSERT INTO `base_resource_authority` VALUES ('fe6f092391f34bc69517e0b9e929babc', '258651cfd4ca41cbaa70d1b233659b5c', 'group', '63998fb5295a4925a8156a7d7e230568', 'menu', '-1', NULL, NULL, '2020-01-30 23:31:08', '3a581002bb5148f9b00173c4d3d58ade', '超级管理员', NULL, NULL, NULL, NULL, NULL, NULL, NULL, NULL, NULL, 'ac88ceb386aa4231b09bf472cb937c24', '0');
COMMIT;

-- ----------------------------
-- Table structure for base_tenant
-- ----------------------------
DROP TABLE IF EXISTS `base_tenant`;
CREATE TABLE `base_tenant` (
  `id` varchar(36) COLLATE utf8_bin NOT NULL,
  `code` varchar(255) COLLATE utf8_bin DEFAULT NULL COMMENT '编码',
  `name` varchar(255) COLLATE utf8_bin DEFAULT NULL COMMENT '最后更新时间',
  `crt_user_name` varchar(255) COLLATE utf8_bin DEFAULT NULL COMMENT '创建人',
  `crt_user_id` varchar(36) COLLATE utf8_bin DEFAULT NULL COMMENT '创建人ID',
  `crt_time` datetime DEFAULT NULL COMMENT '创建时间',
  `upd_user_name` varchar(255) COLLATE utf8_bin DEFAULT NULL COMMENT '最后更新人',
  `upd_user_id` varchar(36) COLLATE utf8_bin DEFAULT NULL COMMENT '最后更新人ID',
  `upd_time` datetime DEFAULT NULL COMMENT '最后更新时间',
  `attr1` varchar(255) COLLATE utf8_bin DEFAULT NULL,
  `attr2` varchar(255) COLLATE utf8_bin DEFAULT NULL,
  `attr3` varchar(255) COLLATE utf8_bin DEFAULT NULL,
  `attr4` varchar(255) COLLATE utf8_bin DEFAULT NULL,
  `description` varchar(500) COLLATE utf8_bin DEFAULT NULL,
  `is_super_tenant` varchar(1) COLLATE utf8_bin DEFAULT NULL COMMENT '是否超级租户',
  `tenant_id` varchar(36) COLLATE utf8_bin DEFAULT NULL,
  `owner` varchar(36) COLLATE utf8_bin DEFAULT NULL COMMENT '拥有者',
  `is_deleted` char(1) COLLATE utf8_bin DEFAULT '0',
  `is_disabled` char(1) COLLATE utf8_bin DEFAULT '0',
  PRIMARY KEY (`id`)
) ENGINE=InnoDB DEFAULT CHARSET=utf8 COLLATE=utf8_bin COMMENT='租户表';

-- ----------------------------
-- Records of base_tenant
-- ----------------------------
BEGIN;
INSERT INTO `base_tenant` VALUES ('1ec08564dcc344018d6aaa910068f0f0', 'testTenant', '测试租户', 'Mr.AG', '1', '2018-02-12 15:30:54', '超级管理员', '3a581002bb5148f9b00173c4d3d58ade', '2019-07-07 01:15:09', NULL, NULL, NULL, NULL, '测试租户', '0', 'ac88ceb386aa4231b09bf472cb937c24', '1', '0', '0');
INSERT INTO `base_tenant` VALUES ('ac88ceb386aa4231b09bf472cb937c24', 'superTenant', '超级租户', 'Mr.AG', '1', '2018-02-09 16:31:20', '超级管理员', '3a581002bb5148f9b00173c4d3d58ade', '2019-07-07 01:16:14', NULL, NULL, NULL, NULL, '超级租户', '1', 'ac88ceb386aa4231b09bf472cb937c24', '3a581002bb5148f9b00173c4d3d58ade', '0', '0');
COMMIT;

-- ----------------------------
-- Table structure for base_user
-- ----------------------------
DROP TABLE IF EXISTS `base_user`;
CREATE TABLE `base_user` (
  `id` varchar(36) COLLATE utf8_bin NOT NULL,
  `username` varchar(100) COLLATE utf8_bin DEFAULT NULL,
  `password` varchar(255) COLLATE utf8_bin DEFAULT NULL,
  `name` varchar(255) COLLATE utf8_bin DEFAULT NULL,
  `birthday` varchar(255) COLLATE utf8_bin DEFAULT NULL,
  `address` varchar(255) COLLATE utf8_bin DEFAULT NULL,
  `mobile_phone` varchar(24) COLLATE utf8_bin DEFAULT NULL,
  `tel_phone` varchar(255) COLLATE utf8_bin DEFAULT NULL,
  `email` varchar(255) COLLATE utf8_bin DEFAULT NULL,
  `sex` varchar(16) COLLATE utf8_bin DEFAULT NULL,
  `type` char(1) COLLATE utf8_bin DEFAULT NULL,
  `status` char(1) COLLATE utf8_bin DEFAULT NULL,
  `description` varchar(255) COLLATE utf8_bin DEFAULT NULL,
  `crt_time` datetime DEFAULT NULL,
  `crt_user_id` varchar(255) COLLATE utf8_bin DEFAULT NULL,
  `crt_user_name` varchar(255) COLLATE utf8_bin DEFAULT NULL,
  `upd_time` datetime DEFAULT NULL,
  `upd_user_id` varchar(255) COLLATE utf8_bin DEFAULT NULL,
  `upd_user_name` varchar(255) COLLATE utf8_bin DEFAULT NULL,
  `attr1` varchar(255) COLLATE utf8_bin DEFAULT NULL,
  `attr2` varchar(255) COLLATE utf8_bin DEFAULT NULL,
  `attr3` varchar(255) COLLATE utf8_bin DEFAULT NULL,
  `attr4` varchar(255) COLLATE utf8_bin DEFAULT NULL,
  `attr5` varchar(255) COLLATE utf8_bin DEFAULT NULL,
  `attr6` varchar(255) COLLATE utf8_bin DEFAULT NULL,
  `attr7` varchar(255) COLLATE utf8_bin DEFAULT NULL,
  `attr8` varchar(255) COLLATE utf8_bin DEFAULT NULL,
  `tenant_id` varchar(36) COLLATE utf8_bin DEFAULT NULL COMMENT '租户Id',
  `is_deleted` char(1) COLLATE utf8_bin DEFAULT NULL COMMENT '是否删除',
  `is_disabled` char(1) COLLATE utf8_bin DEFAULT NULL COMMENT '是否作废',
  `depart_id` varchar(36) COLLATE utf8_bin DEFAULT NULL COMMENT '默认部门',
  `is_super_admin` varchar(1) COLLATE utf8_bin DEFAULT NULL,
  PRIMARY KEY (`id`),
  UNIQUE KEY `unique_usernane` (`username`,`tenant_id`) USING BTREE,
  UNIQUE KEY `unique_mobilephone` (`mobile_phone`,`tenant_id`) USING BTREE
) ENGINE=InnoDB DEFAULT CHARSET=utf8 COLLATE=utf8_bin;

-- ----------------------------
-- Records of base_user
-- ----------------------------
BEGIN;
INSERT INTO `base_user` VALUES ('1', 'admin', 'jGl25bVBBBW96Qi9Te4V37Fnqchz/Eu4qB9vKrRIqRg=', '老干爹', '', NULL, '', NULL, '', '男', NULL, NULL, '', NULL, NULL, NULL, '2019-03-09 05:09:59', '1', '老干爹', NULL, NULL, NULL, NULL, NULL, NULL, NULL, NULL, 'ac88ceb386aa4231b09bf472cb937c24', '0', '0', 'root', '0');
INSERT INTO `base_user` VALUES ('19c997defb2744fa89fc5a08a53c092b', 'admin', 'jGl25bVBBBW96Qi9Te4V37Fnqchz/Eu4qB9vKrRIqRg=', 'admin', NULL, NULL, NULL, NULL, NULL, '男', NULL, NULL, NULL, '2019-03-15 10:37:27', 'a1a2cb17b4f24e50bbde2f1b8a233bcb', '测试租户', '2019-03-15 10:37:27', 'a1a2cb17b4f24e50bbde2f1b8a233bcb', '测试租户', NULL, NULL, NULL, NULL, NULL, NULL, NULL, NULL, '1ec08564dcc344018d6aaa910068f0f0', '0', '0', 'd583e7de6d2d48b78fb3c7dcb180cb1f', '0');
INSERT INTO `base_user` VALUES ('3a581002bb5148f9b00173c4d3d58ade', 'super', 'c9Gxsbwdq/uX8hbYl7eWjkSwZFeSDwDy3Gwe074lrUw=', '超级管理员', NULL, NULL, NULL, NULL, NULL, '男', NULL, NULL, NULL, '2019-07-07 14:07:18', '', '', '2019-03-16 08:17:55', '1', '老干爹', NULL, NULL, NULL, NULL, NULL, NULL, NULL, NULL, 'ac88ceb386aa4231b09bf472cb937c24', '0', '0', 'root', '1');
INSERT INTO `base_user` VALUES ('59c28b8593c2472e99e54e3ed9b6efe8', 'ceshi', 'jZae727K08KaOmKSgOaGzww/XVqGr/PKEgIMkjrcbJI=', '测试账户', NULL, NULL, NULL, NULL, NULL, '男', NULL, NULL, NULL, '2018-02-12 23:41:35', 'a1a2cb17b4f24e50bbde2f1b8a233bcb', '测试租户', '2018-02-12 23:54:07', 'a1a2cb17b4f24e50bbde2f1b8a233bcb', '测试租户', NULL, NULL, NULL, NULL, NULL, NULL, NULL, NULL, '1ec08564dcc344018d6aaa910068f0f0', '0', '0', 'd583e7de6d2d48b78fb3c7dcb180cb1f', '0');
INSERT INTO `base_user` VALUES ('5b29e88e363c41c394ad50cf830f6e0a', 'test', 'jZae727K08KaOmKSgOaGzww/XVqGr/PKEgIMkjrcbJI=', 'test', NULL, NULL, NULL, NULL, NULL, '男', NULL, NULL, NULL, '2018-03-28 20:11:07', '1', 'Mr.AG', '2018-04-02 16:07:17', '1', 'Mr.AG', NULL, NULL, NULL, NULL, NULL, NULL, NULL, NULL, 'ac88ceb386aa4231b09bf472cb937c24', '1', '0', 'root', '0');
INSERT INTO `base_user` VALUES ('636ce45445714836b5bbca030c621e84', 'lala', 'jZae727K08KaOmKSgOaGzww/XVqGr/PKEgIMkjrcbJI=', 'lala', NULL, NULL, NULL, NULL, NULL, '男', NULL, NULL, NULL, '2018-04-30 13:39:28', '1', 'Mr.AG', '2018-05-09 16:39:44', '1', 'Mr.AG', NULL, NULL, NULL, NULL, NULL, NULL, NULL, NULL, 'ac88ceb386aa4231b09bf472cb937c24', '1', '0', 'root', '0');
INSERT INTO `base_user` VALUES ('a1a2cb17b4f24e50bbde2f1b8a233bcb', 'tenant', 'jZae727K08KaOmKSgOaGzww/XVqGr/PKEgIMkjrcbJI=', '测试租户', NULL, NULL, NULL, NULL, NULL, '男', NULL, NULL, NULL, '2018-02-12 20:27:14', '1', 'Mr.AG', '2018-03-10 13:19:10', '1', 'Mr.AG', NULL, NULL, NULL, NULL, NULL, NULL, NULL, NULL, '1ec08564dcc344018d6aaa910068f0f0', '0', '0', 'd583e7de6d2d48b78fb3c7dcb180cb1f', '0');
INSERT INTO `base_user` VALUES ('cabaa7ba98e946faa4f835efb8a6ccbb', 'zhangsan', 'jZae727K08KaOmKSgOaGzww/XVqGr/PKEgIMkjrcbJI=', '张三', NULL, NULL, NULL, NULL, NULL, '男', NULL, NULL, NULL, '2019-03-16 01:26:29', 'a1a2cb17b4f24e50bbde2f1b8a233bcb', '测试租户', '2019-03-16 01:26:29', 'a1a2cb17b4f24e50bbde2f1b8a233bcb', '测试租户', NULL, NULL, NULL, NULL, NULL, NULL, NULL, NULL, '1ec08564dcc344018d6aaa910068f0f0', '0', '0', 'd583e7de6d2d48b78fb3c7dcb180cb1f', '0');
COMMIT;

-- ----------------------------
-- Table structure for dict_type
-- ----------------------------
DROP TABLE IF EXISTS `dict_type`;
CREATE TABLE `dict_type` (
  `id` varchar(36) COLLATE utf8_bin NOT NULL COMMENT '主键',
  `code` varchar(100) COLLATE utf8_bin DEFAULT NULL COMMENT '编码',
  `type` varchar(1) COLLATE utf8_bin DEFAULT NULL COMMENT '类型',
  `name` varchar(255) COLLATE utf8_bin DEFAULT NULL COMMENT '目录名',
  `parent_id` varchar(36) COLLATE utf8_bin DEFAULT NULL,
  `crt_user_name` varchar(255) COLLATE utf8_bin DEFAULT NULL COMMENT '创建人',
  `crt_user_id` varchar(36) COLLATE utf8_bin DEFAULT NULL COMMENT '创建人ID',
  `crt_time` datetime DEFAULT NULL COMMENT '创建时间',
  `upd_user_name` varchar(255) COLLATE utf8_bin DEFAULT NULL COMMENT '最后更新人',
  `upd_user_id` varchar(36) COLLATE utf8_bin DEFAULT NULL COMMENT '最后更新人ID',
  `upd_time` datetime DEFAULT NULL COMMENT '最后更新时间',
  `attr1` varchar(255) COLLATE utf8_bin DEFAULT NULL,
  `attr2` varchar(255) COLLATE utf8_bin DEFAULT NULL,
  `attr3` varchar(255) COLLATE utf8_bin DEFAULT NULL,
  `attr4` varchar(255) COLLATE utf8_bin DEFAULT NULL,
  `tenant_id` varchar(36) COLLATE utf8_bin DEFAULT NULL COMMENT '租户ID',
  PRIMARY KEY (`id`),
  UNIQUE KEY `unique_code` (`code`)
) ENGINE=InnoDB DEFAULT CHARSET=utf8 COLLATE=utf8_bin;

-- ----------------------------
-- Records of dict_type
-- ----------------------------
BEGIN;
INSERT INTO `dict_type` VALUES ('2e7a6f2dab184e3c891040d7b9b7e7ec', 'authority_element', NULL, '资源类型', '8ab51d3c861d476eb10600b2ed0f1f0d', '', NULL, '2018-02-01 12:23:39', '', NULL, '2018-02-01 12:24:04', NULL, NULL, NULL, NULL, 'ac88ceb386aa4231b09bf472cb937c24');
INSERT INTO `dict_type` VALUES ('4de6efea2456471ca3a4efa9f757d7cc', 'org', NULL, '组织部门', '64fce2915a213504be2b08ad12746af2', 'Mr.AG', '1', '2018-02-04 23:04:11', 'Mr.AG', '1', '2018-02-04 23:04:28', NULL, NULL, NULL, NULL, 'ac88ceb386aa4231b09bf472cb937c24');
INSERT INTO `dict_type` VALUES ('53b7b71f63273f53aa2c7590b446fb33', 'comm', '0', '公共字典', '64fce2915a213504be2b08ad12746af2', NULL, NULL, NULL, NULL, NULL, NULL, NULL, NULL, NULL, NULL, 'ac88ceb386aa4231b09bf472cb937c24');
INSERT INTO `dict_type` VALUES ('64fce2915a213504be2b08ad12746af2', 'root', '0', '根节点', '-1', NULL, NULL, NULL, NULL, NULL, NULL, NULL, NULL, NULL, NULL, 'ac88ceb386aa4231b09bf472cb937c24');
INSERT INTO `dict_type` VALUES ('67374d6aebeb4cc28484c7f303ec85f5', 'authority_menu', NULL, '菜单类型', '8ab51d3c861d476eb10600b2ed0f1f0d', '', NULL, '2018-02-01 12:23:26', '', NULL, '2018-02-01 12:23:37', NULL, NULL, NULL, NULL, 'ac88ceb386aa4231b09bf472cb937c24');
INSERT INTO `dict_type` VALUES ('6db3bb1a0bcb4cfca75a1e9d87996ff0', 'org_position', NULL, '岗位类型', '4de6efea2456471ca3a4efa9f757d7cc', 'Mr.AG', '1', '2018-04-04 18:56:30', 'Mr.AG', '1', '2018-04-04 19:06:30', NULL, NULL, NULL, NULL, 'ac88ceb386aa4231b09bf472cb937c24');
INSERT INTO `dict_type` VALUES ('8ab51d3c861d476eb10600b2ed0f1f0d', 'authority', NULL, '权限字典', '64fce2915a213504be2b08ad12746af2', '', NULL, '2018-02-01 12:22:58', '', NULL, '2018-02-01 12:23:22', NULL, NULL, NULL, NULL, 'ac88ceb386aa4231b09bf472cb937c24');
INSERT INTO `dict_type` VALUES ('cd9c72b4554a4061a0aa50755bd5419a', 'org_depart', NULL, '部门类型', '4de6efea2456471ca3a4efa9f757d7cc', 'Mr.AG', '1', '2018-02-04 23:04:31', 'Mr.AG', '1', '2018-02-04 23:11:43', NULL, NULL, NULL, NULL, 'ac88ceb386aa4231b09bf472cb937c24');
INSERT INTO `dict_type` VALUES ('d62b242fde833653bce1498787ea6c31', 'comm_sex', '1', '性别', '53b7b71f63273f53aa2c7590b446fb33', '', NULL, '2018-01-31 17:36:38', '', NULL, '2018-01-31 17:36:49', NULL, NULL, NULL, NULL, 'ac88ceb386aa4231b09bf472cb937c24');
COMMIT;

-- ----------------------------
-- Table structure for dict_value
-- ----------------------------
DROP TABLE IF EXISTS `dict_value`;
CREATE TABLE `dict_value` (
  `id` varchar(36) COLLATE utf8_bin NOT NULL COMMENT '主键',
  `tenant_id` varchar(36) COLLATE utf8_bin DEFAULT NULL COMMENT '租户ID',
  `code` varchar(100) COLLATE utf8_bin DEFAULT NULL COMMENT '编码',
  `value` varchar(255) COLLATE utf8_bin DEFAULT NULL COMMENT '值',
  `label_default` varchar(255) COLLATE utf8_bin DEFAULT NULL COMMENT '默认显示',
  `label_en_US` varchar(255) COLLATE utf8_bin DEFAULT NULL COMMENT '英文显示',
  `label_zh_CH` varchar(255) COLLATE utf8_bin DEFAULT NULL COMMENT '中文显示',
  `type_id` varchar(36) COLLATE utf8_bin DEFAULT NULL,
  `label_attr1` varchar(255) COLLATE utf8_bin DEFAULT NULL COMMENT '值',
  `label_attr2` varchar(255) COLLATE utf8_bin DEFAULT NULL COMMENT '值',
  `label_attr3` varchar(255) COLLATE utf8_bin DEFAULT NULL COMMENT '值',
  `crt_user_name` varchar(255) COLLATE utf8_bin DEFAULT NULL COMMENT '创建人',
  `crt_user_id` varchar(36) COLLATE utf8_bin DEFAULT NULL COMMENT '创建人ID',
  `crt_time` datetime DEFAULT NULL COMMENT '创建时间',
  `upd_user_name` varchar(255) COLLATE utf8_bin DEFAULT NULL COMMENT '最后更新人',
  `upd_user_id` varchar(36) COLLATE utf8_bin DEFAULT NULL COMMENT '最后更新人ID',
  `upd_time` datetime DEFAULT NULL COMMENT '最后更新时间',
  `parent_id` varchar(36) COLLATE utf8_bin DEFAULT NULL,
  `attr1` varchar(255) COLLATE utf8_bin DEFAULT NULL,
  `attr2` varchar(255) COLLATE utf8_bin DEFAULT NULL,
  `attr3` varchar(255) COLLATE utf8_bin DEFAULT NULL,
  `attr4` varchar(255) COLLATE utf8_bin DEFAULT NULL,
  `order_num` int(11) DEFAULT '1' COMMENT '排序',
  PRIMARY KEY (`id`),
  UNIQUE KEY `unique_code` (`code`)
) ENGINE=InnoDB DEFAULT CHARSET=utf8 COLLATE=utf8_bin;

-- ----------------------------
-- Records of dict_value
-- ----------------------------
BEGIN;
INSERT INTO `dict_value` VALUES ('063ac8469d2b48398cc8263b8b786356', 'ac88ceb386aa4231b09bf472cb937c24', 'org_depart_group', 'group', '集团', 'Group', '集团', 'cd9c72b4554a4061a0aa50755bd5419a', NULL, NULL, NULL, 'Mr.AG', '1', '2018-02-04 23:08:46', 'Mr.AG', '1', '2018-02-05 12:40:41', NULL, NULL, NULL, NULL, NULL, 1);
INSERT INTO `dict_value` VALUES ('276fc4a924b241d6820209c42e1b2ccc', 'ac88ceb386aa4231b09bf472cb937c24', 'authority_element_button', 'button', '按钮', 'button', 'button', '2e7a6f2dab184e3c891040d7b9b7e7ec', NULL, NULL, NULL, '', NULL, '2018-02-01 12:26:38', 'Mr.AG', '1', '2018-02-02 19:43:43', NULL, NULL, NULL, NULL, NULL, 1);
INSERT INTO `dict_value` VALUES ('49000e5b738544df9f864489142e518c', 'ac88ceb386aa4231b09bf472cb937c24', 'org_depart_ou', 'ou', '公司', 'OU', '公司', 'cd9c72b4554a4061a0aa50755bd5419a', NULL, NULL, NULL, 'Mr.AG', '1', '2018-02-04 23:10:17', 'Mr.AG', '1', '2018-02-05 12:40:46', NULL, NULL, NULL, NULL, NULL, 2);
INSERT INTO `dict_value` VALUES ('4b1112f4d71c492796690062aeedeb25', 'ac88ceb386aa4231b09bf472cb937c24', 'authority_element_uri', 'uri', '资源', 'uri', 'uri', '2e7a6f2dab184e3c891040d7b9b7e7ec', NULL, NULL, NULL, '', NULL, '2018-02-01 12:26:01', 'Mr.AG', '1', '2018-02-02 19:43:54', NULL, NULL, NULL, NULL, NULL, 1);
INSERT INTO `dict_value` VALUES ('648eba56aba04fdbb5be553c27234ab9', 'ac88ceb386aa4231b09bf472cb937c24', 'org_position_role', 'role', '权限岗位', '权限岗位', '权限岗位', '6db3bb1a0bcb4cfca75a1e9d87996ff0', NULL, NULL, NULL, 'Mr.AG', '1', '2018-04-04 18:57:38', 'Mr.AG', '1', '2018-04-04 18:57:38', NULL, NULL, NULL, NULL, NULL, 2);
INSERT INTO `dict_value` VALUES ('657ae6bd192a36729d39446174bcf64c', 'ac88ceb386aa4231b09bf472cb937c24', 'comm_sex_woman', 'woman', '女', 'Woman', '女', 'd62b242fde833653bce1498787ea6c31', NULL, NULL, NULL, NULL, NULL, NULL, '', NULL, '2018-02-01 12:51:52', NULL, NULL, NULL, NULL, NULL, 1);
INSERT INTO `dict_value` VALUES ('687a9d26f11049d29ea5e33eecd6a4fd', 'ac88ceb386aa4231b09bf472cb937c24', 'org_depart_dept', 'dept', '部门', 'Depart', '部门', 'cd9c72b4554a4061a0aa50755bd5419a', NULL, NULL, NULL, 'Mr.AG', '1', '2018-02-04 23:11:02', 'Mr.AG', '1', '2018-02-05 12:40:52', NULL, NULL, NULL, NULL, NULL, 4);
INSERT INTO `dict_value` VALUES ('75a832a6d3684b4a9aa62e04e84213d0', 'ac88ceb386aa4231b09bf472cb937c24', 'org_depart_bu', 'bu', '事业部', 'BU', '事业部', 'cd9c72b4554a4061a0aa50755bd5419a', NULL, NULL, NULL, 'Mr.AG', '1', '2018-02-04 23:10:45', 'Mr.AG', '1', '2018-02-05 12:40:49', NULL, NULL, NULL, NULL, NULL, 3);
INSERT INTO `dict_value` VALUES ('8571cabddd083a5ab732b1df81bdf392', 'ac88ceb386aa4231b09bf472cb937c24', 'comm_sex_man', 'man', '男', 'Man', '男', 'd62b242fde833653bce1498787ea6c31', NULL, NULL, NULL, NULL, NULL, NULL, '', NULL, '2018-02-01 12:51:55', NULL, NULL, NULL, NULL, NULL, 1);
INSERT INTO `dict_value` VALUES ('adc4459f7af64bc5975da46fb8b430b3', 'ac88ceb386aa4231b09bf472cb937c24', 'org_position_flow', 'flow', '流程岗位', '流程岗位', '流程岗位', '6db3bb1a0bcb4cfca75a1e9d87996ff0', NULL, NULL, NULL, 'Mr.AG', '1', '2018-04-04 18:57:26', 'Mr.AG', '1', '2018-04-04 18:57:26', NULL, NULL, NULL, NULL, NULL, 1);
INSERT INTO `dict_value` VALUES ('c5158e555e164e648b149dafe2e89e0a', 'ac88ceb386aa4231b09bf472cb937c24', 'comm_sex_unknown', 'unknown', '未知', 'Unknown', '未知', 'd62b242fde833653bce1498787ea6c31', NULL, NULL, NULL, '', NULL, '2018-01-31 19:27:27', '超级管理员', '3a581002bb5148f9b00173c4d3d58ade', '2019-07-07 01:18:35', NULL, NULL, NULL, NULL, NULL, 1);
INSERT INTO `dict_value` VALUES ('d55d6ed5a0024779b959f43288857089', 'ac88ceb386aa4231b09bf472cb937c24', 'authority_menu_dirt', 'dirt', '目录', 'Dirt', '目录', '67374d6aebeb4cc28484c7f303ec85f5', NULL, NULL, NULL, '', NULL, '2018-02-01 12:25:09', '', NULL, '2018-02-01 12:52:49', NULL, NULL, NULL, NULL, NULL, 1);
INSERT INTO `dict_value` VALUES ('ee4920be6f424be0bfba54d7b1202068', 'ac88ceb386aa4231b09bf472cb937c24', 'authority_menu_menu', 'menu', '菜单', 'Menu', '菜单', '67374d6aebeb4cc28484c7f303ec85f5', NULL, NULL, NULL, '', NULL, '2018-02-01 12:24:23', '', NULL, '2018-02-01 12:52:51', NULL, NULL, NULL, NULL, NULL, 1);
COMMIT;

-- ----------------------------
-- Table structure for gate_log
-- ----------------------------
DROP TABLE IF EXISTS `gate_log`;
CREATE TABLE `gate_log` (
  `id` int(11) NOT NULL AUTO_INCREMENT COMMENT '序号',
  `tenant_id` varchar(36) COLLATE utf8_bin DEFAULT NULL COMMENT '租户Id',
  `menu` varchar(255) COLLATE utf8_bin DEFAULT NULL COMMENT '菜单',
  `opt` varchar(255) COLLATE utf8_bin DEFAULT NULL COMMENT '操作',
  `uri` varchar(255) COLLATE utf8_bin DEFAULT NULL COMMENT '资源路径',
  `crt_time` datetime DEFAULT NULL COMMENT '操作时间',
  `crt_user` varchar(255) COLLATE utf8_bin DEFAULT NULL COMMENT '操作人ID',
  `crt_name` varchar(255) COLLATE utf8_bin DEFAULT NULL COMMENT '操作人',
  `crt_host` varchar(255) COLLATE utf8_bin DEFAULT NULL COMMENT '操作主机',
  PRIMARY KEY (`id`)
) ENGINE=InnoDB AUTO_INCREMENT=306 DEFAULT CHARSET=utf8 COLLATE=utf8_bin;

-- ----------------------------
-- Records of gate_log
-- ----------------------------
BEGIN;
INSERT INTO `gate_log` VALUES (1, 'ac88ceb386aa4231b09bf472cb937c24', '部门管理', '新增部门值', '/admin/depart', '2018-02-12 20:09:46', '1', 'Mr.AG', '127.0.0.1');
INSERT INTO `gate_log` VALUES (2, 'ac88ceb386aa4231b09bf472cb937c24', '部门管理', '删除部门值', '/admin/depart', '2018-02-12 20:12:14', '1', 'Mr.AG', '127.0.0.1');
INSERT INTO `gate_log` VALUES (3, 'ac88ceb386aa4231b09bf472cb937c24', '部门管理', '删除部门值', '/admin/depart', '2018-02-12 20:12:14', '1', 'Mr.AG', '127.0.0.1');
INSERT INTO `gate_log` VALUES (4, 'ac88ceb386aa4231b09bf472cb937c24', '部门管理', '新增部门值', '/admin/depart', '2018-02-12 20:12:18', '1', 'Mr.AG', '127.0.0.1');
INSERT INTO `gate_log` VALUES (5, 'ac88ceb386aa4231b09bf472cb937c24', '部门管理', '编辑部门值', '/admin/depart', '2018-02-12 20:13:55', '1', 'Mr.AG', '127.0.0.1');
INSERT INTO `gate_log` VALUES (6, 'ac88ceb386aa4231b09bf472cb937c24', '部门管理', '新增部门值', '/admin/depart', '2018-02-12 20:15:49', '1', 'Mr.AG', '127.0.0.1');
INSERT INTO `gate_log` VALUES (7, 'ac88ceb386aa4231b09bf472cb937c24', '部门管理', '新增部门值', '/admin/depart', '2018-02-12 20:19:34', '1', 'Mr.AG', '127.0.0.1');
INSERT INTO `gate_log` VALUES (8, 'ac88ceb386aa4231b09bf472cb937c24', '部门管理', '新增部门值', '/admin/depart', '2018-02-12 20:19:42', '1', 'Mr.AG', '127.0.0.1');
INSERT INTO `gate_log` VALUES (9, 'ac88ceb386aa4231b09bf472cb937c24', '部门管理', '新增部门值', '/admin/depart', '2018-02-12 20:20:09', '1', 'Mr.AG', '127.0.0.1');
INSERT INTO `gate_log` VALUES (10, 'ac88ceb386aa4231b09bf472cb937c24', '部门管理', '新增部门值', '/admin/depart', '2018-02-12 20:20:46', '1', 'Mr.AG', '127.0.0.1');
INSERT INTO `gate_log` VALUES (11, 'ac88ceb386aa4231b09bf472cb937c24', '部门管理', '删除部门值', '/admin/depart', '2018-02-12 20:25:55', '1', 'Mr.AG', '127.0.0.1');
INSERT INTO `gate_log` VALUES (12, 'ac88ceb386aa4231b09bf472cb937c24', '部门管理', '删除部门值', '/admin/depart', '2018-02-12 20:25:57', '1', 'Mr.AG', '127.0.0.1');
INSERT INTO `gate_log` VALUES (13, 'ac88ceb386aa4231b09bf472cb937c24', '部门管理', '编辑部门值', '/admin/depart', '2018-02-12 20:26:25', '1', 'Mr.AG', '127.0.0.1');
INSERT INTO `gate_log` VALUES (14, 'ac88ceb386aa4231b09bf472cb937c24', '用户管理', '新增', '/admin/user', '2018-02-12 20:27:10', '1', 'Mr.AG', '127.0.0.1');
INSERT INTO `gate_log` VALUES (15, 'ac88ceb386aa4231b09bf472cb937c24', '用户管理', '编辑', '/admin/user', '2018-02-12 20:29:42', '1', 'Mr.AG', '127.0.0.1');
INSERT INTO `gate_log` VALUES (16, 'ac88ceb386aa4231b09bf472cb937c24', '菜单管理', '新增元素', '/admin/element', '2018-02-12 21:05:47', '1', 'Mr.AG', '127.0.0.1');
INSERT INTO `gate_log` VALUES (17, 'ac88ceb386aa4231b09bf472cb937c24', '租户管理', '编辑租户', '/admin/tenant', '2018-02-12 21:22:59', '1', 'Mr.AG', '127.0.0.1');
INSERT INTO `gate_log` VALUES (18, 'ac88ceb386aa4231b09bf472cb937c24', '租户管理', '编辑租户', '/admin/tenant', '2018-02-12 21:32:00', '1', 'Mr.AG', '127.0.0.1');
INSERT INTO `gate_log` VALUES (19, 'ac88ceb386aa4231b09bf472cb937c24', '租户管理', '编辑租户', '/admin/tenant', '2018-02-12 21:33:02', '1', 'Mr.AG', '127.0.0.1');
INSERT INTO `gate_log` VALUES (20, 'ac88ceb386aa4231b09bf472cb937c24', '租户管理', '编辑租户', '/admin/tenant', '2018-02-12 21:34:47', '1', 'Mr.AG', '127.0.0.1');
INSERT INTO `gate_log` VALUES (21, 'ac88ceb386aa4231b09bf472cb937c24', '租户管理', '编辑租户', '/admin/tenant', '2018-02-12 21:41:39', '1', 'Mr.AG', '127.0.0.1');
INSERT INTO `gate_log` VALUES (22, 'ac88ceb386aa4231b09bf472cb937c24', '角色权限管理', '新增', '/admin/group', '2018-02-12 23:20:07', '1', 'Mr.AG', '127.0.0.1');
INSERT INTO `gate_log` VALUES (23, 'ac88ceb386aa4231b09bf472cb937c24', '角色权限管理', '新增', '/admin/group', '2018-02-12 23:20:47', '1', 'Mr.AG', '127.0.0.1');
INSERT INTO `gate_log` VALUES (24, 'ac88ceb386aa4231b09bf472cb937c24', '角色权限管理', '新增', '/admin/group', '2018-02-12 23:20:53', '1', 'Mr.AG', '127.0.0.1');
INSERT INTO `gate_log` VALUES (25, 'ac88ceb386aa4231b09bf472cb937c24', '角色权限管理', '新增', '/admin/group', '2018-02-12 23:25:14', '1', 'Mr.AG', '127.0.0.1');
INSERT INTO `gate_log` VALUES (26, 'ac88ceb386aa4231b09bf472cb937c24', '角色权限管理', '编辑', '/admin/group', '2018-02-12 23:25:22', '1', 'Mr.AG', '127.0.0.1');
INSERT INTO `gate_log` VALUES (27, 'ac88ceb386aa4231b09bf472cb937c24', '角色权限管理', '新增', '/admin/group', '2018-02-12 23:25:46', '1', 'Mr.AG', '127.0.0.1');
INSERT INTO `gate_log` VALUES (28, 'ac88ceb386aa4231b09bf472cb937c24', '角色权限管理', '新增', '/admin/group', '2018-02-12 23:26:12', '1', 'Mr.AG', '127.0.0.1');
INSERT INTO `gate_log` VALUES (29, 'ac88ceb386aa4231b09bf472cb937c24', '角色权限管理', '新增', '/admin/group', '2018-02-12 23:26:27', '1', 'Mr.AG', '127.0.0.1');
INSERT INTO `gate_log` VALUES (30, 'ac88ceb386aa4231b09bf472cb937c24', '角色权限管理', '新增', '/admin/group', '2018-02-12 23:26:36', '1', 'Mr.AG', '127.0.0.1');
INSERT INTO `gate_log` VALUES (31, 'ac88ceb386aa4231b09bf472cb937c24', '角色权限管理', '新增', '/admin/group', '2018-02-12 23:26:36', '1', 'Mr.AG', '127.0.0.1');
INSERT INTO `gate_log` VALUES (32, 'ac88ceb386aa4231b09bf472cb937c24', '角色权限管理', '新增', '/admin/group', '2018-02-12 23:26:36', '1', 'Mr.AG', '127.0.0.1');
INSERT INTO `gate_log` VALUES (33, 'ac88ceb386aa4231b09bf472cb937c24', '角色权限管理', '新增', '/admin/group', '2018-02-12 23:26:36', '1', 'Mr.AG', '127.0.0.1');
INSERT INTO `gate_log` VALUES (34, 'ac88ceb386aa4231b09bf472cb937c24', '角色权限管理', '新增', '/admin/group', '2018-02-12 23:26:46', '1', 'Mr.AG', '127.0.0.1');
INSERT INTO `gate_log` VALUES (35, 'ac88ceb386aa4231b09bf472cb937c24', '角色权限管理', '新增', '/admin/group', '2018-02-12 23:26:50', '1', 'Mr.AG', '127.0.0.1');
INSERT INTO `gate_log` VALUES (36, 'ac88ceb386aa4231b09bf472cb937c24', '角色权限管理', '新增', '/admin/group', '2018-02-12 23:26:50', '1', 'Mr.AG', '127.0.0.1');
INSERT INTO `gate_log` VALUES (37, 'ac88ceb386aa4231b09bf472cb937c24', '角色权限管理', '新增', '/admin/group', '2018-02-12 23:26:50', '1', 'Mr.AG', '127.0.0.1');
INSERT INTO `gate_log` VALUES (38, 'ac88ceb386aa4231b09bf472cb937c24', '角色权限管理', '新增', '/admin/group', '2018-02-12 23:26:50', '1', 'Mr.AG', '127.0.0.1');
INSERT INTO `gate_log` VALUES (39, 'ac88ceb386aa4231b09bf472cb937c24', '角色权限管理', '新增', '/admin/group', '2018-02-12 23:26:50', '1', 'Mr.AG', '127.0.0.1');
INSERT INTO `gate_log` VALUES (40, 'ac88ceb386aa4231b09bf472cb937c24', '角色权限管理', '新增', '/admin/group', '2018-02-12 23:26:50', '1', 'Mr.AG', '127.0.0.1');
INSERT INTO `gate_log` VALUES (41, 'ac88ceb386aa4231b09bf472cb937c24', '角色权限管理', '新增', '/admin/group', '2018-02-12 23:26:50', '1', 'Mr.AG', '127.0.0.1');
INSERT INTO `gate_log` VALUES (42, 'ac88ceb386aa4231b09bf472cb937c24', '角色权限管理', '新增', '/admin/group', '2018-02-12 23:26:50', '1', 'Mr.AG', '127.0.0.1');
INSERT INTO `gate_log` VALUES (43, 'ac88ceb386aa4231b09bf472cb937c24', '角色权限管理', '新增', '/admin/group', '2018-02-12 23:26:50', '1', 'Mr.AG', '127.0.0.1');
INSERT INTO `gate_log` VALUES (44, 'ac88ceb386aa4231b09bf472cb937c24', '角色权限管理', '新增', '/admin/group', '2018-02-12 23:26:50', '1', 'Mr.AG', '127.0.0.1');
INSERT INTO `gate_log` VALUES (45, 'ac88ceb386aa4231b09bf472cb937c24', '角色权限管理', '新增', '/admin/group', '2018-02-12 23:26:50', '1', 'Mr.AG', '127.0.0.1');
INSERT INTO `gate_log` VALUES (46, 'ac88ceb386aa4231b09bf472cb937c24', '角色权限管理', '新增', '/admin/group', '2018-02-12 23:26:55', '1', 'Mr.AG', '127.0.0.1');
INSERT INTO `gate_log` VALUES (47, 'ac88ceb386aa4231b09bf472cb937c24', '角色权限管理', '新增', '/admin/group', '2018-02-12 23:26:58', '1', 'Mr.AG', '127.0.0.1');
INSERT INTO `gate_log` VALUES (48, 'ac88ceb386aa4231b09bf472cb937c24', '角色权限管理', '新增', '/admin/group', '2018-02-12 23:26:59', '1', 'Mr.AG', '127.0.0.1');
INSERT INTO `gate_log` VALUES (49, 'ac88ceb386aa4231b09bf472cb937c24', '角色权限管理', '新增', '/admin/group', '2018-02-12 23:26:59', '1', 'Mr.AG', '127.0.0.1');
INSERT INTO `gate_log` VALUES (50, 'ac88ceb386aa4231b09bf472cb937c24', '角色权限管理', '新增', '/admin/group', '2018-02-12 23:26:59', '1', 'Mr.AG', '127.0.0.1');
INSERT INTO `gate_log` VALUES (51, 'ac88ceb386aa4231b09bf472cb937c24', '角色权限管理', '新增', '/admin/group', '2018-02-12 23:26:59', '1', 'Mr.AG', '127.0.0.1');
INSERT INTO `gate_log` VALUES (52, 'ac88ceb386aa4231b09bf472cb937c24', '角色权限管理', '新增', '/admin/group', '2018-02-12 23:26:59', '1', 'Mr.AG', '127.0.0.1');
INSERT INTO `gate_log` VALUES (53, 'ac88ceb386aa4231b09bf472cb937c24', '角色权限管理', '新增', '/admin/group', '2018-02-12 23:26:59', '1', 'Mr.AG', '127.0.0.1');
INSERT INTO `gate_log` VALUES (54, 'ac88ceb386aa4231b09bf472cb937c24', '角色权限管理', '新增', '/admin/group', '2018-02-12 23:27:00', '1', 'Mr.AG', '127.0.0.1');
INSERT INTO `gate_log` VALUES (55, 'ac88ceb386aa4231b09bf472cb937c24', '角色权限管理', '新增', '/admin/group', '2018-02-12 23:27:00', '1', 'Mr.AG', '127.0.0.1');
INSERT INTO `gate_log` VALUES (56, 'ac88ceb386aa4231b09bf472cb937c24', '角色权限管理', '新增', '/admin/group', '2018-02-12 23:27:00', '1', 'Mr.AG', '127.0.0.1');
INSERT INTO `gate_log` VALUES (57, 'ac88ceb386aa4231b09bf472cb937c24', '角色权限管理', '新增', '/admin/group', '2018-02-12 23:27:00', '1', 'Mr.AG', '127.0.0.1');
INSERT INTO `gate_log` VALUES (58, 'ac88ceb386aa4231b09bf472cb937c24', '角色权限管理', '新增', '/admin/group', '2018-02-12 23:27:00', '1', 'Mr.AG', '127.0.0.1');
INSERT INTO `gate_log` VALUES (59, 'ac88ceb386aa4231b09bf472cb937c24', '角色权限管理', '新增', '/admin/group', '2018-02-12 23:27:00', '1', 'Mr.AG', '127.0.0.1');
INSERT INTO `gate_log` VALUES (60, 'ac88ceb386aa4231b09bf472cb937c24', '角色权限管理', '新增', '/admin/group', '2018-02-12 23:27:00', '1', 'Mr.AG', '127.0.0.1');
INSERT INTO `gate_log` VALUES (61, 'ac88ceb386aa4231b09bf472cb937c24', '角色权限管理', '新增', '/admin/group', '2018-02-12 23:27:01', '1', 'Mr.AG', '127.0.0.1');
INSERT INTO `gate_log` VALUES (62, 'ac88ceb386aa4231b09bf472cb937c24', '角色权限管理', '新增', '/admin/group', '2018-02-12 23:27:07', '1', 'Mr.AG', '127.0.0.1');
INSERT INTO `gate_log` VALUES (63, 'ac88ceb386aa4231b09bf472cb937c24', '角色权限管理', '新增', '/admin/group', '2018-02-12 23:27:07', '1', 'Mr.AG', '127.0.0.1');
INSERT INTO `gate_log` VALUES (64, 'ac88ceb386aa4231b09bf472cb937c24', '角色权限管理', '新增', '/admin/group', '2018-02-12 23:27:07', '1', 'Mr.AG', '127.0.0.1');
INSERT INTO `gate_log` VALUES (65, 'ac88ceb386aa4231b09bf472cb937c24', '角色权限管理', '新增', '/admin/group', '2018-02-12 23:27:07', '1', 'Mr.AG', '127.0.0.1');
INSERT INTO `gate_log` VALUES (66, 'ac88ceb386aa4231b09bf472cb937c24', '角色权限管理', '新增', '/admin/group', '2018-02-12 23:27:09', '1', 'Mr.AG', '127.0.0.1');
INSERT INTO `gate_log` VALUES (67, 'ac88ceb386aa4231b09bf472cb937c24', '角色权限管理', '新增', '/admin/group', '2018-02-12 23:27:09', '1', 'Mr.AG', '127.0.0.1');
INSERT INTO `gate_log` VALUES (68, 'ac88ceb386aa4231b09bf472cb937c24', '角色权限管理', '新增', '/admin/group', '2018-02-12 23:27:09', '1', 'Mr.AG', '127.0.0.1');
INSERT INTO `gate_log` VALUES (69, 'ac88ceb386aa4231b09bf472cb937c24', '角色权限管理', '新增', '/admin/group', '2018-02-12 23:27:09', '1', 'Mr.AG', '127.0.0.1');
INSERT INTO `gate_log` VALUES (70, 'ac88ceb386aa4231b09bf472cb937c24', '角色权限管理', '新增', '/admin/group', '2018-02-12 23:27:10', '1', 'Mr.AG', '127.0.0.1');
INSERT INTO `gate_log` VALUES (71, 'ac88ceb386aa4231b09bf472cb937c24', '角色权限管理', '新增', '/admin/group', '2018-02-12 23:27:10', '1', 'Mr.AG', '127.0.0.1');
INSERT INTO `gate_log` VALUES (72, 'ac88ceb386aa4231b09bf472cb937c24', '角色权限管理', '新增', '/admin/group', '2018-02-12 23:27:10', '1', 'Mr.AG', '127.0.0.1');
INSERT INTO `gate_log` VALUES (73, 'ac88ceb386aa4231b09bf472cb937c24', '角色权限管理', '新增', '/admin/group', '2018-02-12 23:27:10', '1', 'Mr.AG', '127.0.0.1');
INSERT INTO `gate_log` VALUES (74, 'ac88ceb386aa4231b09bf472cb937c24', '角色权限管理', '新增', '/admin/group', '2018-02-12 23:27:10', '1', 'Mr.AG', '127.0.0.1');
INSERT INTO `gate_log` VALUES (75, 'ac88ceb386aa4231b09bf472cb937c24', '角色权限管理', '新增', '/admin/group', '2018-02-12 23:27:10', '1', 'Mr.AG', '127.0.0.1');
INSERT INTO `gate_log` VALUES (76, 'ac88ceb386aa4231b09bf472cb937c24', '角色权限管理', '新增', '/admin/group', '2018-02-12 23:27:10', '1', 'Mr.AG', '127.0.0.1');
INSERT INTO `gate_log` VALUES (77, 'ac88ceb386aa4231b09bf472cb937c24', '角色权限管理', '新增', '/admin/group', '2018-02-12 23:27:13', '1', 'Mr.AG', '127.0.0.1');
INSERT INTO `gate_log` VALUES (78, 'ac88ceb386aa4231b09bf472cb937c24', '角色权限管理', '新增', '/admin/group', '2018-02-12 23:27:13', '1', 'Mr.AG', '127.0.0.1');
INSERT INTO `gate_log` VALUES (79, 'ac88ceb386aa4231b09bf472cb937c24', '角色权限管理', '新增', '/admin/group', '2018-02-12 23:27:13', '1', 'Mr.AG', '127.0.0.1');
INSERT INTO `gate_log` VALUES (80, 'ac88ceb386aa4231b09bf472cb937c24', '角色权限管理', '新增', '/admin/group', '2018-02-12 23:27:13', '1', 'Mr.AG', '127.0.0.1');
INSERT INTO `gate_log` VALUES (81, 'ac88ceb386aa4231b09bf472cb937c24', '角色权限管理', '新增', '/admin/group', '2018-02-12 23:27:13', '1', 'Mr.AG', '127.0.0.1');
INSERT INTO `gate_log` VALUES (82, 'ac88ceb386aa4231b09bf472cb937c24', '角色权限管理', '新增', '/admin/group', '2018-02-12 23:27:13', '1', 'Mr.AG', '127.0.0.1');
INSERT INTO `gate_log` VALUES (83, 'ac88ceb386aa4231b09bf472cb937c24', '角色权限管理', '新增', '/admin/group', '2018-02-12 23:27:13', '1', 'Mr.AG', '127.0.0.1');
INSERT INTO `gate_log` VALUES (84, 'ac88ceb386aa4231b09bf472cb937c24', '角色权限管理', '新增', '/admin/group', '2018-02-12 23:27:13', '1', 'Mr.AG', '127.0.0.1');
INSERT INTO `gate_log` VALUES (85, 'ac88ceb386aa4231b09bf472cb937c24', '角色权限管理', '新增', '/admin/group', '2018-02-12 23:27:13', '1', 'Mr.AG', '127.0.0.1');
INSERT INTO `gate_log` VALUES (86, 'ac88ceb386aa4231b09bf472cb937c24', '角色权限管理', '新增', '/admin/group', '2018-02-12 23:27:13', '1', 'Mr.AG', '127.0.0.1');
INSERT INTO `gate_log` VALUES (87, 'ac88ceb386aa4231b09bf472cb937c24', '角色权限管理', '新增', '/admin/group', '2018-02-12 23:27:13', '1', 'Mr.AG', '127.0.0.1');
INSERT INTO `gate_log` VALUES (88, 'ac88ceb386aa4231b09bf472cb937c24', '角色权限管理', '新增', '/admin/group', '2018-02-12 23:27:13', '1', 'Mr.AG', '127.0.0.1');
INSERT INTO `gate_log` VALUES (89, 'ac88ceb386aa4231b09bf472cb937c24', '角色权限管理', '新增', '/admin/group', '2018-02-12 23:27:14', '1', 'Mr.AG', '127.0.0.1');
INSERT INTO `gate_log` VALUES (90, 'ac88ceb386aa4231b09bf472cb937c24', '角色权限管理', '新增', '/admin/group', '2018-02-12 23:27:15', '1', 'Mr.AG', '127.0.0.1');
INSERT INTO `gate_log` VALUES (91, 'ac88ceb386aa4231b09bf472cb937c24', '角色权限管理', '新增', '/admin/group', '2018-02-12 23:34:56', '1', 'Mr.AG', '127.0.0.1');
INSERT INTO `gate_log` VALUES (92, 'ac88ceb386aa4231b09bf472cb937c24', '角色权限管理', '新增', '/admin/group', '2018-02-12 23:36:12', '1', 'Mr.AG', '127.0.0.1');
INSERT INTO `gate_log` VALUES (93, 'ac88ceb386aa4231b09bf472cb937c24', '角色权限管理', '新增', '/admin/group', '2018-02-12 23:38:15', '1', 'Mr.AG', '127.0.0.1');
INSERT INTO `gate_log` VALUES (94, 'ac88ceb386aa4231b09bf472cb937c24', '角色权限管理', '新增', '/admin/group', '2018-02-12 23:38:16', '1', 'Mr.AG', '127.0.0.1');
INSERT INTO `gate_log` VALUES (95, 'ac88ceb386aa4231b09bf472cb937c24', '角色权限管理', '新增', '/admin/group', '2018-02-12 23:38:18', '1', 'Mr.AG', '127.0.0.1');
INSERT INTO `gate_log` VALUES (96, '1ec08564dcc344018d6aaa910068f0f0', '部门管理', '新增部门值', '/admin/depart', '2018-02-12 23:38:29', 'a1a2cb17b4f24e50bbde2f1b8a233bcb', '测试租户', '127.0.0.1');
INSERT INTO `gate_log` VALUES (97, '1ec08564dcc344018d6aaa910068f0f0', '部门管理', '编辑部门值', '/admin/depart', '2018-02-12 23:40:45', 'a1a2cb17b4f24e50bbde2f1b8a233bcb', '测试租户', '127.0.0.1');
INSERT INTO `gate_log` VALUES (98, '1ec08564dcc344018d6aaa910068f0f0', '用户管理', '新增', '/admin/user', '2018-02-12 23:41:32', 'a1a2cb17b4f24e50bbde2f1b8a233bcb', '测试租户', '127.0.0.1');
INSERT INTO `gate_log` VALUES (99, '1ec08564dcc344018d6aaa910068f0f0', '用户管理', '编辑', '/admin/user', '2018-02-12 23:54:06', 'a1a2cb17b4f24e50bbde2f1b8a233bcb', '测试租户', '127.0.0.1');
INSERT INTO `gate_log` VALUES (100, '1ec08564dcc344018d6aaa910068f0f0', '用户管理', '编辑', '/admin/user', '2018-02-12 23:54:12', 'a1a2cb17b4f24e50bbde2f1b8a233bcb', '测试租户', '127.0.0.1');
INSERT INTO `gate_log` VALUES (101, '1ec08564dcc344018d6aaa910068f0f0', '部门管理', '删除部门值', '/admin/depart', '2018-02-12 23:58:38', 'a1a2cb17b4f24e50bbde2f1b8a233bcb', '测试租户', '127.0.0.1');
INSERT INTO `gate_log` VALUES (102, '1ec08564dcc344018d6aaa910068f0f0', '部门管理', '删除部门值', '/admin/depart', '2018-02-12 23:58:41', 'a1a2cb17b4f24e50bbde2f1b8a233bcb', '测试租户', '127.0.0.1');
INSERT INTO `gate_log` VALUES (103, '1ec08564dcc344018d6aaa910068f0f0', '角色权限管理', '新增', '/admin/group', '2018-02-13 00:04:26', 'a1a2cb17b4f24e50bbde2f1b8a233bcb', '测试租户', '127.0.0.1');
INSERT INTO `gate_log` VALUES (104, '1ec08564dcc344018d6aaa910068f0f0', '角色权限管理', '新增', '/admin/group', '2018-02-13 00:05:06', 'a1a2cb17b4f24e50bbde2f1b8a233bcb', '测试租户', '127.0.0.1');
INSERT INTO `gate_log` VALUES (105, '1ec08564dcc344018d6aaa910068f0f0', '角色权限管理', '新增', '/admin/group', '2018-02-13 00:05:07', 'a1a2cb17b4f24e50bbde2f1b8a233bcb', '测试租户', '127.0.0.1');
INSERT INTO `gate_log` VALUES (106, '1ec08564dcc344018d6aaa910068f0f0', '角色权限管理', '新增', '/admin/group', '2018-02-13 00:05:09', 'a1a2cb17b4f24e50bbde2f1b8a233bcb', '测试租户', '127.0.0.1');
INSERT INTO `gate_log` VALUES (107, '1ec08564dcc344018d6aaa910068f0f0', '部门管理', '新增岗位', '/admin/position', '2018-02-13 00:05:28', 'a1a2cb17b4f24e50bbde2f1b8a233bcb', '测试租户', '127.0.0.1');
INSERT INTO `gate_log` VALUES (108, '1ec08564dcc344018d6aaa910068f0f0', '部门管理', '新增岗位', '/admin/position', '2018-02-13 00:06:50', 'a1a2cb17b4f24e50bbde2f1b8a233bcb', '测试租户', '127.0.0.1');
INSERT INTO `gate_log` VALUES (109, '1ec08564dcc344018d6aaa910068f0f0', '部门管理', '新增岗位', '/admin/position', '2018-02-13 00:07:28', 'a1a2cb17b4f24e50bbde2f1b8a233bcb', '测试租户', '127.0.0.1');
INSERT INTO `gate_log` VALUES (110, '1ec08564dcc344018d6aaa910068f0f0', '部门管理', '新增岗位', '/admin/position', '2018-02-13 00:12:54', 'a1a2cb17b4f24e50bbde2f1b8a233bcb', '测试租户', '127.0.0.1');
INSERT INTO `gate_log` VALUES (111, '1ec08564dcc344018d6aaa910068f0f0', '部门管理', '新增岗位', '/admin/position', '2018-02-13 00:14:18', 'a1a2cb17b4f24e50bbde2f1b8a233bcb', '测试租户', '127.0.0.1');
INSERT INTO `gate_log` VALUES (112, '1ec08564dcc344018d6aaa910068f0f0', '部门管理', '新增岗位', '/admin/position', '2018-02-13 00:14:50', 'a1a2cb17b4f24e50bbde2f1b8a233bcb', '测试租户', '127.0.0.1');
INSERT INTO `gate_log` VALUES (113, '1ec08564dcc344018d6aaa910068f0f0', '部门管理', '新增岗位', '/admin/position', '2018-02-13 00:15:46', 'a1a2cb17b4f24e50bbde2f1b8a233bcb', '测试租户', '127.0.0.1');
INSERT INTO `gate_log` VALUES (114, '1ec08564dcc344018d6aaa910068f0f0', '部门管理', '分配岗位角色', '/admin/position/{*}/group', '2018-02-13 00:16:30', 'a1a2cb17b4f24e50bbde2f1b8a233bcb', '测试租户', '127.0.0.1');
INSERT INTO `gate_log` VALUES (115, '1ec08564dcc344018d6aaa910068f0f0', '部门管理', '分配岗位人员', '/admin/position/{*}/user', '2018-02-13 00:17:36', 'a1a2cb17b4f24e50bbde2f1b8a233bcb', '测试租户', '127.0.0.1');
INSERT INTO `gate_log` VALUES (116, '1ec08564dcc344018d6aaa910068f0f0', '部门管理', '分配岗位角色', '/admin/position/{*}/group', '2018-02-13 00:26:23', 'a1a2cb17b4f24e50bbde2f1b8a233bcb', '测试租户', '127.0.0.1');
INSERT INTO `gate_log` VALUES (117, '1ec08564dcc344018d6aaa910068f0f0', '角色权限管理', '新增', '/admin/group', '2018-02-13 13:44:58', 'a1a2cb17b4f24e50bbde2f1b8a233bcb', '测试租户', '127.0.0.1');
INSERT INTO `gate_log` VALUES (118, '1ec08564dcc344018d6aaa910068f0f0', '角色权限管理', '新增', '/admin/group', '2018-02-13 13:45:08', 'a1a2cb17b4f24e50bbde2f1b8a233bcb', '测试租户', '127.0.0.1');
INSERT INTO `gate_log` VALUES (119, '1ec08564dcc344018d6aaa910068f0f0', '角色权限管理', '新增', '/admin/group', '2018-02-13 13:45:13', 'a1a2cb17b4f24e50bbde2f1b8a233bcb', '测试租户', '127.0.0.1');
INSERT INTO `gate_log` VALUES (120, '1ec08564dcc344018d6aaa910068f0f0', '角色权限管理', '新增', '/admin/group', '2018-02-13 13:45:20', 'a1a2cb17b4f24e50bbde2f1b8a233bcb', '测试租户', '127.0.0.1');
INSERT INTO `gate_log` VALUES (121, '1ec08564dcc344018d6aaa910068f0f0', '角色权限管理', '新增', '/admin/group', '2018-02-13 13:45:20', 'a1a2cb17b4f24e50bbde2f1b8a233bcb', '测试租户', '127.0.0.1');
INSERT INTO `gate_log` VALUES (122, '1ec08564dcc344018d6aaa910068f0f0', '角色权限管理', '新增', '/admin/group', '2018-02-13 13:45:28', 'a1a2cb17b4f24e50bbde2f1b8a233bcb', '测试租户', '127.0.0.1');
INSERT INTO `gate_log` VALUES (123, '1ec08564dcc344018d6aaa910068f0f0', '角色权限管理', '新增', '/admin/group', '2018-02-13 13:45:29', 'a1a2cb17b4f24e50bbde2f1b8a233bcb', '测试租户', '127.0.0.1');
INSERT INTO `gate_log` VALUES (124, '1ec08564dcc344018d6aaa910068f0f0', '角色权限管理', '新增', '/admin/group', '2018-02-13 13:45:32', 'a1a2cb17b4f24e50bbde2f1b8a233bcb', '测试租户', '127.0.0.1');
INSERT INTO `gate_log` VALUES (125, '1ec08564dcc344018d6aaa910068f0f0', '部门管理', '新增部门值', '/admin/depart', '2018-02-13 13:46:16', '59c28b8593c2472e99e54e3ed9b6efe8', '王小七', '127.0.0.1');
INSERT INTO `gate_log` VALUES (126, '1ec08564dcc344018d6aaa910068f0f0', '部门管理', '授权部门权限', '/admin/position/{*}/depart', '2018-02-13 13:58:08', 'a1a2cb17b4f24e50bbde2f1b8a233bcb', '测试租户', '127.0.0.1');
INSERT INTO `gate_log` VALUES (127, '1ec08564dcc344018d6aaa910068f0f0', '部门管理', '新增部门值', '/admin/depart', '2018-02-13 14:20:02', 'a1a2cb17b4f24e50bbde2f1b8a233bcb', '测试租户', '127.0.0.1');
INSERT INTO `gate_log` VALUES (128, '1ec08564dcc344018d6aaa910068f0f0', '部门管理', '授权部门权限', '/admin/position/{*}/depart', '2018-02-13 14:20:30', 'a1a2cb17b4f24e50bbde2f1b8a233bcb', '测试租户', '127.0.0.1');
INSERT INTO `gate_log` VALUES (129, '1ec08564dcc344018d6aaa910068f0f0', '部门管理', '授权部门权限', '/admin/position/{*}/depart', '2018-02-13 14:21:38', 'a1a2cb17b4f24e50bbde2f1b8a233bcb', '测试租户', '127.0.0.1');
INSERT INTO `gate_log` VALUES (130, '1ec08564dcc344018d6aaa910068f0f0', '部门管理', '授权部门权限', '/admin/position/{*}/depart', '2018-02-13 14:30:15', 'a1a2cb17b4f24e50bbde2f1b8a233bcb', '测试租户', '127.0.0.1');
INSERT INTO `gate_log` VALUES (131, '1ec08564dcc344018d6aaa910068f0f0', '部门管理', '授权部门权限', '/admin/position/{*}/depart', '2018-02-13 14:30:25', 'a1a2cb17b4f24e50bbde2f1b8a233bcb', '测试租户', '127.0.0.1');
INSERT INTO `gate_log` VALUES (132, '1ec08564dcc344018d6aaa910068f0f0', '部门管理', '授权部门权限', '/admin/position/{*}/depart', '2018-02-13 14:30:30', 'a1a2cb17b4f24e50bbde2f1b8a233bcb', '测试租户', '127.0.0.1');
INSERT INTO `gate_log` VALUES (133, '1ec08564dcc344018d6aaa910068f0f0', '部门管理', '授权部门权限', '/admin/position/{*}/depart', '2018-02-13 14:30:35', 'a1a2cb17b4f24e50bbde2f1b8a233bcb', '测试租户', '127.0.0.1');
INSERT INTO `gate_log` VALUES (134, '1ec08564dcc344018d6aaa910068f0f0', '部门管理', '授权部门权限', '/admin/position/{*}/depart', '2018-02-13 14:38:26', 'a1a2cb17b4f24e50bbde2f1b8a233bcb', '测试租户', '127.0.0.1');
INSERT INTO `gate_log` VALUES (135, '1ec08564dcc344018d6aaa910068f0f0', '部门管理', '授权部门权限', '/admin/position/{*}/depart', '2018-02-13 14:38:41', 'a1a2cb17b4f24e50bbde2f1b8a233bcb', '测试租户', '127.0.0.1');
INSERT INTO `gate_log` VALUES (136, '1ec08564dcc344018d6aaa910068f0f0', '部门管理', '授权部门权限', '/admin/position/{*}/depart', '2018-02-13 14:39:13', 'a1a2cb17b4f24e50bbde2f1b8a233bcb', '测试租户', '127.0.0.1');
INSERT INTO `gate_log` VALUES (137, '1ec08564dcc344018d6aaa910068f0f0', '部门管理', '授权部门权限', '/admin/position/{*}/depart', '2018-02-13 14:40:17', 'a1a2cb17b4f24e50bbde2f1b8a233bcb', '测试租户', '127.0.0.1');
INSERT INTO `gate_log` VALUES (138, '1ec08564dcc344018d6aaa910068f0f0', '部门管理', '授权部门权限', '/admin/position/{*}/depart', '2018-02-13 14:54:55', 'a1a2cb17b4f24e50bbde2f1b8a233bcb', '测试租户', '127.0.0.1');
INSERT INTO `gate_log` VALUES (139, '1ec08564dcc344018d6aaa910068f0f0', '部门管理', '授权部门权限', '/admin/position/{*}/depart', '2018-02-13 14:55:46', 'a1a2cb17b4f24e50bbde2f1b8a233bcb', '测试租户', '127.0.0.1');
INSERT INTO `gate_log` VALUES (140, '1ec08564dcc344018d6aaa910068f0f0', '部门管理', '授权部门权限', '/admin/position/{*}/depart', '2018-02-13 14:55:51', 'a1a2cb17b4f24e50bbde2f1b8a233bcb', '测试租户', '127.0.0.1');
INSERT INTO `gate_log` VALUES (141, '1ec08564dcc344018d6aaa910068f0f0', '部门管理', '授权部门权限', '/admin/position/{*}/depart', '2018-02-13 14:55:55', 'a1a2cb17b4f24e50bbde2f1b8a233bcb', '测试租户', '127.0.0.1');
INSERT INTO `gate_log` VALUES (142, '1ec08564dcc344018d6aaa910068f0f0', '部门管理', '授权部门权限', '/admin/position/{*}/depart', '2018-02-13 14:57:51', 'a1a2cb17b4f24e50bbde2f1b8a233bcb', '测试租户', '127.0.0.1');
INSERT INTO `gate_log` VALUES (143, '1ec08564dcc344018d6aaa910068f0f0', '部门管理', '新增部门值', '/admin/depart', '2018-02-13 14:57:53', 'a1a2cb17b4f24e50bbde2f1b8a233bcb', '测试租户', '127.0.0.1');
INSERT INTO `gate_log` VALUES (144, '1ec08564dcc344018d6aaa910068f0f0', '部门管理', '授权部门权限', '/admin/position/{*}/depart', '2018-02-13 15:39:45', 'a1a2cb17b4f24e50bbde2f1b8a233bcb', '测试租户', '127.0.0.1');
INSERT INTO `gate_log` VALUES (145, '1ec08564dcc344018d6aaa910068f0f0', '部门管理', '新增部门值', '/admin/depart', '2018-02-13 15:40:08', 'a1a2cb17b4f24e50bbde2f1b8a233bcb', '测试租户', '127.0.0.1');
INSERT INTO `gate_log` VALUES (146, '1ec08564dcc344018d6aaa910068f0f0', '部门管理', '新增部门值', '/admin/depart', '2018-02-13 15:40:09', 'a1a2cb17b4f24e50bbde2f1b8a233bcb', '测试租户', '127.0.0.1');
INSERT INTO `gate_log` VALUES (147, '1ec08564dcc344018d6aaa910068f0f0', '部门管理', '新增部门值', '/admin/depart', '2018-02-13 15:40:10', 'a1a2cb17b4f24e50bbde2f1b8a233bcb', '测试租户', '127.0.0.1');
INSERT INTO `gate_log` VALUES (148, '1ec08564dcc344018d6aaa910068f0f0', '部门管理', '新增部门值', '/admin/depart', '2018-02-13 15:40:10', 'a1a2cb17b4f24e50bbde2f1b8a233bcb', '测试租户', '127.0.0.1');
INSERT INTO `gate_log` VALUES (149, '1ec08564dcc344018d6aaa910068f0f0', '部门管理', '授权部门权限', '/admin/position/{*}/depart', '2018-02-13 15:40:41', 'a1a2cb17b4f24e50bbde2f1b8a233bcb', '测试租户', '127.0.0.1');
INSERT INTO `gate_log` VALUES (150, '1ec08564dcc344018d6aaa910068f0f0', '部门管理', '授权部门权限', '/admin/position/{*}/depart', '2018-02-13 15:41:04', 'a1a2cb17b4f24e50bbde2f1b8a233bcb', '测试租户', '127.0.0.1');
INSERT INTO `gate_log` VALUES (151, '1ec08564dcc344018d6aaa910068f0f0', '部门管理', '授权部门权限', '/admin/position/{*}/depart', '2018-02-13 15:41:08', 'a1a2cb17b4f24e50bbde2f1b8a233bcb', '测试租户', '127.0.0.1');
INSERT INTO `gate_log` VALUES (152, '1ec08564dcc344018d6aaa910068f0f0', '部门管理', '授权部门权限', '/admin/position/{*}/depart', '2018-02-13 16:06:30', 'a1a2cb17b4f24e50bbde2f1b8a233bcb', '测试租户', '127.0.0.1');
INSERT INTO `gate_log` VALUES (153, '1ec08564dcc344018d6aaa910068f0f0', '部门管理', '授权部门权限', '/admin/position/{*}/depart', '2018-02-13 16:06:44', 'a1a2cb17b4f24e50bbde2f1b8a233bcb', '测试租户', '127.0.0.1');
INSERT INTO `gate_log` VALUES (154, '1ec08564dcc344018d6aaa910068f0f0', '部门管理', '分配岗位角色', '/admin/position/{*}/group', '2018-02-13 16:18:25', 'a1a2cb17b4f24e50bbde2f1b8a233bcb', '测试租户', '127.0.0.1');
INSERT INTO `gate_log` VALUES (155, 'ac88ceb386aa4231b09bf472cb937c24', '租户管理', '编辑租户', '/admin/tenant', '2018-02-15 09:58:38', '1', 'Mr.AG', '127.0.0.1');
INSERT INTO `gate_log` VALUES (156, '1ec08564dcc344018d6aaa910068f0f0', '部门管理', '分配岗位人员', '/admin/position/{*}/user', '2018-02-15 10:26:01', 'a1a2cb17b4f24e50bbde2f1b8a233bcb', '测试租户', '127.0.0.1');
INSERT INTO `gate_log` VALUES (157, '1ec08564dcc344018d6aaa910068f0f0', '部门管理', '删除部门值', '/admin/depart', '2018-02-15 10:26:31', '59c28b8593c2472e99e54e3ed9b6efe8', '王小七', '127.0.0.1');
INSERT INTO `gate_log` VALUES (158, '1ec08564dcc344018d6aaa910068f0f0', '部门管理', '删除部门值', '/admin/depart', '2018-02-15 10:26:36', '59c28b8593c2472e99e54e3ed9b6efe8', '王小七', '127.0.0.1');
INSERT INTO `gate_log` VALUES (159, '1ec08564dcc344018d6aaa910068f0f0', '部门管理', '分配岗位人员', '/admin/position/{*}/user', '2018-02-15 10:29:54', 'a1a2cb17b4f24e50bbde2f1b8a233bcb', '测试租户', '127.0.0.1');
INSERT INTO `gate_log` VALUES (160, 'ac88ceb386aa4231b09bf472cb937c24', '租户管理', '编辑租户', '/admin/tenant', '2018-02-15 10:57:12', '1', 'Mr.AG', '127.0.0.1');
INSERT INTO `gate_log` VALUES (161, 'ac88ceb386aa4231b09bf472cb937c24', '部门管理', '新增岗位', '/admin/position', '2018-02-15 10:57:27', '1', 'Mr.AG', '127.0.0.1');
INSERT INTO `gate_log` VALUES (162, 'ac88ceb386aa4231b09bf472cb937c24', '用户管理', '编辑', '/admin/user', '2018-02-15 13:46:32', '1', 'Mr.AG', '127.0.0.1');
INSERT INTO `gate_log` VALUES (163, 'ac88ceb386aa4231b09bf472cb937c24', '角色权限管理', '新增', '/admin/group', '2018-02-15 13:46:44', '1', 'Mr.AG', '127.0.0.1');
INSERT INTO `gate_log` VALUES (164, 'ac88ceb386aa4231b09bf472cb937c24', '部门管理', '授权部门权限', '/admin/position/{*}/depart', '2018-02-15 13:47:20', '1', 'Mr.AG', '127.0.0.1');
INSERT INTO `gate_log` VALUES (165, 'ac88ceb386aa4231b09bf472cb937c24', '菜单管理', '新增', '/admin/menu', '2018-02-25 13:30:49', '1', 'Mr.AG', '127.0.0.1');
INSERT INTO `gate_log` VALUES (166, 'ac88ceb386aa4231b09bf472cb937c24', '菜单管理', '新增元素', '/admin/element', '2018-02-25 13:42:23', '1', 'Mr.AG', '127.0.0.1');
INSERT INTO `gate_log` VALUES (167, 'ac88ceb386aa4231b09bf472cb937c24', '菜单管理', '新增元素', '/admin/element', '2018-02-25 13:43:16', '1', 'Mr.AG', '127.0.0.1');
INSERT INTO `gate_log` VALUES (168, 'ac88ceb386aa4231b09bf472cb937c24', '菜单管理', '新增元素', '/admin/element', '2018-02-25 13:46:18', '1', 'Mr.AG', '127.0.0.1');
INSERT INTO `gate_log` VALUES (169, 'ac88ceb386aa4231b09bf472cb937c24', '菜单管理', '新增元素', '/admin/element', '2018-02-25 13:47:18', '1', 'Mr.AG', '127.0.0.1');
INSERT INTO `gate_log` VALUES (170, 'ac88ceb386aa4231b09bf472cb937c24', '菜单管理', '编辑元素', '/admin/element', '2018-02-25 13:51:39', '1', 'Mr.AG', '127.0.0.1');
INSERT INTO `gate_log` VALUES (171, 'ac88ceb386aa4231b09bf472cb937c24', '菜单管理', '编辑元素', '/admin/element', '2018-02-25 13:51:48', '1', 'Mr.AG', '127.0.0.1');
INSERT INTO `gate_log` VALUES (172, 'ac88ceb386aa4231b09bf472cb937c24', '菜单管理', '编辑元素', '/admin/element', '2018-02-25 13:51:55', '1', 'Mr.AG', '127.0.0.1');
INSERT INTO `gate_log` VALUES (173, 'ac88ceb386aa4231b09bf472cb937c24', '菜单管理', '编辑元素', '/admin/element', '2018-02-25 13:52:01', '1', 'Mr.AG', '127.0.0.1');
INSERT INTO `gate_log` VALUES (174, 'ac88ceb386aa4231b09bf472cb937c24', '网关路由管理', '编辑路由', '/auth/gatewayRoute', '2018-02-25 14:29:44', '1', 'Mr.AG', '127.0.0.1');
INSERT INTO `gate_log` VALUES (175, 'ac88ceb386aa4231b09bf472cb937c24', '网关路由管理', '编辑路由', '/auth/gatewayRoute', '2018-02-25 14:29:50', '1', 'Mr.AG', '127.0.0.1');
INSERT INTO `gate_log` VALUES (176, 'ac88ceb386aa4231b09bf472cb937c24', '网关路由管理', '编辑路由', '/auth/gatewayRoute', '2018-02-25 14:29:54', '1', 'Mr.AG', '127.0.0.1');
INSERT INTO `gate_log` VALUES (177, 'ac88ceb386aa4231b09bf472cb937c24', '网关路由管理', '禁用路由', '/auth/gatewayRoute', '2018-02-25 14:32:17', '1', 'Mr.AG', '127.0.0.1');
INSERT INTO `gate_log` VALUES (178, 'ac88ceb386aa4231b09bf472cb937c24', '网关路由管理', '新建路由', '/auth/gatewayRoute', '2018-02-25 14:33:29', '1', 'Mr.AG', '127.0.0.1');
INSERT INTO `gate_log` VALUES (179, 'ac88ceb386aa4231b09bf472cb937c24', '网关路由管理', '禁用路由', '/auth/gatewayRoute', '2018-02-25 14:36:33', '1', 'Mr.AG', '127.0.0.1');
INSERT INTO `gate_log` VALUES (180, 'ac88ceb386aa4231b09bf472cb937c24', '网关路由管理', '编辑路由', '/auth/gatewayRoute', '2018-02-25 14:38:31', '1', 'Mr.AG', '127.0.0.1');
INSERT INTO `gate_log` VALUES (181, 'ac88ceb386aa4231b09bf472cb937c24', '网关路由管理', '禁用路由', '/auth/gatewayRoute', '2018-02-25 14:40:37', '1', 'Mr.AG', '127.0.0.1');
INSERT INTO `gate_log` VALUES (182, 'ac88ceb386aa4231b09bf472cb937c24', '网关路由管理', '编辑路由', '/auth/gatewayRoute', '2018-02-25 14:41:07', '1', 'Mr.AG', '127.0.0.1');
INSERT INTO `gate_log` VALUES (183, 'ac88ceb386aa4231b09bf472cb937c24', '网关路由管理', '新建路由', '/auth/gatewayRoute', '2018-02-26 12:50:50', '1', 'Mr.AG', '127.0.0.1');
INSERT INTO `gate_log` VALUES (184, 'ac88ceb386aa4231b09bf472cb937c24', '用户管理', '编辑', '/admin/user', '2018-03-10 13:19:09', '1', 'Mr.AG', '127.0.0.1');
INSERT INTO `gate_log` VALUES (185, 'ac88ceb386aa4231b09bf472cb937c24', '用户管理', '编辑', '/admin/user', '2018-03-10 15:49:14', '1', 'Mr.AG', '127.0.0.1');
INSERT INTO `gate_log` VALUES (186, 'ac88ceb386aa4231b09bf472cb937c24', '用户管理', '编辑', '/admin/user', '2018-03-10 15:50:16', '1', 'Mr.AG', '127.0.0.1');
INSERT INTO `gate_log` VALUES (187, 'ac88ceb386aa4231b09bf472cb937c24', '用户管理', '新增', '/admin/user', '2018-03-11 09:15:58', '1', 'Mr.AG', '127.0.0.1');
INSERT INTO `gate_log` VALUES (188, 'ac88ceb386aa4231b09bf472cb937c24', '用户管理', '新增', '/admin/user', '2018-03-11 09:16:05', '1', 'Mr.AG', '127.0.0.1');
INSERT INTO `gate_log` VALUES (189, 'ac88ceb386aa4231b09bf472cb937c24', '用户管理', '新增', '/admin/user', '2018-03-11 09:16:13', '1', 'Mr.AG', '127.0.0.1');
INSERT INTO `gate_log` VALUES (190, 'ac88ceb386aa4231b09bf472cb937c24', '用户管理', '新增', '/admin/user', '2018-03-11 09:16:28', '1', 'Mr.AG', '127.0.0.1');
INSERT INTO `gate_log` VALUES (191, 'ac88ceb386aa4231b09bf472cb937c24', '用户管理', '新增', '/admin/user', '2018-03-11 09:21:04', '1', 'Mr.AG', '127.0.0.1');
INSERT INTO `gate_log` VALUES (192, 'ac88ceb386aa4231b09bf472cb937c24', '用户管理', '新增', '/admin/user', '2018-03-11 09:21:56', '1', 'Mr.AG', '127.0.0.1');
INSERT INTO `gate_log` VALUES (193, 'ac88ceb386aa4231b09bf472cb937c24', '用户管理', '新增', '/admin/user', '2018-03-11 09:22:47', '1', 'Mr.AG', '127.0.0.1');
INSERT INTO `gate_log` VALUES (194, 'ac88ceb386aa4231b09bf472cb937c24', '用户管理', '新增', '/admin/user', '2018-03-11 09:23:16', '1', 'Mr.AG', '127.0.0.1');
INSERT INTO `gate_log` VALUES (195, 'ac88ceb386aa4231b09bf472cb937c24', '用户管理', '新增', '/admin/user', '2018-03-11 09:23:52', '1', 'Mr.AG', '127.0.0.1');
INSERT INTO `gate_log` VALUES (196, 'ac88ceb386aa4231b09bf472cb937c24', '用户管理', '新增', '/admin/user', '2018-03-11 09:30:17', '1', 'Mr.AG', '127.0.0.1');
INSERT INTO `gate_log` VALUES (197, 'ac88ceb386aa4231b09bf472cb937c24', '用户管理', '新增', '/admin/user', '2018-03-11 09:33:01', '1', 'Mr.AG', '127.0.0.1');
INSERT INTO `gate_log` VALUES (198, 'ac88ceb386aa4231b09bf472cb937c24', '用户管理', '新增', '/admin/user', '2018-03-11 09:33:28', '1', 'Mr.AG', '127.0.0.1');
INSERT INTO `gate_log` VALUES (199, 'ac88ceb386aa4231b09bf472cb937c24', '用户管理', '新增', '/admin/user', '2018-03-11 09:34:48', '1', 'Mr.AG', '127.0.0.1');
INSERT INTO `gate_log` VALUES (200, 'ac88ceb386aa4231b09bf472cb937c24', '用户管理', '新增', '/admin/user', '2018-03-11 09:36:10', '1', 'Mr.AG', '127.0.0.1');
INSERT INTO `gate_log` VALUES (201, 'ac88ceb386aa4231b09bf472cb937c24', '服务权限管理', '编辑', '/auth/service', '2018-03-27 15:28:50', '1', 'Mr.AG', '127.0.0.1');
INSERT INTO `gate_log` VALUES (202, 'ac88ceb386aa4231b09bf472cb937c24', '服务权限管理', '编辑', '/auth/service', '2018-03-27 15:28:56', '1', 'Mr.AG', '127.0.0.1');
INSERT INTO `gate_log` VALUES (203, 'ac88ceb386aa4231b09bf472cb937c24', '用户管理', '新增', '/admin/user', '2018-03-28 20:11:04', '1', 'Mr.AG', '127.0.0.1');
INSERT INTO `gate_log` VALUES (204, 'ac88ceb386aa4231b09bf472cb937c24', '菜单管理', '新增元素', '/admin/element', '2018-03-28 20:19:07', '1', 'Mr.AG', '127.0.0.1');
INSERT INTO `gate_log` VALUES (205, 'ac88ceb386aa4231b09bf472cb937c24', '菜单管理', '新增元素', '/admin/element', '2018-03-28 20:19:54', '1', 'Mr.AG', '127.0.0.1');
INSERT INTO `gate_log` VALUES (206, 'ac88ceb386aa4231b09bf472cb937c24', '菜单管理', '新增元素', '/admin/element', '2018-03-28 20:20:22', '1', 'Mr.AG', '127.0.0.1');
INSERT INTO `gate_log` VALUES (207, 'ac88ceb386aa4231b09bf472cb937c24', '菜单管理', '新增元素', '/admin/element', '2018-03-28 20:20:47', '1', 'Mr.AG', '127.0.0.1');
INSERT INTO `gate_log` VALUES (208, 'ac88ceb386aa4231b09bf472cb937c24', '用户管理', '新增', '/admin/user', '2018-04-30 13:39:27', '1', 'Mr.AG', '127.0.0.1');
INSERT INTO `gate_log` VALUES (209, 'ac88ceb386aa4231b09bf472cb937c24', '用户管理', '删除', '/admin/user/{*}', '2018-05-09 16:39:39', '1', 'Mr.AG', '127.0.0.1');
INSERT INTO `gate_log` VALUES (210, 'ac88ceb386aa4231b09bf472cb937c24', '租户管理', '编辑租户', '/admin/tenant/{*}', '2018-12-30 14:42:48', '1', 'Mr.AG', '127.0.0.1');
INSERT INTO `gate_log` VALUES (211, 'ac88ceb386aa4231b09bf472cb937c24', '菜单管理', '编辑', '/admin/menu/{*}', '2018-12-30 15:10:22', '1', 'Mr.AG', '127.0.0.1');
INSERT INTO `gate_log` VALUES (212, 'ac88ceb386aa4231b09bf472cb937c24', '菜单管理', '编辑', '/admin/menu/{*}', '2018-12-30 15:10:27', '1', 'Mr.AG', '127.0.0.1');
INSERT INTO `gate_log` VALUES (213, 'ac88ceb386aa4231b09bf472cb937c24', '菜单管理', '新增', '/admin/menu', '2018-12-30 19:14:34', '1', 'Mr.AG', '127.0.0.1');
INSERT INTO `gate_log` VALUES (214, 'ac88ceb386aa4231b09bf472cb937c24', '菜单管理', '编辑', '/admin/menu/{*}', '2018-12-30 19:14:45', '1', 'Mr.AG', '127.0.0.1');
INSERT INTO `gate_log` VALUES (215, 'ac88ceb386aa4231b09bf472cb937c24', '菜单管理', '编辑', '/admin/menu/{*}', '2018-12-30 19:15:48', '1', 'Mr.AG', '127.0.0.1');
INSERT INTO `gate_log` VALUES (216, 'ac88ceb386aa4231b09bf472cb937c24', '菜单管理', '编辑', '/admin/menu/{*}', '2018-12-30 19:16:07', '1', 'Mr.AG', '127.0.0.1');
INSERT INTO `gate_log` VALUES (217, 'ac88ceb386aa4231b09bf472cb937c24', '菜单管理', '编辑', '/admin/menu/{*}', '2018-12-30 19:16:11', '1', 'Mr.AG', '127.0.0.1');
INSERT INTO `gate_log` VALUES (218, 'ac88ceb386aa4231b09bf472cb937c24', '菜单管理', '编辑', '/admin/menu/{*}', '2018-12-30 20:00:53', '1', 'Mr.AG', '127.0.0.1');
INSERT INTO `gate_log` VALUES (219, 'ac88ceb386aa4231b09bf472cb937c24', '菜单管理', '编辑', '/admin/menu/{*}', '2018-12-31 10:05:38', '1', 'Mr.AG', '127.0.0.1');
INSERT INTO `gate_log` VALUES (220, 'ac88ceb386aa4231b09bf472cb937c24', '菜单管理', '编辑', '/admin/menu/{*}', '2018-12-31 10:05:46', '1', 'Mr.AG', '127.0.0.1');
INSERT INTO `gate_log` VALUES (221, 'ac88ceb386aa4231b09bf472cb937c24', '菜单管理', '编辑', '/admin/menu/{*}', '2018-12-31 10:05:54', '1', 'Mr.AG', '127.0.0.1');
INSERT INTO `gate_log` VALUES (222, 'ac88ceb386aa4231b09bf472cb937c24', '菜单管理', '编辑', '/admin/menu/{*}', '2018-12-31 10:06:02', '1', 'Mr.AG', '127.0.0.1');
INSERT INTO `gate_log` VALUES (223, 'ac88ceb386aa4231b09bf472cb937c24', '菜单管理', '编辑', '/admin/menu/{*}', '2018-12-31 10:06:23', '1', 'Mr.AG', '127.0.0.1');
INSERT INTO `gate_log` VALUES (224, 'ac88ceb386aa4231b09bf472cb937c24', '菜单管理', '编辑', '/admin/menu/{*}', '2018-12-31 10:06:31', '1', 'Mr.AG', '127.0.0.1');
INSERT INTO `gate_log` VALUES (225, 'ac88ceb386aa4231b09bf472cb937c24', '菜单管理', '编辑', '/admin/menu/{*}', '2018-12-31 10:06:38', '1', 'Mr.AG', '127.0.0.1');
INSERT INTO `gate_log` VALUES (226, 'ac88ceb386aa4231b09bf472cb937c24', '菜单管理', '编辑', '/admin/menu/{*}', '2018-12-31 10:09:56', '1', 'Mr.AG', '127.0.0.1');
INSERT INTO `gate_log` VALUES (227, 'ac88ceb386aa4231b09bf472cb937c24', '菜单管理', '编辑', '/admin/menu/{*}', '2018-12-31 10:10:10', '1', 'Mr.AG', '127.0.0.1');
INSERT INTO `gate_log` VALUES (228, 'ac88ceb386aa4231b09bf472cb937c24', '菜单管理', '编辑', '/admin/menu/{*}', '2018-12-31 10:10:21', '1', 'Mr.AG', '127.0.0.1');
INSERT INTO `gate_log` VALUES (229, 'ac88ceb386aa4231b09bf472cb937c24', '菜单管理', '编辑', '/admin/menu/{*}', '2018-12-31 10:10:52', '1', 'Mr.AG', '127.0.0.1');
INSERT INTO `gate_log` VALUES (230, 'ac88ceb386aa4231b09bf472cb937c24', '菜单管理', '编辑', '/admin/menu/{*}', '2018-12-31 10:21:10', '1', 'Mr.AG', '127.0.0.1');
INSERT INTO `gate_log` VALUES (231, 'ac88ceb386aa4231b09bf472cb937c24', '用户管理', '编辑', '/admin/user/{*}', '2019-03-09 02:34:10', '1', 'Mr.AG', '127.0.0.1');
INSERT INTO `gate_log` VALUES (232, 'ac88ceb386aa4231b09bf472cb937c24', '用户管理', '编辑', '/admin/user/{*}', '2019-03-09 02:34:23', '1', '老干地', '127.0.0.1');
INSERT INTO `gate_log` VALUES (233, 'ac88ceb386aa4231b09bf472cb937c24', '数据字典', '编辑字典值', '/dict/dictValue/{*}', '2019-03-09 05:07:39', '1', '老干爹', '127.0.0.1');
INSERT INTO `gate_log` VALUES (234, 'ac88ceb386aa4231b09bf472cb937c24', '用户管理', '编辑', '/admin/user/{*}', '2019-03-09 05:08:24', '1', '老干爹', '127.0.0.1');
INSERT INTO `gate_log` VALUES (235, 'ac88ceb386aa4231b09bf472cb937c24', '用户管理', '编辑', '/admin/user/{*}', '2019-03-09 05:08:44', '1', '老干爹', '127.0.0.1');
INSERT INTO `gate_log` VALUES (236, 'ac88ceb386aa4231b09bf472cb937c24', '用户管理', '编辑', '/admin/user/{*}', '2019-03-09 05:09:55', '1', '老干爹', '127.0.0.1');
INSERT INTO `gate_log` VALUES (237, 'ac88ceb386aa4231b09bf472cb937c24', '菜单管理', '新增', '/admin/menu', '2019-03-15 09:48:08', '1', '老干爹', '127.0.0.1');
INSERT INTO `gate_log` VALUES (238, 'ac88ceb386aa4231b09bf472cb937c24', '菜单管理', '编辑', '/admin/menu/{*}', '2019-03-15 09:48:50', '1', '老干爹', '127.0.0.1');
INSERT INTO `gate_log` VALUES (239, 'ac88ceb386aa4231b09bf472cb937c24', '菜单管理', '编辑', '/admin/menu/{*}', '2019-03-15 09:52:29', '1', '老干爹', '127.0.0.1');
INSERT INTO `gate_log` VALUES (240, 'ac88ceb386aa4231b09bf472cb937c24', '菜单管理', '编辑', '/admin/menu/{*}', '2019-03-15 09:57:21', '1', '老干爹', '127.0.0.1');
INSERT INTO `gate_log` VALUES (241, 'ac88ceb386aa4231b09bf472cb937c24', '菜单管理', '编辑', '/admin/menu/{*}', '2019-03-15 09:57:38', '1', '老干爹', '127.0.0.1');
INSERT INTO `gate_log` VALUES (242, 'ac88ceb386aa4231b09bf472cb937c24', '菜单管理', '编辑', '/admin/menu/{*}', '2019-03-15 09:58:17', '1', '老干爹', '127.0.0.1');
INSERT INTO `gate_log` VALUES (243, 'ac88ceb386aa4231b09bf472cb937c24', '菜单管理', '编辑', '/admin/menu/{*}', '2019-03-15 09:58:30', '1', '老干爹', '127.0.0.1');
INSERT INTO `gate_log` VALUES (244, 'ac88ceb386aa4231b09bf472cb937c24', '菜单管理', '编辑', '/admin/menu/{*}', '2019-03-15 09:58:37', '1', '老干爹', '127.0.0.1');
INSERT INTO `gate_log` VALUES (245, 'ac88ceb386aa4231b09bf472cb937c24', '菜单管理', '删除', '/admin/menu/{*}', '2019-03-15 09:59:00', '1', '老干爹', '127.0.0.1');
INSERT INTO `gate_log` VALUES (246, 'ac88ceb386aa4231b09bf472cb937c24', '菜单管理', '编辑', '/admin/menu/{*}', '2019-03-15 09:59:39', '1', '老干爹', '127.0.0.1');
INSERT INTO `gate_log` VALUES (247, 'ac88ceb386aa4231b09bf472cb937c24', '菜单管理', '新增', '/admin/menu', '2019-03-28 09:28:49', '3a581002bb5148f9b00173c4d3d58ade', '超级管理员', '127.0.0.1');
INSERT INTO `gate_log` VALUES (248, 'ac88ceb386aa4231b09bf472cb937c24', '菜单管理', '编辑', '/admin/menu/{*}', '2019-03-28 09:29:02', '3a581002bb5148f9b00173c4d3d58ade', '超级管理员', '127.0.0.1');
INSERT INTO `gate_log` VALUES (249, 'ac88ceb386aa4231b09bf472cb937c24', '菜单管理', '新增', '/admin/menu', '2019-03-28 09:30:49', '3a581002bb5148f9b00173c4d3d58ade', '超级管理员', '127.0.0.1');
INSERT INTO `gate_log` VALUES (250, 'ac88ceb386aa4231b09bf472cb937c24', '菜单管理', '编辑', '/admin/menu/{*}', '2019-03-28 09:35:27', '3a581002bb5148f9b00173c4d3d58ade', '超级管理员', '127.0.0.1');
INSERT INTO `gate_log` VALUES (251, 'ac88ceb386aa4231b09bf472cb937c24', '菜单管理', '编辑', '/admin/menu/{*}', '2019-03-30 01:52:06', '3a581002bb5148f9b00173c4d3d58ade', '超级管理员', '127.0.0.1');
INSERT INTO `gate_log` VALUES (252, 'ac88ceb386aa4231b09bf472cb937c24', '菜单管理', '编辑', '/admin/menu/{*}', '2019-03-30 01:52:16', '3a581002bb5148f9b00173c4d3d58ade', '超级管理员', '127.0.0.1');
INSERT INTO `gate_log` VALUES (253, 'ac88ceb386aa4231b09bf472cb937c24', '菜单管理', '新增元素', '/admin/element', '2019-03-30 01:54:07', '3a581002bb5148f9b00173c4d3d58ade', '超级管理员', '127.0.0.1');
INSERT INTO `gate_log` VALUES (254, 'ac88ceb386aa4231b09bf472cb937c24', '菜单管理', '编辑', '/admin/menu/{*}', '2019-03-30 01:54:38', '3a581002bb5148f9b00173c4d3d58ade', '超级管理员', '127.0.0.1');
INSERT INTO `gate_log` VALUES (255, 'ac88ceb386aa4231b09bf472cb937c24', '菜单管理', '编辑元素', '/admin/element/{*}', '2019-03-30 01:54:52', '3a581002bb5148f9b00173c4d3d58ade', '超级管理员', '127.0.0.1');
INSERT INTO `gate_log` VALUES (256, 'ac88ceb386aa4231b09bf472cb937c24', '菜单管理', '新增元素', '/admin/element', '2019-03-30 01:56:12', '3a581002bb5148f9b00173c4d3d58ade', '超级管理员', '127.0.0.1');
INSERT INTO `gate_log` VALUES (257, 'ac88ceb386aa4231b09bf472cb937c24', '菜单管理', '新增元素', '/admin/element', '2019-03-30 01:56:59', '3a581002bb5148f9b00173c4d3d58ade', '超级管理员', '127.0.0.1');
INSERT INTO `gate_log` VALUES (258, 'ac88ceb386aa4231b09bf472cb937c24', '菜单管理', '新增元素', '/admin/element', '2019-03-30 01:58:28', '3a581002bb5148f9b00173c4d3d58ade', '超级管理员', '127.0.0.1');
INSERT INTO `gate_log` VALUES (259, 'ac88ceb386aa4231b09bf472cb937c24', '菜单管理', '编辑元素', '/admin/element/{*}', '2019-03-30 01:59:02', '3a581002bb5148f9b00173c4d3d58ade', '超级管理员', '127.0.0.1');
INSERT INTO `gate_log` VALUES (260, 'ac88ceb386aa4231b09bf472cb937c24', '菜单管理', '新增元素', '/admin/element', '2019-03-30 01:59:56', '3a581002bb5148f9b00173c4d3d58ade', '超级管理员', '127.0.0.1');
INSERT INTO `gate_log` VALUES (261, 'ac88ceb386aa4231b09bf472cb937c24', '菜单管理', '编辑元素', '/admin/element/{*}', '2019-03-30 02:01:18', '3a581002bb5148f9b00173c4d3d58ade', '超级管理员', '127.0.0.1');
INSERT INTO `gate_log` VALUES (262, 'ac88ceb386aa4231b09bf472cb937c24', '菜单管理', '新增', '/admin/menu', '2019-03-30 08:12:18', '3a581002bb5148f9b00173c4d3d58ade', '超级管理员', '127.0.0.1');
INSERT INTO `gate_log` VALUES (263, 'ac88ceb386aa4231b09bf472cb937c24', '菜单管理', '新增', '/admin/menu', '2019-03-30 08:14:54', '3a581002bb5148f9b00173c4d3d58ade', '超级管理员', '127.0.0.1');
INSERT INTO `gate_log` VALUES (264, 'ac88ceb386aa4231b09bf472cb937c24', '菜单管理', '新增', '/admin/menu', '2019-03-30 08:18:03', '3a581002bb5148f9b00173c4d3d58ade', '超级管理员', '127.0.0.1');
INSERT INTO `gate_log` VALUES (265, 'ac88ceb386aa4231b09bf472cb937c24', '模型管理', '发布模型', '/wf/models/{*}/deployment', '2019-03-30 09:07:32', '3a581002bb5148f9b00173c4d3d58ade', '超级管理员', '127.0.0.1');
INSERT INTO `gate_log` VALUES (266, 'ac88ceb386aa4231b09bf472cb937c24', '模型管理', '发布模型', '/wf/models/{*}/deployment', '2019-03-30 09:12:51', '3a581002bb5148f9b00173c4d3d58ade', '超级管理员', '127.0.0.1');
INSERT INTO `gate_log` VALUES (267, 'ac88ceb386aa4231b09bf472cb937c24', '模型管理', '发布模型', '/wf/models/{*}/deployment', '2019-03-30 09:35:50', '3a581002bb5148f9b00173c4d3d58ade', '超级管理员', '127.0.0.1');
INSERT INTO `gate_log` VALUES (268, 'ac88ceb386aa4231b09bf472cb937c24', '菜单管理', '新增元素', '/admin/element', '2019-03-30 20:14:32', '3a581002bb5148f9b00173c4d3d58ade', '超级管理员', '127.0.0.1');
INSERT INTO `gate_log` VALUES (269, 'ac88ceb386aa4231b09bf472cb937c24', '模型管理', '更新模型', '/wf/model/{*}/save', '2019-04-05 21:58:50', '3a581002bb5148f9b00173c4d3d58ade', '超级管理员', '127.0.0.1');
INSERT INTO `gate_log` VALUES (270, 'ac88ceb386aa4231b09bf472cb937c24', '模型管理', '发布模型', '/wf/models/{*}/deployment', '2019-04-05 21:58:55', '3a581002bb5148f9b00173c4d3d58ade', '超级管理员', '127.0.0.1');
INSERT INTO `gate_log` VALUES (271, 'ac88ceb386aa4231b09bf472cb937c24', '模型管理', '新增模型', '/wf/models', '2019-04-06 03:46:50', '3a581002bb5148f9b00173c4d3d58ade', '超级管理员', '127.0.0.1');
INSERT INTO `gate_log` VALUES (272, 'ac88ceb386aa4231b09bf472cb937c24', '模型管理', '更新模型', '/wf/model/{*}/save', '2019-04-06 03:47:22', '3a581002bb5148f9b00173c4d3d58ade', '超级管理员', '127.0.0.1');
INSERT INTO `gate_log` VALUES (273, 'ac88ceb386aa4231b09bf472cb937c24', '模型管理', '发布模型', '/wf/models/{*}/deployment', '2019-04-06 03:47:37', '3a581002bb5148f9b00173c4d3d58ade', '超级管理员', '127.0.0.1');
INSERT INTO `gate_log` VALUES (274, 'ac88ceb386aa4231b09bf472cb937c24', '模型管理', '发布模型', '/wf/models/{*}/deployment', '2019-04-06 03:49:35', '3a581002bb5148f9b00173c4d3d58ade', '超级管理员', '127.0.0.1');
INSERT INTO `gate_log` VALUES (275, 'ac88ceb386aa4231b09bf472cb937c24', '模型管理', '更新模型', '/wf/model/{*}/save', '2019-04-06 03:54:54', '3a581002bb5148f9b00173c4d3d58ade', '超级管理员', '127.0.0.1');
INSERT INTO `gate_log` VALUES (276, 'ac88ceb386aa4231b09bf472cb937c24', '模型管理', '更新模型', '/wf/model/{*}/save', '2019-04-06 03:57:48', '3a581002bb5148f9b00173c4d3d58ade', '超级管理员', '127.0.0.1');
INSERT INTO `gate_log` VALUES (277, 'ac88ceb386aa4231b09bf472cb937c24', '模型管理', '发布模型', '/wf/models/{*}/deployment', '2019-04-06 03:58:05', '3a581002bb5148f9b00173c4d3d58ade', '超级管理员', '127.0.0.1');
INSERT INTO `gate_log` VALUES (278, 'ac88ceb386aa4231b09bf472cb937c24', '模型管理', '更新模型', '/wf/model/{*}/save', '2019-04-06 03:59:44', '3a581002bb5148f9b00173c4d3d58ade', '超级管理员', '127.0.0.1');
INSERT INTO `gate_log` VALUES (279, 'ac88ceb386aa4231b09bf472cb937c24', '模型管理', '发布模型', '/wf/models/{*}/deployment', '2019-04-06 03:59:50', '3a581002bb5148f9b00173c4d3d58ade', '超级管理员', '127.0.0.1');
INSERT INTO `gate_log` VALUES (280, 'ac88ceb386aa4231b09bf472cb937c24', '菜单管理', '新增元素', '/admin/element', '2019-07-06 22:27:16', '3a581002bb5148f9b00173c4d3d58ade', '超级管理员', '127.0.0.1');
INSERT INTO `gate_log` VALUES (281, 'ac88ceb386aa4231b09bf472cb937c24', '菜单管理', '编辑元素', '/admin/element/{*}', '2019-07-06 22:29:07', '3a581002bb5148f9b00173c4d3d58ade', '超级管理员', '127.0.0.1');
INSERT INTO `gate_log` VALUES (282, 'ac88ceb386aa4231b09bf472cb937c24', '菜单管理', '删除元素', '/admin/element/{*}', '2019-07-06 22:29:57', '3a581002bb5148f9b00173c4d3d58ade', '超级管理员', '127.0.0.1');
INSERT INTO `gate_log` VALUES (283, 'ac88ceb386aa4231b09bf472cb937c24', '菜单管理', '新增元素', '/admin/element', '2019-07-06 22:30:38', '3a581002bb5148f9b00173c4d3d58ade', '超级管理员', '127.0.0.1');
INSERT INTO `gate_log` VALUES (284, 'ac88ceb386aa4231b09bf472cb937c24', '菜单管理', '编辑元素', '/admin/element/{*}', '2019-07-06 22:33:08', '3a581002bb5148f9b00173c4d3d58ade', '超级管理员', '127.0.0.1');
INSERT INTO `gate_log` VALUES (285, 'ac88ceb386aa4231b09bf472cb937c24', '菜单管理', '编辑元素', '/admin/element/{*}', '2019-07-06 22:33:16', '3a581002bb5148f9b00173c4d3d58ade', '超级管理员', '127.0.0.1');
INSERT INTO `gate_log` VALUES (286, 'ac88ceb386aa4231b09bf472cb937c24', '权限管理', '添加用户', '/admin/{*}/group/member', '2019-07-06 23:00:54', '1', '老干爹', '127.0.0.1');
INSERT INTO `gate_log` VALUES (287, 'ac88ceb386aa4231b09bf472cb937c24', '权限管理', '删除用户', '/admin/{*}/group/member', '2019-07-06 23:01:49', '1', '老干爹', '127.0.0.1');
INSERT INTO `gate_log` VALUES (288, 'ac88ceb386aa4231b09bf472cb937c24', '权限管理', '添加用户', '/admin/{*}/group/member', '2019-07-06 23:02:13', '1', '老干爹', '127.0.0.1');
INSERT INTO `gate_log` VALUES (289, 'ac88ceb386aa4231b09bf472cb937c24', '权限管理', '分配菜单', '/admin/{*}/group/{*}/authority/menu', '2019-07-06 23:26:43', '3a581002bb5148f9b00173c4d3d58ade', '超级管理员', '127.0.0.1');
INSERT INTO `gate_log` VALUES (290, 'ac88ceb386aa4231b09bf472cb937c24', '权限管理', '分配资源', '/admin/{*}/group/{*}/authority/element/add', '2019-07-06 23:35:36', '3a581002bb5148f9b00173c4d3d58ade', '超级管理员', '127.0.0.1');
INSERT INTO `gate_log` VALUES (291, 'ac88ceb386aa4231b09bf472cb937c24', '权限管理', '资源下发', '/admin/{*}/group/{*}/authorize/element/add', '2019-07-06 23:36:43', '3a581002bb5148f9b00173c4d3d58ade', '超级管理员', '127.0.0.1');
INSERT INTO `gate_log` VALUES (292, 'ac88ceb386aa4231b09bf472cb937c24', '权限管理', '菜单下发', '/admin/{*}/group/{*}/authorize/menu', '2019-07-06 23:36:46', '3a581002bb5148f9b00173c4d3d58ade', '超级管理员', '127.0.0.1');
INSERT INTO `gate_log` VALUES (293, 'ac88ceb386aa4231b09bf472cb937c24', '权限管理', '分配菜单', '/admin/{*}/group/{*}/authority/menu', '2019-07-07 00:40:21', '1', '老干爹', '127.0.0.1');
INSERT INTO `gate_log` VALUES (294, 'ac88ceb386aa4231b09bf472cb937c24', '权限管理', '分配菜单', '/admin/{*}/group/{*}/authority/menu', '2019-07-07 00:41:33', '3a581002bb5148f9b00173c4d3d58ade', '超级管理员', '127.0.0.1');
INSERT INTO `gate_log` VALUES (295, 'ac88ceb386aa4231b09bf472cb937c24', '权限管理', '分配菜单', '/admin/{*}/group/{*}/authority/menu', '2019-07-07 00:42:00', '3a581002bb5148f9b00173c4d3d58ade', '超级管理员', '127.0.0.1');
INSERT INTO `gate_log` VALUES (296, 'ac88ceb386aa4231b09bf472cb937c24', '权限管理', '分配资源', '/admin/{*}/group/{*}/authority/element/add', '2019-07-07 00:44:24', '3a581002bb5148f9b00173c4d3d58ade', '超级管理员', '127.0.0.1');
INSERT INTO `gate_log` VALUES (297, 'ac88ceb386aa4231b09bf472cb937c24', '权限管理', '分配资源', '/admin/{*}/group/{*}/authority/element/add', '2019-07-07 00:44:44', '3a581002bb5148f9b00173c4d3d58ade', '超级管理员', '127.0.0.1');
INSERT INTO `gate_log` VALUES (298, 'ac88ceb386aa4231b09bf472cb937c24', '权限管理', '分配资源', '/admin/{*}/group/{*}/authority/element/add', '2019-07-07 00:45:00', '3a581002bb5148f9b00173c4d3d58ade', '超级管理员', '127.0.0.1');
INSERT INTO `gate_log` VALUES (299, 'ac88ceb386aa4231b09bf472cb937c24', '权限管理', '分配菜单', '/admin/{*}/group/{*}/authority/menu', '2019-07-07 00:46:41', '3a581002bb5148f9b00173c4d3d58ade', '超级管理员', '127.0.0.1');
INSERT INTO `gate_log` VALUES (300, 'ac88ceb386aa4231b09bf472cb937c24', '租户管理', '编辑租户', '/admin/tenant/{*}', '2019-07-07 01:17:39', '3a581002bb5148f9b00173c4d3d58ade', '超级管理员', '127.0.0.1');
INSERT INTO `gate_log` VALUES (301, 'ac88ceb386aa4231b09bf472cb937c24', '数据字典', '编辑字典值', '/dict/dictValue/{*}', '2019-07-07 01:18:31', '3a581002bb5148f9b00173c4d3d58ade', '超级管理员', '127.0.0.1');
INSERT INTO `gate_log` VALUES (302, 'ac88ceb386aa4231b09bf472cb937c24', '数据字典', '编辑字典值', '/dict/dictValue/{*}', '2019-07-07 01:18:35', '3a581002bb5148f9b00173c4d3d58ade', '超级管理员', '127.0.0.1');
INSERT INTO `gate_log` VALUES (303, NULL, '权限管理', '添加用户', '/api/admin/{*}/group/member', '2020-01-31 01:13:27', '3a581002bb5148f9b00173c4d3d58ade', '超级管理员', '/127.0.0.1:57784');
INSERT INTO `gate_log` VALUES (304, NULL, '权限管理', '删除用户', '/api/admin/{*}/group/member', '2020-01-31 01:13:41', '3a581002bb5148f9b00173c4d3d58ade', '超级管理员', '/127.0.0.1:57879');
INSERT INTO `gate_log` VALUES (305, NULL, '菜单管理', '编辑', '/api/admin/menu/{*}', '2020-01-31 05:24:55', '3a581002bb5148f9b00173c4d3d58ade', '超级管理员', '/127.0.0.1:49692');
COMMIT;

-- ----------------------------
-- Table structure for oauth_access_token
-- ----------------------------
DROP TABLE IF EXISTS `oauth_access_token`;
CREATE TABLE `oauth_access_token` (
  `token_id` varchar(256) DEFAULT NULL,
  `token` blob,
  `authentication_id` varchar(256) DEFAULT NULL,
  `user_name` varchar(256) DEFAULT NULL,
  `client_id` varchar(256) DEFAULT NULL,
  `authentication` blob,
  `refresh_token` varchar(256) DEFAULT NULL
) ENGINE=InnoDB DEFAULT CHARSET=utf8;

-- ----------------------------
-- Records of oauth_access_token
-- ----------------------------
BEGIN;
INSERT INTO `oauth_access_token` VALUES ('b4c8041f11443b86bc5e1bd37b2dfaf9', 0xACED0005737200436F72672E737072696E676672616D65776F726B2E73656375726974792E6F61757468322E636F6D6D6F6E2E44656661756C744F4175746832416363657373546F6B656E0CB29E361B24FACE0200064C00156164646974696F6E616C496E666F726D6174696F6E74000F4C6A6176612F7574696C2F4D61703B4C000A65787069726174696F6E7400104C6A6176612F7574696C2F446174653B4C000C72656672657368546F6B656E74003F4C6F72672F737072696E676672616D65776F726B2F73656375726974792F6F61757468322F636F6D6D6F6E2F4F417574683252656672657368546F6B656E3B4C000573636F706574000F4C6A6176612F7574696C2F5365743B4C0009746F6B656E547970657400124C6A6176612F6C616E672F537472696E673B4C000576616C756571007E00057870737200176A6176612E7574696C2E4C696E6B6564486173684D617034C04E5C106CC0FB0200015A000B6163636573734F72646572787200116A6176612E7574696C2E486173684D61700507DAC1C31660D103000246000A6C6F6164466163746F724900097468726573686F6C6478703F4000000000000C77080000001000000007740003737562740004746573747400066578706972657372000E6A6176612E7574696C2E44617465686A81014B59741903000078707708000001626CBC043278740006646570617274740004726F6F74740008757365724E616D6574000474657374740006757365724964740020356232396538386533363363343163333934616435306366383330663665306174000674656E616E7474002061633838636562333836616134323331623039626634373263623933376332347400036A746974002463366130323330632D653831332D343534352D613830642D32376439613866393934313078007371007E000D7708000001626D60CFB1787372004C6F72672E737072696E676672616D65776F726B2E73656375726974792E6F61757468322E636F6D6D6F6E2E44656661756C744578706972696E674F417574683252656672657368546F6B656E2FDF47639DD0C9B70200014C000A65787069726174696F6E71007E0002787200446F72672E737072696E676672616D65776F726B2E73656375726974792E6F61757468322E636F6D6D6F6E2E44656661756C744F417574683252656672657368546F6B656E73E10E0A6354D45E0200014C000576616C756571007E000578707402A165794A68624763694F694A53557A49314E694973496E523563434936496B705856434A392E65794A7A645749694F694A305A584E304969776964584E6C636C39755957316C496A6F696447567A64434973496E567A5A584A4F5957316C496A6F696447567A64434973496E567A5A584A4A5A434936496A56694D6A6C6C4F44686C4D7A597A597A5178597A4D354E47466B4E54426A5A6A677A4D4759325A544268496977695958563061473979615852705A584D694F6C7369556B394D5256395655305653496C3073496D4E7361575675644639705A434936496E5A315A534973496E4E6A6233426C496A7062496E4A6C59575169585377695A58687761584A6C496A6F784E5449794D6A51794E6A677A4F5455304C434A6864476B694F694A6A4E6D45774D6A4D775979316C4F44457A4C5451314E445574595467775A4330794E3251355954686D4F546B304D5441694C434A6C654841694F6A45314D6A51344D7A45774F444D73496D526C6347467964434936496E4A76623351694C434A7164476B694F694A684E544E695A444D324F4330795A5759344C5452685A4445744F44646D4E4330794E7A4D79596A63344E57497759546B694C434A305A573568626E51694F694A68597A6734593256694D7A6732595745304D6A4D78596A4135596D59304E7A4A6A596A6B7A4E324D794E434A392E616D3266514435437763617147435F5874796D62616F464F415A41455A57796E635467685F67693470324167646748775A37597A725055477266383251495238434C696F6135474B584F614B775A6B6E67347162797843564E4A6C4C666570706264586F685A4230627575686F7731554E4D3878365369594F76414962324267755F4B7A69722D537A6E4171665253316D6C53703064414F617A3533496F762D6D6653476C356A784647497371007E000D7708000001630703DDAE78737200256A6176612E7574696C2E436F6C6C656374696F6E7324556E6D6F6469666961626C65536574801D92D18F9B80550200007872002C6A6176612E7574696C2E436F6C6C656374696F6E7324556E6D6F6469666961626C65436F6C6C656374696F6E19420080CB5EF71E0200014C0001637400164C6A6176612F7574696C2F436F6C6C656374696F6E3B7870737200176A6176612E7574696C2E4C696E6B656448617368536574D86CD75A95DD2A1E020000787200116A6176612E7574696C2E48617368536574BA44859596B8B7340300007870770C000000103F40000000000001740004726561647874000662656172657274026565794A68624763694F694A53557A49314E694973496E523563434936496B705856434A392E65794A7A645749694F694A305A584E304969776964584E6C636C39755957316C496A6F696447567A64434973496E4E6A6233426C496A7062496E4A6C59575169585377695A58687761584A6C496A6F784E5449794D6A51794E6A677A4F5455304C434A6C654841694F6A45314D6A49794E544D304F444D73496D526C6347467964434936496E4A76623351694C434A3163325679546D46745A534936496E526C633351694C434A3163325679535751694F694931596A49355A5467345A544D324D324D304D574D7A4F5452685A445577593259344D7A426D4E6D557759534973496D463164476876636D6C306157567A496A7062496C4A505445566656564E4655694A644C434A7164476B694F694A6A4E6D45774D6A4D775979316C4F44457A4C5451314E445574595467775A4330794E3251355954686D4F546B304D5441694C434A305A573568626E51694F694A68597A6734593256694D7A6732595745304D6A4D78596A4135596D59304E7A4A6A596A6B7A4E324D794E434973496D4E7361575675644639705A434936496E5A315A534A392E59506E7351414E766D5978334E6B53674238653133454B5A7641564B544C375A30614C5956427452794935776B7656744A50356A7358637A6948433145326A4E4F4F4F514F79325253544D68776E5F66346734786C6B5A5539357A6C625F7946424B4A31794F44304954677A526856516F496E4436534766396E6F426735572D6C7043724B55645A6A74624E625976773431434E633576434E4C5F55643054574563564459584E4B58546F, '550f5fe6e2ddf710908f465c1f5214ba', 'test', 'vue', 0xACED0005737200416F72672E737072696E676672616D65776F726B2E73656375726974792E6F61757468322E70726F76696465722E4F417574683241757468656E7469636174696F6EBD400B02166252130200024C000D73746F7265645265717565737474003C4C6F72672F737072696E676672616D65776F726B2F73656375726974792F6F61757468322F70726F76696465722F4F4175746832526571756573743B4C00127573657241757468656E7469636174696F6E7400324C6F72672F737072696E676672616D65776F726B2F73656375726974792F636F72652F41757468656E7469636174696F6E3B787200476F72672E737072696E676672616D65776F726B2E73656375726974792E61757468656E7469636174696F6E2E416273747261637441757468656E7469636174696F6E546F6B656ED3AA287E6E47640E0200035A000D61757468656E746963617465644C000B617574686F7269746965737400164C6A6176612F7574696C2F436F6C6C656374696F6E3B4C000764657461696C737400124C6A6176612F6C616E672F4F626A6563743B787000737200266A6176612E7574696C2E436F6C6C656374696F6E7324556E6D6F6469666961626C654C697374FC0F2531B5EC8E100200014C00046C6973747400104C6A6176612F7574696C2F4C6973743B7872002C6A6176612E7574696C2E436F6C6C656374696F6E7324556E6D6F6469666961626C65436F6C6C656374696F6E19420080CB5EF71E0200014C00016371007E00047870737200136A6176612E7574696C2E41727261794C6973747881D21D99C7619D03000149000473697A65787000000001770400000001737200426F72672E737072696E676672616D65776F726B2E73656375726974792E636F72652E617574686F726974792E53696D706C654772616E746564417574686F7269747900000000000001A40200014C0004726F6C657400124C6A6176612F6C616E672F537472696E673B7870740009524F4C455F555345527871007E000C707372003A6F72672E737072696E676672616D65776F726B2E73656375726974792E6F61757468322E70726F76696465722E4F41757468325265717565737400000000000000010200075A0008617070726F7665644C000B617574686F72697469657371007E00044C000A657874656E73696F6E7374000F4C6A6176612F7574696C2F4D61703B4C000B726564697265637455726971007E000E4C00077265667265736874003B4C6F72672F737072696E676672616D65776F726B2F73656375726974792F6F61757468322F70726F76696465722F546F6B656E526571756573743B4C000B7265736F7572636549647374000F4C6A6176612F7574696C2F5365743B4C000D726573706F6E7365547970657371007E0014787200386F72672E737072696E676672616D65776F726B2E73656375726974792E6F61757468322E70726F76696465722E426173655265717565737436287A3EA37169BD0200034C0008636C69656E74496471007E000E4C001172657175657374506172616D657465727371007E00124C000573636F706571007E00147870740003767565737200256A6176612E7574696C2E436F6C6C656374696F6E7324556E6D6F6469666961626C654D6170F1A5A8FE74F507420200014C00016D71007E00127870737200116A6176612E7574696C2E486173684D61700507DAC1C31660D103000246000A6C6F6164466163746F724900097468726573686F6C6478703F400000000000037708000000040000000274000A6772616E745F7479706574000870617373776F7264740008757365726E616D657400047465737478737200256A6176612E7574696C2E436F6C6C656374696F6E7324556E6D6F6469666961626C65536574801D92D18F9B80550200007871007E0009737200176A6176612E7574696C2E4C696E6B656448617368536574D86CD75A95DD2A1E020000787200116A6176612E7574696C2E48617368536574BA44859596B8B7340300007870770C000000103F400000000000017400047265616478017371007E0023770C000000103F40000000000000787371007E001A3F40000000000000770800000010000000007870707371007E0023770C000000103F40000000000000787371007E0023770C000000103F40000000000000787372004F6F72672E737072696E676672616D65776F726B2E73656375726974792E61757468656E7469636174696F6E2E557365726E616D6550617373776F726441757468656E7469636174696F6E546F6B656E00000000000001A40200024C000B63726564656E7469616C7371007E00054C00097072696E636970616C71007E00057871007E0003017371007E00077371007E000B0000000177040000000171007E000F7871007E002D737200176A6176612E7574696C2E4C696E6B6564486173684D617034C04E5C106CC0FB0200015A000B6163636573734F726465727871007E001A3F400000000000067708000000080000000271007E001C71007E001D71007E001E71007E001F7800707372003C636F6D2E6769746875622E777869616F71692E73656375726974792E617574682E6D6F64756C652E6F617574682E6265616E2E4F61757468557365722B57AABE29E91E2E0200044C0008646570617274496471007E000E4C0002696471007E000E4C00046E616D6571007E000E4C000874656E616E74496471007E000E787200326F72672E737072696E676672616D65776F726B2E73656375726974792E636F72652E7573657264657461696C732E5573657200000000000001A40200075A00116163636F756E744E6F6E457870697265645A00106163636F756E744E6F6E4C6F636B65645A001563726564656E7469616C734E6F6E457870697265645A0007656E61626C65644C000B617574686F72697469657371007E00144C000870617373776F726471007E000E4C0008757365726E616D6571007E000E7870010101017371007E0020737200116A6176612E7574696C2E54726565536574DD98509395ED875B0300007870737200466F72672E737072696E676672616D65776F726B2E73656375726974792E636F72652E7573657264657461696C732E5573657224417574686F72697479436F6D70617261746F7200000000000001A4020000787077040000000171007E000F787074000474657374740004726F6F747400203562323965383865333633633431633339346164353063663833306636653061740004746573747400206163383863656233383661613432333162303962663437326362393337633234, 'e4842f2ec109bb4986fcb45e17cef892');
INSERT INTO `oauth_access_token` VALUES ('73a4b5570111c59464796b6b31464208', 0xACED0005737200436F72672E737072696E676672616D65776F726B2E73656375726974792E6F61757468322E636F6D6D6F6E2E44656661756C744F4175746832416363657373546F6B656E0CB29E361B24FACE0200064C00156164646974696F6E616C496E666F726D6174696F6E74000F4C6A6176612F7574696C2F4D61703B4C000A65787069726174696F6E7400104C6A6176612F7574696C2F446174653B4C000C72656672657368546F6B656E74003F4C6F72672F737072696E676672616D65776F726B2F73656375726974792F6F61757468322F636F6D6D6F6E2F4F417574683252656672657368546F6B656E3B4C000573636F706574000F4C6A6176612F7574696C2F5365743B4C0009746F6B656E547970657400124C6A6176612F6C616E672F537472696E673B4C000576616C756571007E00057870737200176A6176612E7574696C2E4C696E6B6564486173684D617034C04E5C106CC0FB0200015A000B6163636573734F72646572787200116A6176612E7574696C2E486173684D61700507DAC1C31660D103000246000A6C6F6164466163746F724900097468726573686F6C6478703F4000000000000C7708000000100000000774000373756274000561646D696E7400066578706972657372000E6A6176612E7574696C2E44617465686A81014B597419030000787077080000016270CA97B878740006646570617274740004726F6F74740008757365724E616D657400054D722E41477400067573657249647400013174000674656E616E7474002061633838636562333836616134323331623039626634373263623933376332347400036A746974002434633165663066352D323130342D346533332D626331332D31313831383566343435653078007371007E000D77080000016270CA97B8787372004C6F72672E737072696E676672616D65776F726B2E73656375726974792E6F61757468322E636F6D6D6F6E2E44656661756C744578706972696E674F417574683252656672657368546F6B656E2FDF47639DD0C9B70200014C000A65787069726174696F6E71007E0002787200446F72672E737072696E676672616D65776F726B2E73656375726974792E6F61757468322E636F6D6D6F6E2E44656661756C744F417574683252656672657368546F6B656E73E10E0A6354D45E0200014C000576616C756571007E0005787074028065794A68624763694F694A53557A49314E694973496E523563434936496B705856434A392E65794A7A645749694F694A685A47317062694973496E567A5A584A66626D46745A534936496D466B62576C754969776964584E6C636B3568625755694F694A4E6369354252794973496E567A5A584A4A5A434936496A45694C434A686458526F62334A7064476C6C6379493657794A5354307846583156545256496958537769593278705A57353058326C6B496A6F69593278705A5735304969776963324E76634755694F6C7369636D56685A434A644C434A6C65484270636D55694F6A45314D6A497A4D5441334E4467774F446773496D463061534936496A526A4D57566D4D4759314C5449784D4451744E47557A4D793169597A457A4C5445784F4445344E5759304E44566C4D434973496D5634634349364D5455794E4467354F5445304F4377695A47567759584A30496A6F69636D397664434973496D703061534936496A51304D474669596A51784C5755334E4451744E446730597931695A4467344C5451334F57466C5A6A51324E6D59785A534973496E526C626D467564434936496D466A4F44686A5A57497A4F445A68595451794D7A46694D446C695A6A51334D6D4E694F544D33597A4930496E302E504C6237644C646F463365385872517152736466664E776736597A54557A5A476A5849737538686847596B65687A4A573377464B51534D6F4A334B467764396E305A39616F45646A58454552444A456A7164656C665F612D3462594C6E654D636E47524F757135724370744159666E5A69514C2D335A4A49504A37546F535150436851433146485F79484C70364A65704B53735A6F5559596B782D344E7345795A4F714B474663784B56557371007E000D7708000001630B12713378737200256A6176612E7574696C2E436F6C6C656374696F6E7324556E6D6F6469666961626C65536574801D92D18F9B80550200007872002C6A6176612E7574696C2E436F6C6C656374696F6E7324556E6D6F6469666961626C65436F6C6C656374696F6E19420080CB5EF71E0200014C0001637400164C6A6176612F7574696C2F436F6C6C656374696F6E3B7870737200176A6176612E7574696C2E4C696E6B656448617368536574D86CD75A95DD2A1E020000787200116A6176612E7574696C2E48617368536574BA44859596B8B7340300007870770C000000023F40000000000001740004726561647874000662656172657274024465794A68624763694F694A53557A49314E694973496E523563434936496B705856434A392E65794A7A645749694F694A685A47317062694973496E567A5A584A66626D46745A534936496D466B62576C754969776963324E76634755694F6C7369636D56685A434A644C434A6C65484270636D55694F6A45314D6A497A4D5441334E4467774F446773496D5634634349364D5455794D6A4D784D4463304F4377695A47567759584A30496A6F69636D397664434973496E567A5A584A4F5957316C496A6F6954584975515563694C434A3163325679535751694F694978496977695958563061473979615852705A584D694F6C7369556B394D5256395655305653496C3073496D703061534936496A526A4D57566D4D4759314C5449784D4451744E47557A4D793169597A457A4C5445784F4445344E5759304E44566C4D434973496E526C626D467564434936496D466A4F44686A5A57497A4F445A68595451794D7A46694D446C695A6A51334D6D4E694F544D33597A493049697769593278705A57353058326C6B496A6F69593278705A573530496E302E5346476E3871316D7438497A36376A6979574935636D4C6E557361612D7A733043703530786E34567261794667636851667A6F66666A76345077505F6F4431517441434F506772736247666D6F61624C4C41457148766E77697943514D53594E30784B35495142396B6850423477564F6A5876466C55545A7A6A46574B426673346866645567354145783154425563797A544450795A6E6D696947675837544F392D462D776E5439593330, '18b7ac6de5d5c686b4a05da84238354d', 'admin', 'client', 0xACED0005737200416F72672E737072696E676672616D65776F726B2E73656375726974792E6F61757468322E70726F76696465722E4F417574683241757468656E7469636174696F6EBD400B02166252130200024C000D73746F7265645265717565737474003C4C6F72672F737072696E676672616D65776F726B2F73656375726974792F6F61757468322F70726F76696465722F4F4175746832526571756573743B4C00127573657241757468656E7469636174696F6E7400324C6F72672F737072696E676672616D65776F726B2F73656375726974792F636F72652F41757468656E7469636174696F6E3B787200476F72672E737072696E676672616D65776F726B2E73656375726974792E61757468656E7469636174696F6E2E416273747261637441757468656E7469636174696F6E546F6B656ED3AA287E6E47640E0200035A000D61757468656E746963617465644C000B617574686F7269746965737400164C6A6176612F7574696C2F436F6C6C656374696F6E3B4C000764657461696C737400124C6A6176612F6C616E672F4F626A6563743B787000737200266A6176612E7574696C2E436F6C6C656374696F6E7324556E6D6F6469666961626C654C697374FC0F2531B5EC8E100200014C00046C6973747400104C6A6176612F7574696C2F4C6973743B7872002C6A6176612E7574696C2E436F6C6C656374696F6E7324556E6D6F6469666961626C65436F6C6C656374696F6E19420080CB5EF71E0200014C00016371007E00047870737200136A6176612E7574696C2E41727261794C6973747881D21D99C7619D03000149000473697A65787000000001770400000001737200426F72672E737072696E676672616D65776F726B2E73656375726974792E636F72652E617574686F726974792E53696D706C654772616E746564417574686F7269747900000000000001A40200014C0004726F6C657400124C6A6176612F6C616E672F537472696E673B7870740009524F4C455F555345527871007E000C707372003A6F72672E737072696E676672616D65776F726B2E73656375726974792E6F61757468322E70726F76696465722E4F41757468325265717565737400000000000000010200075A0008617070726F7665644C000B617574686F72697469657371007E00044C000A657874656E73696F6E7374000F4C6A6176612F7574696C2F4D61703B4C000B726564697265637455726971007E000E4C00077265667265736874003B4C6F72672F737072696E676672616D65776F726B2F73656375726974792F6F61757468322F70726F76696465722F546F6B656E526571756573743B4C000B7265736F7572636549647374000F4C6A6176612F7574696C2F5365743B4C000D726573706F6E7365547970657371007E0014787200386F72672E737072696E676672616D65776F726B2E73656375726974792E6F61757468322E70726F76696465722E426173655265717565737436287A3EA37169BD0200034C0008636C69656E74496471007E000E4C001172657175657374506172616D657465727371007E00124C000573636F706571007E00147870740006636C69656E74737200256A6176612E7574696C2E436F6C6C656374696F6E7324556E6D6F6469666961626C654D6170F1A5A8FE74F507420200014C00016D71007E00127870737200116A6176612E7574696C2E486173684D61700507DAC1C31660D103000246000A6C6F6164466163746F724900097468726573686F6C6478703F4000000000000C77080000001000000006740004636F64657400067954736E5A5074000A6772616E745F74797065740012617574686F72697A6174696F6E5F636F646574000D726573706F6E73655F74797065740004636F646574000C72656469726563745F75726974001F687474703A2F2F6C6F63616C686F73743A343034302F73736F2F6C6F67696E7400057374617465740006336A72313655740009636C69656E745F696471007E001778737200256A6176612E7574696C2E436F6C6C656374696F6E7324556E6D6F6469666961626C65536574801D92D18F9B80550200007871007E0009737200176A6176612E7574696C2E4C696E6B656448617368536574D86CD75A95DD2A1E020000787200116A6176612E7574696C2E48617368536574BA44859596B8B7340300007870770C000000103F400000000000017400047265616478017371007E002A770C000000103F40000000000000787371007E001A3F40000000000000770800000010000000007874001F687474703A2F2F6C6F63616C686F73743A343034302F73736F2F6C6F67696E707371007E002A770C000000103F40000000000000787371007E002A770C000000103F4000000000000171007E0021787372004F6F72672E737072696E676672616D65776F726B2E73656375726974792E61757468656E7469636174696F6E2E557365726E616D6550617373776F726441757468656E7469636174696F6E546F6B656E00000000000001A40200024C000B63726564656E7469616C7371007E00054C00097072696E636970616C71007E00057871007E0003017371007E00077371007E000B0000000177040000000171007E000F7871007E0035737200486F72672E737072696E676672616D65776F726B2E73656375726974792E7765622E61757468656E7469636174696F6E2E57656241757468656E7469636174696F6E44657461696C7300000000000001A40200024C000D72656D6F74654164647265737371007E000E4C000973657373696F6E496471007E000E787074000F303A303A303A303A303A303A303A317400286D5A764A5A574C526A7970396D38726D4F6C6D5F5066357051534C777A6357593034555765567672707372003C636F6D2E6769746875622E777869616F71692E73656375726974792E617574682E6D6F64756C652E6F617574682E6265616E2E4F61757468557365722B57AABE29E91E2E0200044C0008646570617274496471007E000E4C0002696471007E000E4C00046E616D6571007E000E4C000874656E616E74496471007E000E787200326F72672E737072696E676672616D65776F726B2E73656375726974792E636F72652E7573657264657461696C732E5573657200000000000001A40200075A00116163636F756E744E6F6E457870697265645A00106163636F756E744E6F6E4C6F636B65645A001563726564656E7469616C734E6F6E457870697265645A0007656E61626C65644C000B617574686F72697469657371007E00144C000870617373776F726471007E000E4C0008757365726E616D6571007E000E7870010101017371007E0027737200116A6176612E7574696C2E54726565536574DD98509395ED875B0300007870737200466F72672E737072696E676672616D65776F726B2E73656375726974792E636F72652E7573657264657461696C732E5573657224417574686F72697479436F6D70617261746F7200000000000001A4020000787077040000000171007E000F787074000561646D696E740004726F6F74740001317400054D722E41477400206163383863656233383661613432333162303962663437326362393337633234, '0f23c0685226e17ce45e9a05166dd327');
INSERT INTO `oauth_access_token` VALUES ('5e1dde7e85bdc6370fec85f8101da2f5', 0xACED0005737200436F72672E737072696E676672616D65776F726B2E73656375726974792E6F61757468322E636F6D6D6F6E2E44656661756C744F4175746832416363657373546F6B656E0CB29E361B24FACE0200064C00156164646974696F6E616C496E666F726D6174696F6E74000F4C6A6176612F7574696C2F4D61703B4C000A65787069726174696F6E7400104C6A6176612F7574696C2F446174653B4C000C72656672657368546F6B656E74003F4C6F72672F737072696E676672616D65776F726B2F73656375726974792F6F61757468322F636F6D6D6F6E2F4F417574683252656672657368546F6B656E3B4C000573636F706574000F4C6A6176612F7574696C2F5365743B4C0009746F6B656E547970657400124C6A6176612F6C616E672F537472696E673B4C000576616C756571007E00057870737200176A6176612E7574696C2E4C696E6B6564486173684D617034C04E5C106CC0FB0200015A000B6163636573734F72646572787200116A6176612E7574696C2E486173684D61700507DAC1C31660D103000246000A6C6F6164466163746F724900097468726573686F6C6478703F4000000000000C7708000000100000000774000373756274000674656E616E747400066578706972657372000E6A6176612E7574696C2E44617465686A81014B597419030000787077080000016285B51F70787400066465706172747400206435383365376465366432643438623738666233633764636231383063623166740008757365724E616D6574000CE6B58BE8AF95E7A79FE688B7740006757365724964740020613161326362313762346632346535306262646532663162386132333362636274000674656E616E7474002031656330383536346463633334343031386436616161393130303638663066307400036A746974002461336335376134632D626363322D346462652D613864332D37353135636365336234623278007371007E000D7708000001628659EAF0787372004C6F72672E737072696E676672616D65776F726B2E73656375726974792E6F61757468322E636F6D6D6F6E2E44656661756C744578706972696E674F417574683252656672657368546F6B656E2FDF47639DD0C9B70200014C000A65787069726174696F6E71007E0002787200446F72672E737072696E676672616D65776F726B2E73656375726974792E6F61757468322E636F6D6D6F6E2E44656661756C744F417574683252656672657368546F6B656E73E10E0A6354D45E0200014C000576616C756571007E000578707402D765794A68624763694F694A53557A49314E694973496E523563434936496B705856434A392E65794A7A645749694F694A305A573568626E51694C434A316332567958323568625755694F694A305A573568626E51694C434A3163325679546D46745A53493649756131692D69766C65656E6E2D614974794973496E567A5A584A4A5A434936496D457859544A6A596A4533596A526D4D6A526C4E544269596D526C4D6D5978596A68684D6A4D7A596D4E69496977695958563061473979615852705A584D694F6C7369556B394D5256395655305653496C3073496D4E7361575675644639705A434936496E5A315A534973496E4E6A6233426C496A7062496E4A6C59575169585377695A58687761584A6C496A6F784E5449794E6A59784E6A59794E5463324C434A6864476B694F694A684D324D314E3245305979316959324D794C54526B596D55745954686B4D7930334E54453159324E6C4D324930596A49694C434A6C654841694F6A45314D6A55794E5441774E6A4973496D526C6347467964434936496D51314F444E6C4E32526C4E6D51795A445134596A63345A6D497A597A646B593249784F44426A596A466D49697769616E5270496A6F695A5449304E6D566A4E7A4D745957526B597930305A6D4E6C4C57466859324D74597A52694D6A4A6D4D6A673359545532496977696447567559573530496A6F694D57566A4D4467314E6A526B59324D7A4E4451774D54686B4E6D466859546B784D4441324F4759775A6A416966512E676A796C39314449796F58674B3843316C567A7743634D68564E474535524C3165577659594758494C4C64586C31414F477A776C496675565F334B3155753377445F444F75464244456B3234344A4A427863386B516A4E6F316A305057355371784D35346D755676707358573244574A796A4D5535647141773364415748505A594C35634D70774A43544B434A3857673648716C4F577273466C7A56776966706A44336B46686858786E777371007E000D7708000001631FFCF8EC78737200256A6176612E7574696C2E436F6C6C656374696F6E7324556E6D6F6469666961626C65536574801D92D18F9B80550200007872002C6A6176612E7574696C2E436F6C6C656374696F6E7324556E6D6F6469666961626C65436F6C6C656374696F6E19420080CB5EF71E0200014C0001637400164C6A6176612F7574696C2F436F6C6C656374696F6E3B7870737200176A6176612E7574696C2E4C696E6B656448617368536574D86CD75A95DD2A1E020000787200116A6176612E7574696C2E48617368536574BA44859596B8B7340300007870770C000000023F40000000000001740004726561647874000662656172657274029B65794A68624763694F694A53557A49314E694973496E523563434936496B705856434A392E65794A7A645749694F694A305A573568626E51694C434A316332567958323568625755694F694A305A573568626E51694C434A7A593239775A53493657794A795A57466B496C3073496D563463476C795A5349364D5455794D6A59324D5459324D6A55334E6977695A586877496A6F784E5449794E6A63794E4459794C434A6B5A584268636E51694F694A6B4E54677A5A54646B5A545A6B4D6D51304F4749334F475A694D324D335A474E694D546777593249785A694973496E567A5A584A4F5957316C496A6F693572574C364B2D5635366566356F69334969776964584E6C636B6C6B496A6F69595446684D6D4E694D5464694E4759794E4755314D474A695A4755795A6A46694F4745794D7A4E69593249694C434A686458526F62334A7064476C6C6379493657794A5354307846583156545256496958537769616E5270496A6F6959544E6A4E5464684E474D74596D4E6A4D6930305A474A6C4C5745345A444D744E7A55784E574E6A5A544E694E474979496977696447567559573530496A6F694D57566A4D4467314E6A526B59324D7A4E4451774D54686B4E6D466859546B784D4441324F4759775A6A41694C434A6A62476C6C626E5266615751694F694A326457556966512E66475451377552686932624773696E5A2D4A776469467A536470447070612D35614E7A2D3376464F4E325A776E434D53703456424837737A32426A5275775851614D534371643779554635576F58702D554A4D62586171577A45466A6E676244436D35636758474F784B7542676171556B2D6F573951457741444A397A7865585A3452686F79714D684C5A61764C57635F444C59667539794274336F5A7341595930453257457665695634, '34eeabc45c1da32c30402dfb4fab6055', 'tenant', 'vue', 0xACED0005737200416F72672E737072696E676672616D65776F726B2E73656375726974792E6F61757468322E70726F76696465722E4F417574683241757468656E7469636174696F6EBD400B02166252130200024C000D73746F7265645265717565737474003C4C6F72672F737072696E676672616D65776F726B2F73656375726974792F6F61757468322F70726F76696465722F4F4175746832526571756573743B4C00127573657241757468656E7469636174696F6E7400324C6F72672F737072696E676672616D65776F726B2F73656375726974792F636F72652F41757468656E7469636174696F6E3B787200476F72672E737072696E676672616D65776F726B2E73656375726974792E61757468656E7469636174696F6E2E416273747261637441757468656E7469636174696F6E546F6B656ED3AA287E6E47640E0200035A000D61757468656E746963617465644C000B617574686F7269746965737400164C6A6176612F7574696C2F436F6C6C656374696F6E3B4C000764657461696C737400124C6A6176612F6C616E672F4F626A6563743B787000737200266A6176612E7574696C2E436F6C6C656374696F6E7324556E6D6F6469666961626C654C697374FC0F2531B5EC8E100200014C00046C6973747400104C6A6176612F7574696C2F4C6973743B7872002C6A6176612E7574696C2E436F6C6C656374696F6E7324556E6D6F6469666961626C65436F6C6C656374696F6E19420080CB5EF71E0200014C00016371007E00047870737200136A6176612E7574696C2E41727261794C6973747881D21D99C7619D03000149000473697A65787000000001770400000001737200426F72672E737072696E676672616D65776F726B2E73656375726974792E636F72652E617574686F726974792E53696D706C654772616E746564417574686F7269747900000000000001A40200014C0004726F6C657400124C6A6176612F6C616E672F537472696E673B7870740009524F4C455F555345527871007E000C707372003A6F72672E737072696E676672616D65776F726B2E73656375726974792E6F61757468322E70726F76696465722E4F41757468325265717565737400000000000000010200075A0008617070726F7665644C000B617574686F72697469657371007E00044C000A657874656E73696F6E7374000F4C6A6176612F7574696C2F4D61703B4C000B726564697265637455726971007E000E4C00077265667265736874003B4C6F72672F737072696E676672616D65776F726B2F73656375726974792F6F61757468322F70726F76696465722F546F6B656E526571756573743B4C000B7265736F7572636549647374000F4C6A6176612F7574696C2F5365743B4C000D726573706F6E7365547970657371007E0014787200386F72672E737072696E676672616D65776F726B2E73656375726974792E6F61757468322E70726F76696465722E426173655265717565737436287A3EA37169BD0200034C0008636C69656E74496471007E000E4C001172657175657374506172616D657465727371007E00124C000573636F706571007E00147870740003767565737200256A6176612E7574696C2E436F6C6C656374696F6E7324556E6D6F6469666961626C654D6170F1A5A8FE74F507420200014C00016D71007E00127870737200116A6176612E7574696C2E486173684D61700507DAC1C31660D103000246000A6C6F6164466163746F724900097468726573686F6C6478703F400000000000037708000000040000000274000A6772616E745F7479706574000870617373776F7264740008757365726E616D6574000674656E616E7478737200256A6176612E7574696C2E436F6C6C656374696F6E7324556E6D6F6469666961626C65536574801D92D18F9B80550200007871007E0009737200176A6176612E7574696C2E4C696E6B656448617368536574D86CD75A95DD2A1E020000787200116A6176612E7574696C2E48617368536574BA44859596B8B7340300007870770C000000103F400000000000017400047265616478017371007E0023770C000000103F40000000000000787371007E001A3F40000000000000770800000010000000007870707371007E0023770C000000103F40000000000000787371007E0023770C000000103F40000000000000787372004F6F72672E737072696E676672616D65776F726B2E73656375726974792E61757468656E7469636174696F6E2E557365726E616D6550617373776F726441757468656E7469636174696F6E546F6B656E00000000000001A40200024C000B63726564656E7469616C7371007E00054C00097072696E636970616C71007E00057871007E0003017371007E00077371007E000B0000000177040000000171007E000F7871007E002D737200176A6176612E7574696C2E4C696E6B6564486173684D617034C04E5C106CC0FB0200015A000B6163636573734F726465727871007E001A3F400000000000067708000000080000000271007E001C71007E001D71007E001E71007E001F7800707372003C636F6D2E6769746875622E777869616F71692E73656375726974792E617574682E6D6F64756C652E6F617574682E6265616E2E4F61757468557365722B57AABE29E91E2E0200044C0008646570617274496471007E000E4C0002696471007E000E4C00046E616D6571007E000E4C000874656E616E74496471007E000E787200326F72672E737072696E676672616D65776F726B2E73656375726974792E636F72652E7573657264657461696C732E5573657200000000000001A40200075A00116163636F756E744E6F6E457870697265645A00106163636F756E744E6F6E4C6F636B65645A001563726564656E7469616C734E6F6E457870697265645A0007656E61626C65644C000B617574686F72697469657371007E00144C000870617373776F726471007E000E4C0008757365726E616D6571007E000E7870010101017371007E0020737200116A6176612E7574696C2E54726565536574DD98509395ED875B0300007870737200466F72672E737072696E676672616D65776F726B2E73656375726974792E636F72652E7573657264657461696C732E5573657224417574686F72697479436F6D70617261746F7200000000000001A4020000787077040000000171007E000F787074000674656E616E747400206435383365376465366432643438623738666233633764636231383063623166740020613161326362313762346632346535306262646532663162386132333362636274000CE6B58BE8AF95E7A79FE688B77400203165633038353634646363333434303138643661616139313030363866306630, '3603252b1aa850a2c2491ffa6579bf5e');
INSERT INTO `oauth_access_token` VALUES ('5639820dc06ce556b009177166e686e0', 0xACED0005737200436F72672E737072696E676672616D65776F726B2E73656375726974792E6F61757468322E636F6D6D6F6E2E44656661756C744F4175746832416363657373546F6B656E0CB29E361B24FACE0200064C00156164646974696F6E616C496E666F726D6174696F6E74000F4C6A6176612F7574696C2F4D61703B4C000A65787069726174696F6E7400104C6A6176612F7574696C2F446174653B4C000C72656672657368546F6B656E74003F4C6F72672F737072696E676672616D65776F726B2F73656375726974792F6F61757468322F636F6D6D6F6E2F4F417574683252656672657368546F6B656E3B4C000573636F706574000F4C6A6176612F7574696C2F5365743B4C0009746F6B656E547970657400124C6A6176612F6C616E672F537472696E673B4C000576616C756571007E00057870737200176A6176612E7574696C2E4C696E6B6564486173684D617034C04E5C106CC0FB0200015A000B6163636573734F72646572787200116A6176612E7574696C2E486173684D61700507DAC1C31660D103000246000A6C6F6164466163746F724900097468726573686F6C6478703F4000000000000C770800000010000000077400037375627400046C616C617400066578706972657372000E6A6176612E7574696C2E44617465686A81014B5974190300007870770800000163154755F578740006646570617274740004726F6F74740008757365724E616D657400046C616C61740006757365724964740020363336636534353434353731343833366235626263613033306336323165383474000674656E616E7474002061633838636562333836616134323331623039626634373263623933376332347400036A746974002439663634646365372D613433362D343365322D626132352D31373439326565353430623878007371007E000D77080000016315EC2175787372004C6F72672E737072696E676672616D65776F726B2E73656375726974792E6F61757468322E636F6D6D6F6E2E44656661756C744578706972696E674F417574683252656672657368546F6B656E2FDF47639DD0C9B70200014C000A65787069726174696F6E71007E0002787200446F72672E737072696E676672616D65776F726B2E73656375726974792E6F61757468322E636F6D6D6F6E2E44656661756C744F417574683252656672657368546F6B656E73E10E0A6354D45E0200014C000576616C756571007E000578707402A165794A68624763694F694A53557A49314E694973496E523563434936496B705856434A392E65794A7A645749694F694A73595778684969776964584E6C636C39755957316C496A6F696247467359534973496E567A5A584A4F5957316C496A6F696247467359534973496E567A5A584A4A5A434936496A597A4E6D4E6C4E4455304E4455334D5451344D7A5A694E574A69593245774D7A426A4E6A49785A546730496977695958563061473979615852705A584D694F6C7369556B394D5256395655305653496C3073496D4E7361575675644639705A434936496E5A315A534973496E4E6A6233426C496A7062496E4A6C59575169585377695A58687761584A6C496A6F784E5449314D4463774D7A67324E6A63334C434A6864476B694F6949355A6A59305A474E6C4E7931684E444D324C54517A5A544974596D45794E5330784E7A51354D6D566C4E545177596A67694C434A6C654841694F6A45314D6A63324E5467334F445973496D526C6347467964434936496E4A76623351694C434A7164476B694F694A685A545A6A4D7A45794E5330305A6A4A6A4C5451315A5459744F4464694F533079596A6C684D446C6B4F574D345A5755694C434A305A573568626E51694F694A68597A6734593256694D7A6732595745304D6A4D78596A4135596D59304E7A4A6A596A6B7A4E324D794E434A392E59366767385A705A795F59596D6E6D6257574C716E684F4B314E7465494A6E334173504F30704556426D566F4F623348704D546F5668647146696A506D36495149624B56766D70784B39767A7A5A544D5A79563247504F714A51484F4C4B6A343233497543754A4E4C4B63774750316B574F6D664A3162686F7778676F7A5743524A6A445845704F70526A4B4F3756595077696536554931567A5939695263576966344D5F30546C436E4D7371007E000D770800000163AF8F2F7378737200256A6176612E7574696C2E436F6C6C656374696F6E7324556E6D6F6469666961626C65536574801D92D18F9B80550200007872002C6A6176612E7574696C2E436F6C6C656374696F6E7324556E6D6F6469666961626C65436F6C6C656374696F6E19420080CB5EF71E0200014C0001637400164C6A6176612F7574696C2F436F6C6C656374696F6E3B7870737200176A6176612E7574696C2E4C696E6B656448617368536574D86CD75A95DD2A1E020000787200116A6176612E7574696C2E48617368536574BA44859596B8B7340300007870770C000000023F40000000000001740004726561647874000662656172657274026565794A68624763694F694A53557A49314E694973496E523563434936496B705856434A392E65794A7A645749694F694A73595778684969776964584E6C636C39755957316C496A6F696247467359534973496E4E6A6233426C496A7062496E4A6C59575169585377695A58687761584A6C496A6F784E5449314D4463774D7A67324E6A63334C434A6C654841694F6A45314D6A55774F4445784F445973496D526C6347467964434936496E4A76623351694C434A3163325679546D46745A534936496D7868624745694C434A3163325679535751694F6949324D7A5A6A5A5451314E4451314E7A45304F444D32596A5669596D4E684D444D77597A59794D5755344E434973496D463164476876636D6C306157567A496A7062496C4A505445566656564E4655694A644C434A7164476B694F6949355A6A59305A474E6C4E7931684E444D324C54517A5A544974596D45794E5330784E7A51354D6D566C4E545177596A67694C434A305A573568626E51694F694A68597A6734593256694D7A6732595745304D6A4D78596A4135596D59304E7A4A6A596A6B7A4E324D794E434973496D4E7361575675644639705A434936496E5A315A534A392E595A594254727853703069465337535A78356C7A33575536323664464A56366147324E39367A704E67635F49726B574F30525866363359424E58446A716E425441764A7274625F5632756D7670345732655167616B387770645539353232664E336B536D5757354B7257583756345A54584461394B39633262614731422D7064344171796C6D6642497568376172517463756633675545694E7333626D5F7062764462446A667A79764E51, 'e71c6a9f9faa0fb000f4c011c2505ef8', 'lala', 'vue', 0xACED0005737200416F72672E737072696E676672616D65776F726B2E73656375726974792E6F61757468322E70726F76696465722E4F417574683241757468656E7469636174696F6EBD400B02166252130200024C000D73746F7265645265717565737474003C4C6F72672F737072696E676672616D65776F726B2F73656375726974792F6F61757468322F70726F76696465722F4F4175746832526571756573743B4C00127573657241757468656E7469636174696F6E7400324C6F72672F737072696E676672616D65776F726B2F73656375726974792F636F72652F41757468656E7469636174696F6E3B787200476F72672E737072696E676672616D65776F726B2E73656375726974792E61757468656E7469636174696F6E2E416273747261637441757468656E7469636174696F6E546F6B656ED3AA287E6E47640E0200035A000D61757468656E746963617465644C000B617574686F7269746965737400164C6A6176612F7574696C2F436F6C6C656374696F6E3B4C000764657461696C737400124C6A6176612F6C616E672F4F626A6563743B787000737200266A6176612E7574696C2E436F6C6C656374696F6E7324556E6D6F6469666961626C654C697374FC0F2531B5EC8E100200014C00046C6973747400104C6A6176612F7574696C2F4C6973743B7872002C6A6176612E7574696C2E436F6C6C656374696F6E7324556E6D6F6469666961626C65436F6C6C656374696F6E19420080CB5EF71E0200014C00016371007E00047870737200136A6176612E7574696C2E41727261794C6973747881D21D99C7619D03000149000473697A65787000000001770400000001737200426F72672E737072696E676672616D65776F726B2E73656375726974792E636F72652E617574686F726974792E53696D706C654772616E746564417574686F7269747900000000000001A40200014C0004726F6C657400124C6A6176612F6C616E672F537472696E673B7870740009524F4C455F555345527871007E000C707372003A6F72672E737072696E676672616D65776F726B2E73656375726974792E6F61757468322E70726F76696465722E4F41757468325265717565737400000000000000010200075A0008617070726F7665644C000B617574686F72697469657371007E00044C000A657874656E73696F6E7374000F4C6A6176612F7574696C2F4D61703B4C000B726564697265637455726971007E000E4C00077265667265736874003B4C6F72672F737072696E676672616D65776F726B2F73656375726974792F6F61757468322F70726F76696465722F546F6B656E526571756573743B4C000B7265736F7572636549647374000F4C6A6176612F7574696C2F5365743B4C000D726573706F6E7365547970657371007E0014787200386F72672E737072696E676672616D65776F726B2E73656375726974792E6F61757468322E70726F76696465722E426173655265717565737436287A3EA37169BD0200034C0008636C69656E74496471007E000E4C001172657175657374506172616D657465727371007E00124C000573636F706571007E00147870740003767565737200256A6176612E7574696C2E436F6C6C656374696F6E7324556E6D6F6469666961626C654D6170F1A5A8FE74F507420200014C00016D71007E00127870737200116A6176612E7574696C2E486173684D61700507DAC1C31660D103000246000A6C6F6164466163746F724900097468726573686F6C6478703F400000000000037708000000040000000274000A6772616E745F7479706574000870617373776F7264740008757365726E616D657400046C616C6178737200256A6176612E7574696C2E436F6C6C656374696F6E7324556E6D6F6469666961626C65536574801D92D18F9B80550200007871007E0009737200176A6176612E7574696C2E4C696E6B656448617368536574D86CD75A95DD2A1E020000787200116A6176612E7574696C2E48617368536574BA44859596B8B7340300007870770C000000103F400000000000017400047265616478017371007E0023770C000000103F40000000000000787371007E001A3F40000000000000770800000010000000007870707371007E0023770C000000103F40000000000000787371007E0023770C000000103F40000000000000787372004F6F72672E737072696E676672616D65776F726B2E73656375726974792E61757468656E7469636174696F6E2E557365726E616D6550617373776F726441757468656E7469636174696F6E546F6B656E00000000000001A40200024C000B63726564656E7469616C7371007E00054C00097072696E636970616C71007E00057871007E0003017371007E00077371007E000B0000000177040000000171007E000F7871007E002D737200176A6176612E7574696C2E4C696E6B6564486173684D617034C04E5C106CC0FB0200015A000B6163636573734F726465727871007E001A3F400000000000067708000000080000000271007E001C71007E001D71007E001E71007E001F7800707372003C636F6D2E6769746875622E777869616F71692E73656375726974792E617574682E6D6F64756C652E6F617574682E6265616E2E4F61757468557365722B57AABE29E91E2E0200044C0008646570617274496471007E000E4C0002696471007E000E4C00046E616D6571007E000E4C000874656E616E74496471007E000E787200326F72672E737072696E676672616D65776F726B2E73656375726974792E636F72652E7573657264657461696C732E5573657200000000000001A40200075A00116163636F756E744E6F6E457870697265645A00106163636F756E744E6F6E4C6F636B65645A001563726564656E7469616C734E6F6E457870697265645A0007656E61626C65644C000B617574686F72697469657371007E00144C000870617373776F726471007E000E4C0008757365726E616D6571007E000E7870010101017371007E0020737200116A6176612E7574696C2E54726565536574DD98509395ED875B0300007870737200466F72672E737072696E676672616D65776F726B2E73656375726974792E636F72652E7573657264657461696C732E5573657224417574686F72697479436F6D70617261746F7200000000000001A4020000787077040000000171007E000F78707400046C616C61740004726F6F7474002036333663653435343435373134383336623562626361303330633632316538347400046C616C617400206163383863656233383661613432333162303962663437326362393337633234, '68d5b3216597c003aeb504a216e0458c');
INSERT INTO `oauth_access_token` VALUES ('c6e174a5544341404ade11bcad96b941', 0xACED0005737200436F72672E737072696E676672616D65776F726B2E73656375726974792E6F61757468322E636F6D6D6F6E2E44656661756C744F4175746832416363657373546F6B656E0CB29E361B24FACE0200064C00156164646974696F6E616C496E666F726D6174696F6E74000F4C6A6176612F7574696C2F4D61703B4C000A65787069726174696F6E7400104C6A6176612F7574696C2F446174653B4C000C72656672657368546F6B656E74003F4C6F72672F737072696E676672616D65776F726B2F73656375726974792F6F61757468322F636F6D6D6F6E2F4F417574683252656672657368546F6B656E3B4C000573636F706574000F4C6A6176612F7574696C2F5365743B4C0009746F6B656E547970657400124C6A6176612F6C616E672F537472696E673B4C000576616C756571007E00057870737200176A6176612E7574696C2E4C696E6B6564486173684D617034C04E5C106CC0FB0200015A000B6163636573734F72646572787200116A6176612E7574696C2E486173684D61700507DAC1C31660D103000246000A6C6F6164466163746F724900097468726573686F6C6478703F4000000000000C7708000000100000000774000373756274000561646D696E7400066578706972657372000E6A6176612E7574696C2E44617465686A81014B597419030000787077080000016344428A2978740006646570617274740004726F6F74740008757365724E616D657400054D722E41477400067573657249647400013174000674656E616E7474002061633838636562333836616134323331623039626634373263623933376332347400036A746974002435373538633462362D626136622D343730642D386634372D66316538626439346364636578007371007E000D77080000016344E755A2787372004C6F72672E737072696E676672616D65776F726B2E73656375726974792E6F61757468322E636F6D6D6F6E2E44656661756C744578706972696E674F417574683252656672657368546F6B656E2FDF47639DD0C9B70200014C000A65787069726174696F6E71007E0002787200446F72672E737072696E676672616D65776F726B2E73656375726974792E6F61757468322E636F6D6D6F6E2E44656661756C744F417574683252656672657368546F6B656E73E10E0A6354D45E0200014C000576616C756571007E0005787074027C65794A68624763694F694A53557A49314E694973496E523563434936496B705856434A392E65794A7A645749694F694A685A47317062694973496E567A5A584A66626D46745A534936496D466B62576C754969776964584E6C636B3568625755694F694A4E6369354252794973496E567A5A584A4A5A434936496A45694C434A686458526F62334A7064476C6C6379493657794A5354307846583156545256496958537769593278705A57353058326C6B496A6F69646E566C4969776963324E76634755694F6C7369636D56685A434A644C434A6C65484270636D55694F6A45314D6A55344E5467324D4445314D544D73496D463061534936496A55334E54686A4E4749324C574A684E6D49744E4463775A4330345A6A51334C5759785A5468695A446B305932526A5A534973496D5634634349364D5455794F4451304E7A41774D5377695A47567759584A30496A6F69636D397664434973496D703061534936496D4D7A5A6A63314E6D45334C5463774E574D744E445A69597931694D6D46684C54426D4E445A6B4E4449774D6A4E684F534973496E526C626D467564434936496D466A4F44686A5A57497A4F445A68595451794D7A46694D446C695A6A51334D6D4E694F544D33597A4930496E302E4F624C7545524D6F5366666E61477A5162786A6B33713470566F4F4E7A44784B705662624B756F515565677831624433686E714F615A6B69756374384748323148347A4E764A53622D384A45387A50595572384872685242743661397946704E37586668757659726F68494D34424D6546474D65726B30324171784F46727A4F4D635F2D6937467673364F4E776436576745574B4A2D38766F6E4F684567737673665361437754367278517371007E000D770800000163DE8A639E78737200256A6176612E7574696C2E436F6C6C656374696F6E7324556E6D6F6469666961626C65536574801D92D18F9B80550200007872002C6A6176612E7574696C2E436F6C6C656374696F6E7324556E6D6F6469666961626C65436F6C6C656374696F6E19420080CB5EF71E0200014C0001637400164C6A6176612F7574696C2F436F6C6C656374696F6E3B7870737200176A6176612E7574696C2E4C696E6B656448617368536574D86CD75A95DD2A1E020000787200116A6176612E7574696C2E48617368536574BA44859596B8B7340300007870770C000000103F40000000000001740004726561647874000662656172657274024065794A68624763694F694A53557A49314E694973496E523563434936496B705856434A392E65794A7A645749694F694A685A47317062694973496E567A5A584A66626D46745A534936496D466B62576C754969776963324E76634755694F6C7369636D56685A434A644C434A6C65484270636D55694F6A45314D6A55344E5467324D4445314D544D73496D5634634349364D5455794E5467324F5451774D5377695A47567759584A30496A6F69636D397664434973496E567A5A584A4F5957316C496A6F6954584975515563694C434A3163325679535751694F694978496977695958563061473979615852705A584D694F6C7369556B394D5256395655305653496C3073496D703061534936496A55334E54686A4E4749324C574A684E6D49744E4463775A4330345A6A51334C5759785A5468695A446B305932526A5A534973496E526C626D467564434936496D466A4F44686A5A57497A4F445A68595451794D7A46694D446C695A6A51334D6D4E694F544D33597A493049697769593278705A57353058326C6B496A6F69646E566C496E302E4267506D6D65733553453663745A39504139436165436B587754466F42336D535169593170775F4635714D50444E6F354A655835536657342D5A2D694B59656E6377647A44725170373263332D5F4E5A7861735967444443484D2D6C5F6B69446A736F624676445659744F646E6F4B33746A554C564D384337306D455142533551366B79672D577A776C4D617151336A745252674962596D4F457234364F3278554F5836456B7676476F55, 'cb95dd5351fb7d5e7ba39597b2923e67', 'admin', 'vue', 0xACED0005737200416F72672E737072696E676672616D65776F726B2E73656375726974792E6F61757468322E70726F76696465722E4F417574683241757468656E7469636174696F6EBD400B02166252130200024C000D73746F7265645265717565737474003C4C6F72672F737072696E676672616D65776F726B2F73656375726974792F6F61757468322F70726F76696465722F4F4175746832526571756573743B4C00127573657241757468656E7469636174696F6E7400324C6F72672F737072696E676672616D65776F726B2F73656375726974792F636F72652F41757468656E7469636174696F6E3B787200476F72672E737072696E676672616D65776F726B2E73656375726974792E61757468656E7469636174696F6E2E416273747261637441757468656E7469636174696F6E546F6B656ED3AA287E6E47640E0200035A000D61757468656E746963617465644C000B617574686F7269746965737400164C6A6176612F7574696C2F436F6C6C656374696F6E3B4C000764657461696C737400124C6A6176612F6C616E672F4F626A6563743B787000737200266A6176612E7574696C2E436F6C6C656374696F6E7324556E6D6F6469666961626C654C697374FC0F2531B5EC8E100200014C00046C6973747400104C6A6176612F7574696C2F4C6973743B7872002C6A6176612E7574696C2E436F6C6C656374696F6E7324556E6D6F6469666961626C65436F6C6C656374696F6E19420080CB5EF71E0200014C00016371007E00047870737200136A6176612E7574696C2E41727261794C6973747881D21D99C7619D03000149000473697A65787000000001770400000001737200426F72672E737072696E676672616D65776F726B2E73656375726974792E636F72652E617574686F726974792E53696D706C654772616E746564417574686F7269747900000000000001A40200014C0004726F6C657400124C6A6176612F6C616E672F537472696E673B7870740009524F4C455F555345527871007E000C707372003A6F72672E737072696E676672616D65776F726B2E73656375726974792E6F61757468322E70726F76696465722E4F41757468325265717565737400000000000000010200075A0008617070726F7665644C000B617574686F72697469657371007E00044C000A657874656E73696F6E7374000F4C6A6176612F7574696C2F4D61703B4C000B726564697265637455726971007E000E4C00077265667265736874003B4C6F72672F737072696E676672616D65776F726B2F73656375726974792F6F61757468322F70726F76696465722F546F6B656E526571756573743B4C000B7265736F7572636549647374000F4C6A6176612F7574696C2F5365743B4C000D726573706F6E7365547970657371007E0014787200386F72672E737072696E676672616D65776F726B2E73656375726974792E6F61757468322E70726F76696465722E426173655265717565737436287A3EA37169BD0200034C0008636C69656E74496471007E000E4C001172657175657374506172616D657465727371007E00124C000573636F706571007E00147870740003767565737200256A6176612E7574696C2E436F6C6C656374696F6E7324556E6D6F6469666961626C654D6170F1A5A8FE74F507420200014C00016D71007E00127870737200116A6176612E7574696C2E486173684D61700507DAC1C31660D103000246000A6C6F6164466163746F724900097468726573686F6C6478703F400000000000037708000000040000000274000A6772616E745F7479706574000870617373776F7264740008757365726E616D6574000561646D696E78737200256A6176612E7574696C2E436F6C6C656374696F6E7324556E6D6F6469666961626C65536574801D92D18F9B80550200007871007E0009737200176A6176612E7574696C2E4C696E6B656448617368536574D86CD75A95DD2A1E020000787200116A6176612E7574696C2E48617368536574BA44859596B8B7340300007870770C000000103F400000000000017400047265616478017371007E0023770C000000103F40000000000000787371007E001A3F40000000000000770800000010000000007870707371007E0023770C000000103F40000000000000787371007E0023770C000000103F40000000000000787372004F6F72672E737072696E676672616D65776F726B2E73656375726974792E61757468656E7469636174696F6E2E557365726E616D6550617373776F726441757468656E7469636174696F6E546F6B656E00000000000001A40200024C000B63726564656E7469616C7371007E00054C00097072696E636970616C71007E00057871007E0003017371007E00077371007E000B0000000177040000000171007E000F7871007E002D737200176A6176612E7574696C2E4C696E6B6564486173684D617034C04E5C106CC0FB0200015A000B6163636573734F726465727871007E001A3F400000000000067708000000080000000271007E001C71007E001D71007E001E71007E001F7800707372003C636F6D2E6769746875622E777869616F71692E73656375726974792E617574682E6D6F64756C652E6F617574682E6265616E2E4F61757468557365722B57AABE29E91E2E0200044C0008646570617274496471007E000E4C0002696471007E000E4C00046E616D6571007E000E4C000874656E616E74496471007E000E787200326F72672E737072696E676672616D65776F726B2E73656375726974792E636F72652E7573657264657461696C732E5573657200000000000001A40200075A00116163636F756E744E6F6E457870697265645A00106163636F756E744E6F6E4C6F636B65645A001563726564656E7469616C734E6F6E457870697265645A0007656E61626C65644C000B617574686F72697469657371007E00144C000870617373776F726471007E000E4C0008757365726E616D6571007E000E7870010101017371007E0020737200116A6176612E7574696C2E54726565536574DD98509395ED875B0300007870737200466F72672E737072696E676672616D65776F726B2E73656375726974792E636F72652E7573657264657461696C732E5573657224417574686F72697479436F6D70617261746F7200000000000001A4020000787077040000000171007E000F787074000561646D696E740004726F6F74740001317400054D722E41477400206163383863656233383661613432333162303962663437326362393337633234, '17cad3024dc6c9828d237a551b07d466');
COMMIT;

-- ----------------------------
-- Table structure for oauth_client_details
-- ----------------------------
DROP TABLE IF EXISTS `oauth_client_details`;
CREATE TABLE `oauth_client_details` (
  `client_id` varchar(100) NOT NULL,
  `resource_ids` varchar(256) DEFAULT NULL,
  `client_secret` varchar(256) DEFAULT NULL,
  `scope` varchar(256) DEFAULT NULL,
  `authorized_grant_types` varchar(256) DEFAULT NULL,
  `web_server_redirect_uri` varchar(256) DEFAULT NULL,
  `authorities` varchar(256) DEFAULT NULL,
  `access_token_validity` int(11) DEFAULT NULL,
  `refresh_token_validity` int(11) DEFAULT NULL,
  `additional_information` varchar(4096) DEFAULT NULL,
  `autoapprove` varchar(256) DEFAULT NULL,
  `description` varchar(256) DEFAULT NULL,
  `crt_user_name` varchar(255) DEFAULT NULL,
  `crt_user_id` varchar(36) DEFAULT NULL,
  `crt_time` datetime DEFAULT NULL,
  `upd_user_name` varchar(255) DEFAULT NULL,
  `upd_user_id` varchar(36) DEFAULT NULL,
  `upd_time` datetime DEFAULT NULL,
  `is_deleted` char(1) DEFAULT NULL,
  `is_disabled` char(1) DEFAULT NULL,
  PRIMARY KEY (`client_id`)
) ENGINE=InnoDB DEFAULT CHARSET=utf8;

-- ----------------------------
-- Records of oauth_client_details
-- ----------------------------
BEGIN;
INSERT INTO `oauth_client_details` VALUES ('client', '', 'client', 'read', 'password,refresh_token,authorization_code', 'http://localhost:4040/sso/login', NULL, 3600, 2592000, '{}', 'true', NULL, NULL, NULL, NULL, NULL, NULL, NULL, NULL, NULL);
INSERT INTO `oauth_client_details` VALUES ('vue', NULL, 'vue', 'read', 'password,refresh_token', 'http://localhost:9527/#/', NULL, 14400, 2592000, '{}', 'true', '', NULL, NULL, NULL, 'Mr.AG', '1', '2018-03-28 20:43:14', NULL, NULL);
COMMIT;

-- ----------------------------
-- Table structure for oauth_refresh_token
-- ----------------------------
DROP TABLE IF EXISTS `oauth_refresh_token`;
CREATE TABLE `oauth_refresh_token` (
  `token_id` varchar(256) DEFAULT NULL,
  `token` blob,
  `authentication` blob
) ENGINE=InnoDB DEFAULT CHARSET=utf8;

-- ----------------------------
-- Records of oauth_refresh_token
-- ----------------------------
BEGIN;
INSERT INTO `oauth_refresh_token` VALUES ('e4842f2ec109bb4986fcb45e17cef892', 0xACED00057372004C6F72672E737072696E676672616D65776F726B2E73656375726974792E6F61757468322E636F6D6D6F6E2E44656661756C744578706972696E674F417574683252656672657368546F6B656E2FDF47639DD0C9B70200014C000A65787069726174696F6E7400104C6A6176612F7574696C2F446174653B787200446F72672E737072696E676672616D65776F726B2E73656375726974792E6F61757468322E636F6D6D6F6E2E44656661756C744F417574683252656672657368546F6B656E73E10E0A6354D45E0200014C000576616C75657400124C6A6176612F6C616E672F537472696E673B78707402A165794A68624763694F694A53557A49314E694973496E523563434936496B705856434A392E65794A7A645749694F694A305A584E304969776964584E6C636C39755957316C496A6F696447567A64434973496E567A5A584A4F5957316C496A6F696447567A64434973496E567A5A584A4A5A434936496A56694D6A6C6C4F44686C4D7A597A597A5178597A4D354E47466B4E54426A5A6A677A4D4759325A544268496977695958563061473979615852705A584D694F6C7369556B394D5256395655305653496C3073496D4E7361575675644639705A434936496E5A315A534973496E4E6A6233426C496A7062496E4A6C59575169585377695A58687761584A6C496A6F784E5449794D6A51794E6A677A4F5455304C434A6864476B694F694A6A4E6D45774D6A4D775979316C4F44457A4C5451314E445574595467775A4330794E3251355954686D4F546B304D5441694C434A6C654841694F6A45314D6A51344D7A45774F444D73496D526C6347467964434936496E4A76623351694C434A7164476B694F694A684E544E695A444D324F4330795A5759344C5452685A4445744F44646D4E4330794E7A4D79596A63344E57497759546B694C434A305A573568626E51694F694A68597A6734593256694D7A6732595745304D6A4D78596A4135596D59304E7A4A6A596A6B7A4E324D794E434A392E616D3266514435437763617147435F5874796D62616F464F415A41455A57796E635467685F67693470324167646748775A37597A725055477266383251495238434C696F6135474B584F614B775A6B6E67347162797843564E4A6C4C666570706264586F685A4230627575686F7731554E4D3878365369594F76414962324267755F4B7A69722D537A6E4171665253316D6C53703064414F617A3533496F762D6D6653476C356A784647497372000E6A6176612E7574696C2E44617465686A81014B59741903000078707708000001630703DDAE78, 0xACED0005737200416F72672E737072696E676672616D65776F726B2E73656375726974792E6F61757468322E70726F76696465722E4F417574683241757468656E7469636174696F6EBD400B02166252130200024C000D73746F7265645265717565737474003C4C6F72672F737072696E676672616D65776F726B2F73656375726974792F6F61757468322F70726F76696465722F4F4175746832526571756573743B4C00127573657241757468656E7469636174696F6E7400324C6F72672F737072696E676672616D65776F726B2F73656375726974792F636F72652F41757468656E7469636174696F6E3B787200476F72672E737072696E676672616D65776F726B2E73656375726974792E61757468656E7469636174696F6E2E416273747261637441757468656E7469636174696F6E546F6B656ED3AA287E6E47640E0200035A000D61757468656E746963617465644C000B617574686F7269746965737400164C6A6176612F7574696C2F436F6C6C656374696F6E3B4C000764657461696C737400124C6A6176612F6C616E672F4F626A6563743B787000737200266A6176612E7574696C2E436F6C6C656374696F6E7324556E6D6F6469666961626C654C697374FC0F2531B5EC8E100200014C00046C6973747400104C6A6176612F7574696C2F4C6973743B7872002C6A6176612E7574696C2E436F6C6C656374696F6E7324556E6D6F6469666961626C65436F6C6C656374696F6E19420080CB5EF71E0200014C00016371007E00047870737200136A6176612E7574696C2E41727261794C6973747881D21D99C7619D03000149000473697A65787000000001770400000001737200426F72672E737072696E676672616D65776F726B2E73656375726974792E636F72652E617574686F726974792E53696D706C654772616E746564417574686F7269747900000000000001A40200014C0004726F6C657400124C6A6176612F6C616E672F537472696E673B7870740009524F4C455F555345527871007E000C707372003A6F72672E737072696E676672616D65776F726B2E73656375726974792E6F61757468322E70726F76696465722E4F41757468325265717565737400000000000000010200075A0008617070726F7665644C000B617574686F72697469657371007E00044C000A657874656E73696F6E7374000F4C6A6176612F7574696C2F4D61703B4C000B726564697265637455726971007E000E4C00077265667265736874003B4C6F72672F737072696E676672616D65776F726B2F73656375726974792F6F61757468322F70726F76696465722F546F6B656E526571756573743B4C000B7265736F7572636549647374000F4C6A6176612F7574696C2F5365743B4C000D726573706F6E7365547970657371007E0014787200386F72672E737072696E676672616D65776F726B2E73656375726974792E6F61757468322E70726F76696465722E426173655265717565737436287A3EA37169BD0200034C0008636C69656E74496471007E000E4C001172657175657374506172616D657465727371007E00124C000573636F706571007E00147870740003767565737200256A6176612E7574696C2E436F6C6C656374696F6E7324556E6D6F6469666961626C654D6170F1A5A8FE74F507420200014C00016D71007E00127870737200116A6176612E7574696C2E486173684D61700507DAC1C31660D103000246000A6C6F6164466163746F724900097468726573686F6C6478703F400000000000037708000000040000000274000A6772616E745F7479706574000870617373776F7264740008757365726E616D657400047465737478737200256A6176612E7574696C2E436F6C6C656374696F6E7324556E6D6F6469666961626C65536574801D92D18F9B80550200007871007E0009737200176A6176612E7574696C2E4C696E6B656448617368536574D86CD75A95DD2A1E020000787200116A6176612E7574696C2E48617368536574BA44859596B8B7340300007870770C000000103F400000000000017400047265616478017371007E0023770C000000103F40000000000000787371007E001A3F40000000000000770800000010000000007870707371007E0023770C000000103F40000000000000787371007E0023770C000000103F40000000000000787372004F6F72672E737072696E676672616D65776F726B2E73656375726974792E61757468656E7469636174696F6E2E557365726E616D6550617373776F726441757468656E7469636174696F6E546F6B656E00000000000001A40200024C000B63726564656E7469616C7371007E00054C00097072696E636970616C71007E00057871007E0003017371007E00077371007E000B0000000177040000000171007E000F7871007E002D737200176A6176612E7574696C2E4C696E6B6564486173684D617034C04E5C106CC0FB0200015A000B6163636573734F726465727871007E001A3F400000000000067708000000080000000271007E001C71007E001D71007E001E71007E001F7800707372003C636F6D2E6769746875622E777869616F71692E73656375726974792E617574682E6D6F64756C652E6F617574682E6265616E2E4F61757468557365722B57AABE29E91E2E0200044C0008646570617274496471007E000E4C0002696471007E000E4C00046E616D6571007E000E4C000874656E616E74496471007E000E787200326F72672E737072696E676672616D65776F726B2E73656375726974792E636F72652E7573657264657461696C732E5573657200000000000001A40200075A00116163636F756E744E6F6E457870697265645A00106163636F756E744E6F6E4C6F636B65645A001563726564656E7469616C734E6F6E457870697265645A0007656E61626C65644C000B617574686F72697469657371007E00144C000870617373776F726471007E000E4C0008757365726E616D6571007E000E7870010101017371007E0020737200116A6176612E7574696C2E54726565536574DD98509395ED875B0300007870737200466F72672E737072696E676672616D65776F726B2E73656375726974792E636F72652E7573657264657461696C732E5573657224417574686F72697479436F6D70617261746F7200000000000001A4020000787077040000000171007E000F787074000474657374740004726F6F747400203562323965383865333633633431633339346164353063663833306636653061740004746573747400206163383863656233383661613432333162303962663437326362393337633234);
INSERT INTO `oauth_refresh_token` VALUES ('0f23c0685226e17ce45e9a05166dd327', 0xACED00057372004C6F72672E737072696E676672616D65776F726B2E73656375726974792E6F61757468322E636F6D6D6F6E2E44656661756C744578706972696E674F417574683252656672657368546F6B656E2FDF47639DD0C9B70200014C000A65787069726174696F6E7400104C6A6176612F7574696C2F446174653B787200446F72672E737072696E676672616D65776F726B2E73656375726974792E6F61757468322E636F6D6D6F6E2E44656661756C744F417574683252656672657368546F6B656E73E10E0A6354D45E0200014C000576616C75657400124C6A6176612F6C616E672F537472696E673B787074028065794A68624763694F694A53557A49314E694973496E523563434936496B705856434A392E65794A7A645749694F694A685A47317062694973496E567A5A584A66626D46745A534936496D466B62576C754969776964584E6C636B3568625755694F694A4E6369354252794973496E567A5A584A4A5A434936496A45694C434A686458526F62334A7064476C6C6379493657794A5354307846583156545256496958537769593278705A57353058326C6B496A6F69593278705A5735304969776963324E76634755694F6C7369636D56685A434A644C434A6C65484270636D55694F6A45314D6A497A4D5441334E4467774F446773496D463061534936496A526A4D57566D4D4759314C5449784D4451744E47557A4D793169597A457A4C5445784F4445344E5759304E44566C4D434973496D5634634349364D5455794E4467354F5445304F4377695A47567759584A30496A6F69636D397664434973496D703061534936496A51304D474669596A51784C5755334E4451744E446730597931695A4467344C5451334F57466C5A6A51324E6D59785A534973496E526C626D467564434936496D466A4F44686A5A57497A4F445A68595451794D7A46694D446C695A6A51334D6D4E694F544D33597A4930496E302E504C6237644C646F463365385872517152736466664E776736597A54557A5A476A5849737538686847596B65687A4A573377464B51534D6F4A334B467764396E305A39616F45646A58454552444A456A7164656C665F612D3462594C6E654D636E47524F757135724370744159666E5A69514C2D335A4A49504A37546F535150436851433146485F79484C70364A65704B53735A6F5559596B782D344E7345795A4F714B474663784B56557372000E6A6176612E7574696C2E44617465686A81014B59741903000078707708000001630B12713378, 0xACED0005737200416F72672E737072696E676672616D65776F726B2E73656375726974792E6F61757468322E70726F76696465722E4F417574683241757468656E7469636174696F6EBD400B02166252130200024C000D73746F7265645265717565737474003C4C6F72672F737072696E676672616D65776F726B2F73656375726974792F6F61757468322F70726F76696465722F4F4175746832526571756573743B4C00127573657241757468656E7469636174696F6E7400324C6F72672F737072696E676672616D65776F726B2F73656375726974792F636F72652F41757468656E7469636174696F6E3B787200476F72672E737072696E676672616D65776F726B2E73656375726974792E61757468656E7469636174696F6E2E416273747261637441757468656E7469636174696F6E546F6B656ED3AA287E6E47640E0200035A000D61757468656E746963617465644C000B617574686F7269746965737400164C6A6176612F7574696C2F436F6C6C656374696F6E3B4C000764657461696C737400124C6A6176612F6C616E672F4F626A6563743B787000737200266A6176612E7574696C2E436F6C6C656374696F6E7324556E6D6F6469666961626C654C697374FC0F2531B5EC8E100200014C00046C6973747400104C6A6176612F7574696C2F4C6973743B7872002C6A6176612E7574696C2E436F6C6C656374696F6E7324556E6D6F6469666961626C65436F6C6C656374696F6E19420080CB5EF71E0200014C00016371007E00047870737200136A6176612E7574696C2E41727261794C6973747881D21D99C7619D03000149000473697A65787000000001770400000001737200426F72672E737072696E676672616D65776F726B2E73656375726974792E636F72652E617574686F726974792E53696D706C654772616E746564417574686F7269747900000000000001A40200014C0004726F6C657400124C6A6176612F6C616E672F537472696E673B7870740009524F4C455F555345527871007E000C707372003A6F72672E737072696E676672616D65776F726B2E73656375726974792E6F61757468322E70726F76696465722E4F41757468325265717565737400000000000000010200075A0008617070726F7665644C000B617574686F72697469657371007E00044C000A657874656E73696F6E7374000F4C6A6176612F7574696C2F4D61703B4C000B726564697265637455726971007E000E4C00077265667265736874003B4C6F72672F737072696E676672616D65776F726B2F73656375726974792F6F61757468322F70726F76696465722F546F6B656E526571756573743B4C000B7265736F7572636549647374000F4C6A6176612F7574696C2F5365743B4C000D726573706F6E7365547970657371007E0014787200386F72672E737072696E676672616D65776F726B2E73656375726974792E6F61757468322E70726F76696465722E426173655265717565737436287A3EA37169BD0200034C0008636C69656E74496471007E000E4C001172657175657374506172616D657465727371007E00124C000573636F706571007E00147870740006636C69656E74737200256A6176612E7574696C2E436F6C6C656374696F6E7324556E6D6F6469666961626C654D6170F1A5A8FE74F507420200014C00016D71007E00127870737200116A6176612E7574696C2E486173684D61700507DAC1C31660D103000246000A6C6F6164466163746F724900097468726573686F6C6478703F4000000000000C77080000001000000006740004636F64657400067053464E497974000A6772616E745F74797065740012617574686F72697A6174696F6E5F636F646574000D726573706F6E73655F74797065740004636F646574000C72656469726563745F75726974001F687474703A2F2F6C6F63616C686F73743A343034302F73736F2F6C6F67696E740005737461746574000664394A345237740009636C69656E745F696471007E001778737200256A6176612E7574696C2E436F6C6C656374696F6E7324556E6D6F6469666961626C65536574801D92D18F9B80550200007871007E0009737200176A6176612E7574696C2E4C696E6B656448617368536574D86CD75A95DD2A1E020000787200116A6176612E7574696C2E48617368536574BA44859596B8B7340300007870770C000000103F400000000000017400047265616478017371007E002A770C000000103F40000000000000787371007E001A3F40000000000000770800000010000000007874001F687474703A2F2F6C6F63616C686F73743A343034302F73736F2F6C6F67696E707371007E002A770C000000103F40000000000000787371007E002A770C000000103F4000000000000171007E0021787372004F6F72672E737072696E676672616D65776F726B2E73656375726974792E61757468656E7469636174696F6E2E557365726E616D6550617373776F726441757468656E7469636174696F6E546F6B656E00000000000001A40200024C000B63726564656E7469616C7371007E00054C00097072696E636970616C71007E00057871007E0003017371007E00077371007E000B0000000177040000000171007E000F7871007E0035737200486F72672E737072696E676672616D65776F726B2E73656375726974792E7765622E61757468656E7469636174696F6E2E57656241757468656E7469636174696F6E44657461696C7300000000000001A40200024C000D72656D6F74654164647265737371007E000E4C000973657373696F6E496471007E000E787074000F303A303A303A303A303A303A303A317400283769556E464C5074324347704F575F58513574637A7677713765565A674563347135763872666B42707372003C636F6D2E6769746875622E777869616F71692E73656375726974792E617574682E6D6F64756C652E6F617574682E6265616E2E4F61757468557365722B57AABE29E91E2E0200044C0008646570617274496471007E000E4C0002696471007E000E4C00046E616D6571007E000E4C000874656E616E74496471007E000E787200326F72672E737072696E676672616D65776F726B2E73656375726974792E636F72652E7573657264657461696C732E5573657200000000000001A40200075A00116163636F756E744E6F6E457870697265645A00106163636F756E744E6F6E4C6F636B65645A001563726564656E7469616C734E6F6E457870697265645A0007656E61626C65644C000B617574686F72697469657371007E00144C000870617373776F726471007E000E4C0008757365726E616D6571007E000E7870010101017371007E0027737200116A6176612E7574696C2E54726565536574DD98509395ED875B0300007870737200466F72672E737072696E676672616D65776F726B2E73656375726974792E636F72652E7573657264657461696C732E5573657224417574686F72697479436F6D70617261746F7200000000000001A4020000787077040000000171007E000F787074000561646D696E740004726F6F74740001317400054D722E41477400206163383863656233383661613432333162303962663437326362393337633234);
INSERT INTO `oauth_refresh_token` VALUES ('8384bf979d3b1c89aa8784189b24027c', 0xACED00057372004C6F72672E737072696E676672616D65776F726B2E73656375726974792E6F61757468322E636F6D6D6F6E2E44656661756C744578706972696E674F417574683252656672657368546F6B656E2FDF47639DD0C9B70200014C000A65787069726174696F6E7400104C6A6176612F7574696C2F446174653B787200446F72672E737072696E676672616D65776F726B2E73656375726974792E6F61757468322E636F6D6D6F6E2E44656661756C744F417574683252656672657368546F6B656E73E10E0A6354D45E0200014C000576616C75657400124C6A6176612F6C616E672F537472696E673B787074027C65794A68624763694F694A53557A49314E694973496E523563434936496B705856434A392E65794A7A645749694F694A685A47317062694973496E567A5A584A66626D46745A534936496D466B62576C754969776964584E6C636B3568625755694F694A4E6369354252794973496E567A5A584A4A5A434936496A45694C434A686458526F62334A7064476C6C6379493657794A5354307846583156545256496958537769593278705A57353058326C6B496A6F69646E566C4969776963324E76634755694F6C7369636D56685A434A644C434A6C65484270636D55694F6A45314D6A49324E5467354D444D774F544173496D463061534936496A497A59545A6D4E325A694C5467354E4463744E446B7A4E4331684E5464694C5455784E7A6777597A55315A6A55334D534973496D5634634349364D5455794E4463794E4467304E6977695A47567759584A30496A6F69636D397664434973496D703061534936496A646C4F44566B596D51334C5451334D5755744E47566C5A533035597A51344C5755335A544D774D324D7A4D445A6859534973496E526C626D467564434936496D466A4F44686A5A57497A4F445A68595451794D7A46694D446C695A6A51334D6D4E694F544D33597A4930496E302E593538774645375059494565544B677374375752637672512D35426A356432793058304E5950566A4C4E704B384E6B6B63535545385178547331434D596A572D594555644E6A534D6C6259486D5444626E3553567A674657757976625F5A616E7137515537723678504C395F4434325A7877303747646D755A502D5337754C386A57417644685A597A31705A4D6E635346524F4B737454684C68356A53704E487055454431724348312D557372000E6A6176612E7574696C2E44617465686A81014B597419030000787077080000016300AECF5E78, 0xACED0005737200416F72672E737072696E676672616D65776F726B2E73656375726974792E6F61757468322E70726F76696465722E4F417574683241757468656E7469636174696F6EBD400B02166252130200024C000D73746F7265645265717565737474003C4C6F72672F737072696E676672616D65776F726B2F73656375726974792F6F61757468322F70726F76696465722F4F4175746832526571756573743B4C00127573657241757468656E7469636174696F6E7400324C6F72672F737072696E676672616D65776F726B2F73656375726974792F636F72652F41757468656E7469636174696F6E3B787200476F72672E737072696E676672616D65776F726B2E73656375726974792E61757468656E7469636174696F6E2E416273747261637441757468656E7469636174696F6E546F6B656ED3AA287E6E47640E0200035A000D61757468656E746963617465644C000B617574686F7269746965737400164C6A6176612F7574696C2F436F6C6C656374696F6E3B4C000764657461696C737400124C6A6176612F6C616E672F4F626A6563743B787000737200266A6176612E7574696C2E436F6C6C656374696F6E7324556E6D6F6469666961626C654C697374FC0F2531B5EC8E100200014C00046C6973747400104C6A6176612F7574696C2F4C6973743B7872002C6A6176612E7574696C2E436F6C6C656374696F6E7324556E6D6F6469666961626C65436F6C6C656374696F6E19420080CB5EF71E0200014C00016371007E00047870737200136A6176612E7574696C2E41727261794C6973747881D21D99C7619D03000149000473697A65787000000001770400000001737200426F72672E737072696E676672616D65776F726B2E73656375726974792E636F72652E617574686F726974792E53696D706C654772616E746564417574686F7269747900000000000001A40200014C0004726F6C657400124C6A6176612F6C616E672F537472696E673B7870740009524F4C455F555345527871007E000C707372003A6F72672E737072696E676672616D65776F726B2E73656375726974792E6F61757468322E70726F76696465722E4F41757468325265717565737400000000000000010200075A0008617070726F7665644C000B617574686F72697469657371007E00044C000A657874656E73696F6E7374000F4C6A6176612F7574696C2F4D61703B4C000B726564697265637455726971007E000E4C00077265667265736874003B4C6F72672F737072696E676672616D65776F726B2F73656375726974792F6F61757468322F70726F76696465722F546F6B656E526571756573743B4C000B7265736F7572636549647374000F4C6A6176612F7574696C2F5365743B4C000D726573706F6E7365547970657371007E0014787200386F72672E737072696E676672616D65776F726B2E73656375726974792E6F61757468322E70726F76696465722E426173655265717565737436287A3EA37169BD0200034C0008636C69656E74496471007E000E4C001172657175657374506172616D657465727371007E00124C000573636F706571007E00147870740003767565737200256A6176612E7574696C2E436F6C6C656374696F6E7324556E6D6F6469666961626C654D6170F1A5A8FE74F507420200014C00016D71007E00127870737200116A6176612E7574696C2E486173684D61700507DAC1C31660D103000246000A6C6F6164466163746F724900097468726573686F6C6478703F400000000000037708000000040000000274000A6772616E745F7479706574000870617373776F7264740008757365726E616D6574000561646D696E78737200256A6176612E7574696C2E436F6C6C656374696F6E7324556E6D6F6469666961626C65536574801D92D18F9B80550200007871007E0009737200176A6176612E7574696C2E4C696E6B656448617368536574D86CD75A95DD2A1E020000787200116A6176612E7574696C2E48617368536574BA44859596B8B7340300007870770C000000103F400000000000017400047265616478017371007E0023770C000000103F40000000000000787371007E001A3F40000000000000770800000010000000007870707371007E0023770C000000103F40000000000000787371007E0023770C000000103F40000000000000787372004F6F72672E737072696E676672616D65776F726B2E73656375726974792E61757468656E7469636174696F6E2E557365726E616D6550617373776F726441757468656E7469636174696F6E546F6B656E00000000000001A40200024C000B63726564656E7469616C7371007E00054C00097072696E636970616C71007E00057871007E0003017371007E00077371007E000B0000000177040000000171007E000F7871007E002D737200176A6176612E7574696C2E4C696E6B6564486173684D617034C04E5C106CC0FB0200015A000B6163636573734F726465727871007E001A3F400000000000067708000000080000000271007E001C71007E001D71007E001E71007E001F7800707372003C636F6D2E6769746875622E777869616F71692E73656375726974792E617574682E6D6F64756C652E6F617574682E6265616E2E4F61757468557365722B57AABE29E91E2E0200044C0008646570617274496471007E000E4C0002696471007E000E4C00046E616D6571007E000E4C000874656E616E74496471007E000E787200326F72672E737072696E676672616D65776F726B2E73656375726974792E636F72652E7573657264657461696C732E5573657200000000000001A40200075A00116163636F756E744E6F6E457870697265645A00106163636F756E744E6F6E4C6F636B65645A001563726564656E7469616C734E6F6E457870697265645A0007656E61626C65644C000B617574686F72697469657371007E00144C000870617373776F726471007E000E4C0008757365726E616D6571007E000E7870010101017371007E0020737200116A6176612E7574696C2E54726565536574DD98509395ED875B0300007870737200466F72672E737072696E676672616D65776F726B2E73656375726974792E636F72652E7573657264657461696C732E5573657224417574686F72697479436F6D70617261746F7200000000000001A4020000787077040000000171007E000F787074000561646D696E740004726F6F74740001317400054D722E41477400206163383863656233383661613432333162303962663437326362393337633234);
INSERT INTO `oauth_refresh_token` VALUES ('3603252b1aa850a2c2491ffa6579bf5e', 0xACED00057372004C6F72672E737072696E676672616D65776F726B2E73656375726974792E6F61757468322E636F6D6D6F6E2E44656661756C744578706972696E674F417574683252656672657368546F6B656E2FDF47639DD0C9B70200014C000A65787069726174696F6E7400104C6A6176612F7574696C2F446174653B787200446F72672E737072696E676672616D65776F726B2E73656375726974792E6F61757468322E636F6D6D6F6E2E44656661756C744F417574683252656672657368546F6B656E73E10E0A6354D45E0200014C000576616C75657400124C6A6176612F6C616E672F537472696E673B78707402D765794A68624763694F694A53557A49314E694973496E523563434936496B705856434A392E65794A7A645749694F694A305A573568626E51694C434A316332567958323568625755694F694A305A573568626E51694C434A3163325679546D46745A53493649756131692D69766C65656E6E2D614974794973496E567A5A584A4A5A434936496D457859544A6A596A4533596A526D4D6A526C4E544269596D526C4D6D5978596A68684D6A4D7A596D4E69496977695958563061473979615852705A584D694F6C7369556B394D5256395655305653496C3073496D4E7361575675644639705A434936496E5A315A534973496E4E6A6233426C496A7062496E4A6C59575169585377695A58687761584A6C496A6F784E5449794E6A59784E6A59794E5463324C434A6864476B694F694A684D324D314E3245305979316959324D794C54526B596D55745954686B4D7930334E54453159324E6C4D324930596A49694C434A6C654841694F6A45314D6A55794E5441774E6A4973496D526C6347467964434936496D51314F444E6C4E32526C4E6D51795A445134596A63345A6D497A597A646B593249784F44426A596A466D49697769616E5270496A6F695A5449304E6D566A4E7A4D745957526B597930305A6D4E6C4C57466859324D74597A52694D6A4A6D4D6A673359545532496977696447567559573530496A6F694D57566A4D4467314E6A526B59324D7A4E4451774D54686B4E6D466859546B784D4441324F4759775A6A416966512E676A796C39314449796F58674B3843316C567A7743634D68564E474535524C3165577659594758494C4C64586C31414F477A776C496675565F334B3155753377445F444F75464244456B3234344A4A427863386B516A4E6F316A305057355371784D35346D755676707358573244574A796A4D5535647141773364415748505A594C35634D70774A43544B434A3857673648716C4F577273466C7A56776966706A44336B46686858786E777372000E6A6176612E7574696C2E44617465686A81014B59741903000078707708000001631FFCF8EC78, 0xACED0005737200416F72672E737072696E676672616D65776F726B2E73656375726974792E6F61757468322E70726F76696465722E4F417574683241757468656E7469636174696F6EBD400B02166252130200024C000D73746F7265645265717565737474003C4C6F72672F737072696E676672616D65776F726B2F73656375726974792F6F61757468322F70726F76696465722F4F4175746832526571756573743B4C00127573657241757468656E7469636174696F6E7400324C6F72672F737072696E676672616D65776F726B2F73656375726974792F636F72652F41757468656E7469636174696F6E3B787200476F72672E737072696E676672616D65776F726B2E73656375726974792E61757468656E7469636174696F6E2E416273747261637441757468656E7469636174696F6E546F6B656ED3AA287E6E47640E0200035A000D61757468656E746963617465644C000B617574686F7269746965737400164C6A6176612F7574696C2F436F6C6C656374696F6E3B4C000764657461696C737400124C6A6176612F6C616E672F4F626A6563743B787000737200266A6176612E7574696C2E436F6C6C656374696F6E7324556E6D6F6469666961626C654C697374FC0F2531B5EC8E100200014C00046C6973747400104C6A6176612F7574696C2F4C6973743B7872002C6A6176612E7574696C2E436F6C6C656374696F6E7324556E6D6F6469666961626C65436F6C6C656374696F6E19420080CB5EF71E0200014C00016371007E00047870737200136A6176612E7574696C2E41727261794C6973747881D21D99C7619D03000149000473697A65787000000001770400000001737200426F72672E737072696E676672616D65776F726B2E73656375726974792E636F72652E617574686F726974792E53696D706C654772616E746564417574686F7269747900000000000001A40200014C0004726F6C657400124C6A6176612F6C616E672F537472696E673B7870740009524F4C455F555345527871007E000C707372003A6F72672E737072696E676672616D65776F726B2E73656375726974792E6F61757468322E70726F76696465722E4F41757468325265717565737400000000000000010200075A0008617070726F7665644C000B617574686F72697469657371007E00044C000A657874656E73696F6E7374000F4C6A6176612F7574696C2F4D61703B4C000B726564697265637455726971007E000E4C00077265667265736874003B4C6F72672F737072696E676672616D65776F726B2F73656375726974792F6F61757468322F70726F76696465722F546F6B656E526571756573743B4C000B7265736F7572636549647374000F4C6A6176612F7574696C2F5365743B4C000D726573706F6E7365547970657371007E0014787200386F72672E737072696E676672616D65776F726B2E73656375726974792E6F61757468322E70726F76696465722E426173655265717565737436287A3EA37169BD0200034C0008636C69656E74496471007E000E4C001172657175657374506172616D657465727371007E00124C000573636F706571007E00147870740003767565737200256A6176612E7574696C2E436F6C6C656374696F6E7324556E6D6F6469666961626C654D6170F1A5A8FE74F507420200014C00016D71007E00127870737200116A6176612E7574696C2E486173684D61700507DAC1C31660D103000246000A6C6F6164466163746F724900097468726573686F6C6478703F400000000000037708000000040000000274000A6772616E745F7479706574000870617373776F7264740008757365726E616D6574000674656E616E7478737200256A6176612E7574696C2E436F6C6C656374696F6E7324556E6D6F6469666961626C65536574801D92D18F9B80550200007871007E0009737200176A6176612E7574696C2E4C696E6B656448617368536574D86CD75A95DD2A1E020000787200116A6176612E7574696C2E48617368536574BA44859596B8B7340300007870770C000000103F400000000000017400047265616478017371007E0023770C000000103F40000000000000787371007E001A3F40000000000000770800000010000000007870707371007E0023770C000000103F40000000000000787371007E0023770C000000103F40000000000000787372004F6F72672E737072696E676672616D65776F726B2E73656375726974792E61757468656E7469636174696F6E2E557365726E616D6550617373776F726441757468656E7469636174696F6E546F6B656E00000000000001A40200024C000B63726564656E7469616C7371007E00054C00097072696E636970616C71007E00057871007E0003017371007E00077371007E000B0000000177040000000171007E000F7871007E002D737200176A6176612E7574696C2E4C696E6B6564486173684D617034C04E5C106CC0FB0200015A000B6163636573734F726465727871007E001A3F400000000000067708000000080000000271007E001C71007E001D71007E001E71007E001F7800707372003C636F6D2E6769746875622E777869616F71692E73656375726974792E617574682E6D6F64756C652E6F617574682E6265616E2E4F61757468557365722B57AABE29E91E2E0200044C0008646570617274496471007E000E4C0002696471007E000E4C00046E616D6571007E000E4C000874656E616E74496471007E000E787200326F72672E737072696E676672616D65776F726B2E73656375726974792E636F72652E7573657264657461696C732E5573657200000000000001A40200075A00116163636F756E744E6F6E457870697265645A00106163636F756E744E6F6E4C6F636B65645A001563726564656E7469616C734E6F6E457870697265645A0007656E61626C65644C000B617574686F72697469657371007E00144C000870617373776F726471007E000E4C0008757365726E616D6571007E000E7870010101017371007E0020737200116A6176612E7574696C2E54726565536574DD98509395ED875B0300007870737200466F72672E737072696E676672616D65776F726B2E73656375726974792E636F72652E7573657264657461696C732E5573657224417574686F72697479436F6D70617261746F7200000000000001A4020000787077040000000171007E000F787074000674656E616E747400206435383365376465366432643438623738666233633764636231383063623166740020613161326362313762346632346535306262646532663162386132333362636274000CE6B58BE8AF95E7A79FE688B77400203165633038353634646363333434303138643661616139313030363866306630);
INSERT INTO `oauth_refresh_token` VALUES ('68d5b3216597c003aeb504a216e0458c', 0xACED00057372004C6F72672E737072696E676672616D65776F726B2E73656375726974792E6F61757468322E636F6D6D6F6E2E44656661756C744578706972696E674F417574683252656672657368546F6B656E2FDF47639DD0C9B70200014C000A65787069726174696F6E7400104C6A6176612F7574696C2F446174653B787200446F72672E737072696E676672616D65776F726B2E73656375726974792E6F61757468322E636F6D6D6F6E2E44656661756C744F417574683252656672657368546F6B656E73E10E0A6354D45E0200014C000576616C75657400124C6A6176612F6C616E672F537472696E673B78707402A165794A68624763694F694A53557A49314E694973496E523563434936496B705856434A392E65794A7A645749694F694A73595778684969776964584E6C636C39755957316C496A6F696247467359534973496E567A5A584A4F5957316C496A6F696247467359534973496E567A5A584A4A5A434936496A597A4E6D4E6C4E4455304E4455334D5451344D7A5A694E574A69593245774D7A426A4E6A49785A546730496977695958563061473979615852705A584D694F6C7369556B394D5256395655305653496C3073496D4E7361575675644639705A434936496E5A315A534973496E4E6A6233426C496A7062496E4A6C59575169585377695A58687761584A6C496A6F784E5449314D4463774D7A67324E6A63334C434A6864476B694F6949355A6A59305A474E6C4E7931684E444D324C54517A5A544974596D45794E5330784E7A51354D6D566C4E545177596A67694C434A6C654841694F6A45314D6A63324E5467334F445973496D526C6347467964434936496E4A76623351694C434A7164476B694F694A685A545A6A4D7A45794E5330305A6A4A6A4C5451315A5459744F4464694F533079596A6C684D446C6B4F574D345A5755694C434A305A573568626E51694F694A68597A6734593256694D7A6732595745304D6A4D78596A4135596D59304E7A4A6A596A6B7A4E324D794E434A392E59366767385A705A795F59596D6E6D6257574C716E684F4B314E7465494A6E334173504F30704556426D566F4F623348704D546F5668647146696A506D36495149624B56766D70784B39767A7A5A544D5A79563247504F714A51484F4C4B6A343233497543754A4E4C4B63774750316B574F6D664A3162686F7778676F7A5743524A6A445845704F70526A4B4F3756595077696536554931567A5939695263576966344D5F30546C436E4D7372000E6A6176612E7574696C2E44617465686A81014B5974190300007870770800000163AF8F2F7378, 0xACED0005737200416F72672E737072696E676672616D65776F726B2E73656375726974792E6F61757468322E70726F76696465722E4F417574683241757468656E7469636174696F6EBD400B02166252130200024C000D73746F7265645265717565737474003C4C6F72672F737072696E676672616D65776F726B2F73656375726974792F6F61757468322F70726F76696465722F4F4175746832526571756573743B4C00127573657241757468656E7469636174696F6E7400324C6F72672F737072696E676672616D65776F726B2F73656375726974792F636F72652F41757468656E7469636174696F6E3B787200476F72672E737072696E676672616D65776F726B2E73656375726974792E61757468656E7469636174696F6E2E416273747261637441757468656E7469636174696F6E546F6B656ED3AA287E6E47640E0200035A000D61757468656E746963617465644C000B617574686F7269746965737400164C6A6176612F7574696C2F436F6C6C656374696F6E3B4C000764657461696C737400124C6A6176612F6C616E672F4F626A6563743B787000737200266A6176612E7574696C2E436F6C6C656374696F6E7324556E6D6F6469666961626C654C697374FC0F2531B5EC8E100200014C00046C6973747400104C6A6176612F7574696C2F4C6973743B7872002C6A6176612E7574696C2E436F6C6C656374696F6E7324556E6D6F6469666961626C65436F6C6C656374696F6E19420080CB5EF71E0200014C00016371007E00047870737200136A6176612E7574696C2E41727261794C6973747881D21D99C7619D03000149000473697A65787000000001770400000001737200426F72672E737072696E676672616D65776F726B2E73656375726974792E636F72652E617574686F726974792E53696D706C654772616E746564417574686F7269747900000000000001A40200014C0004726F6C657400124C6A6176612F6C616E672F537472696E673B7870740009524F4C455F555345527871007E000C707372003A6F72672E737072696E676672616D65776F726B2E73656375726974792E6F61757468322E70726F76696465722E4F41757468325265717565737400000000000000010200075A0008617070726F7665644C000B617574686F72697469657371007E00044C000A657874656E73696F6E7374000F4C6A6176612F7574696C2F4D61703B4C000B726564697265637455726971007E000E4C00077265667265736874003B4C6F72672F737072696E676672616D65776F726B2F73656375726974792F6F61757468322F70726F76696465722F546F6B656E526571756573743B4C000B7265736F7572636549647374000F4C6A6176612F7574696C2F5365743B4C000D726573706F6E7365547970657371007E0014787200386F72672E737072696E676672616D65776F726B2E73656375726974792E6F61757468322E70726F76696465722E426173655265717565737436287A3EA37169BD0200034C0008636C69656E74496471007E000E4C001172657175657374506172616D657465727371007E00124C000573636F706571007E00147870740003767565737200256A6176612E7574696C2E436F6C6C656374696F6E7324556E6D6F6469666961626C654D6170F1A5A8FE74F507420200014C00016D71007E00127870737200116A6176612E7574696C2E486173684D61700507DAC1C31660D103000246000A6C6F6164466163746F724900097468726573686F6C6478703F400000000000037708000000040000000274000A6772616E745F7479706574000870617373776F7264740008757365726E616D657400046C616C6178737200256A6176612E7574696C2E436F6C6C656374696F6E7324556E6D6F6469666961626C65536574801D92D18F9B80550200007871007E0009737200176A6176612E7574696C2E4C696E6B656448617368536574D86CD75A95DD2A1E020000787200116A6176612E7574696C2E48617368536574BA44859596B8B7340300007870770C000000103F400000000000017400047265616478017371007E0023770C000000103F40000000000000787371007E001A3F40000000000000770800000010000000007870707371007E0023770C000000103F40000000000000787371007E0023770C000000103F40000000000000787372004F6F72672E737072696E676672616D65776F726B2E73656375726974792E61757468656E7469636174696F6E2E557365726E616D6550617373776F726441757468656E7469636174696F6E546F6B656E00000000000001A40200024C000B63726564656E7469616C7371007E00054C00097072696E636970616C71007E00057871007E0003017371007E00077371007E000B0000000177040000000171007E000F7871007E002D737200176A6176612E7574696C2E4C696E6B6564486173684D617034C04E5C106CC0FB0200015A000B6163636573734F726465727871007E001A3F400000000000067708000000080000000271007E001C71007E001D71007E001E71007E001F7800707372003C636F6D2E6769746875622E777869616F71692E73656375726974792E617574682E6D6F64756C652E6F617574682E6265616E2E4F61757468557365722B57AABE29E91E2E0200044C0008646570617274496471007E000E4C0002696471007E000E4C00046E616D6571007E000E4C000874656E616E74496471007E000E787200326F72672E737072696E676672616D65776F726B2E73656375726974792E636F72652E7573657264657461696C732E5573657200000000000001A40200075A00116163636F756E744E6F6E457870697265645A00106163636F756E744E6F6E4C6F636B65645A001563726564656E7469616C734E6F6E457870697265645A0007656E61626C65644C000B617574686F72697469657371007E00144C000870617373776F726471007E000E4C0008757365726E616D6571007E000E7870010101017371007E0020737200116A6176612E7574696C2E54726565536574DD98509395ED875B0300007870737200466F72672E737072696E676672616D65776F726B2E73656375726974792E636F72652E7573657264657461696C732E5573657224417574686F72697479436F6D70617261746F7200000000000001A4020000787077040000000171007E000F78707400046C616C61740004726F6F7474002036333663653435343435373134383336623562626361303330633632316538347400046C616C617400206163383863656233383661613432333162303962663437326362393337633234);
INSERT INTO `oauth_refresh_token` VALUES ('17cad3024dc6c9828d237a551b07d466', 0xACED00057372004C6F72672E737072696E676672616D65776F726B2E73656375726974792E6F61757468322E636F6D6D6F6E2E44656661756C744578706972696E674F417574683252656672657368546F6B656E2FDF47639DD0C9B70200014C000A65787069726174696F6E7400104C6A6176612F7574696C2F446174653B787200446F72672E737072696E676672616D65776F726B2E73656375726974792E6F61757468322E636F6D6D6F6E2E44656661756C744F417574683252656672657368546F6B656E73E10E0A6354D45E0200014C000576616C75657400124C6A6176612F6C616E672F537472696E673B787074027C65794A68624763694F694A53557A49314E694973496E523563434936496B705856434A392E65794A7A645749694F694A685A47317062694973496E567A5A584A66626D46745A534936496D466B62576C754969776964584E6C636B3568625755694F694A4E6369354252794973496E567A5A584A4A5A434936496A45694C434A686458526F62334A7064476C6C6379493657794A5354307846583156545256496958537769593278705A57353058326C6B496A6F69646E566C4969776963324E76634755694F6C7369636D56685A434A644C434A6C65484270636D55694F6A45314D6A55344E5467324D4445314D544D73496D463061534936496A55334E54686A4E4749324C574A684E6D49744E4463775A4330345A6A51334C5759785A5468695A446B305932526A5A534973496D5634634349364D5455794F4451304E7A41774D5377695A47567759584A30496A6F69636D397664434973496D703061534936496D4D7A5A6A63314E6D45334C5463774E574D744E445A69597931694D6D46684C54426D4E445A6B4E4449774D6A4E684F534973496E526C626D467564434936496D466A4F44686A5A57497A4F445A68595451794D7A46694D446C695A6A51334D6D4E694F544D33597A4930496E302E4F624C7545524D6F5366666E61477A5162786A6B33713470566F4F4E7A44784B705662624B756F515565677831624433686E714F615A6B69756374384748323148347A4E764A53622D384A45387A50595572384872685242743661397946704E37586668757659726F68494D34424D6546474D65726B30324171784F46727A4F4D635F2D6937467673364F4E776436576745574B4A2D38766F6E4F684567737673665361437754367278517372000E6A6176612E7574696C2E44617465686A81014B5974190300007870770800000163DE8A639E78, 0xACED0005737200416F72672E737072696E676672616D65776F726B2E73656375726974792E6F61757468322E70726F76696465722E4F417574683241757468656E7469636174696F6EBD400B02166252130200024C000D73746F7265645265717565737474003C4C6F72672F737072696E676672616D65776F726B2F73656375726974792F6F61757468322F70726F76696465722F4F4175746832526571756573743B4C00127573657241757468656E7469636174696F6E7400324C6F72672F737072696E676672616D65776F726B2F73656375726974792F636F72652F41757468656E7469636174696F6E3B787200476F72672E737072696E676672616D65776F726B2E73656375726974792E61757468656E7469636174696F6E2E416273747261637441757468656E7469636174696F6E546F6B656ED3AA287E6E47640E0200035A000D61757468656E746963617465644C000B617574686F7269746965737400164C6A6176612F7574696C2F436F6C6C656374696F6E3B4C000764657461696C737400124C6A6176612F6C616E672F4F626A6563743B787000737200266A6176612E7574696C2E436F6C6C656374696F6E7324556E6D6F6469666961626C654C697374FC0F2531B5EC8E100200014C00046C6973747400104C6A6176612F7574696C2F4C6973743B7872002C6A6176612E7574696C2E436F6C6C656374696F6E7324556E6D6F6469666961626C65436F6C6C656374696F6E19420080CB5EF71E0200014C00016371007E00047870737200136A6176612E7574696C2E41727261794C6973747881D21D99C7619D03000149000473697A65787000000001770400000001737200426F72672E737072696E676672616D65776F726B2E73656375726974792E636F72652E617574686F726974792E53696D706C654772616E746564417574686F7269747900000000000001A40200014C0004726F6C657400124C6A6176612F6C616E672F537472696E673B7870740009524F4C455F555345527871007E000C707372003A6F72672E737072696E676672616D65776F726B2E73656375726974792E6F61757468322E70726F76696465722E4F41757468325265717565737400000000000000010200075A0008617070726F7665644C000B617574686F72697469657371007E00044C000A657874656E73696F6E7374000F4C6A6176612F7574696C2F4D61703B4C000B726564697265637455726971007E000E4C00077265667265736874003B4C6F72672F737072696E676672616D65776F726B2F73656375726974792F6F61757468322F70726F76696465722F546F6B656E526571756573743B4C000B7265736F7572636549647374000F4C6A6176612F7574696C2F5365743B4C000D726573706F6E7365547970657371007E0014787200386F72672E737072696E676672616D65776F726B2E73656375726974792E6F61757468322E70726F76696465722E426173655265717565737436287A3EA37169BD0200034C0008636C69656E74496471007E000E4C001172657175657374506172616D657465727371007E00124C000573636F706571007E00147870740003767565737200256A6176612E7574696C2E436F6C6C656374696F6E7324556E6D6F6469666961626C654D6170F1A5A8FE74F507420200014C00016D71007E00127870737200116A6176612E7574696C2E486173684D61700507DAC1C31660D103000246000A6C6F6164466163746F724900097468726573686F6C6478703F400000000000037708000000040000000274000A6772616E745F7479706574000870617373776F7264740008757365726E616D6574000561646D696E78737200256A6176612E7574696C2E436F6C6C656374696F6E7324556E6D6F6469666961626C65536574801D92D18F9B80550200007871007E0009737200176A6176612E7574696C2E4C696E6B656448617368536574D86CD75A95DD2A1E020000787200116A6176612E7574696C2E48617368536574BA44859596B8B7340300007870770C000000103F400000000000017400047265616478017371007E0023770C000000103F40000000000000787371007E001A3F40000000000000770800000010000000007870707371007E0023770C000000103F40000000000000787371007E0023770C000000103F40000000000000787372004F6F72672E737072696E676672616D65776F726B2E73656375726974792E61757468656E7469636174696F6E2E557365726E616D6550617373776F726441757468656E7469636174696F6E546F6B656E00000000000001A40200024C000B63726564656E7469616C7371007E00054C00097072696E636970616C71007E00057871007E0003017371007E00077371007E000B0000000177040000000171007E000F7871007E002D737200176A6176612E7574696C2E4C696E6B6564486173684D617034C04E5C106CC0FB0200015A000B6163636573734F726465727871007E001A3F400000000000067708000000080000000271007E001C71007E001D71007E001E71007E001F7800707372003C636F6D2E6769746875622E777869616F71692E73656375726974792E617574682E6D6F64756C652E6F617574682E6265616E2E4F61757468557365722B57AABE29E91E2E0200044C0008646570617274496471007E000E4C0002696471007E000E4C00046E616D6571007E000E4C000874656E616E74496471007E000E787200326F72672E737072696E676672616D65776F726B2E73656375726974792E636F72652E7573657264657461696C732E5573657200000000000001A40200075A00116163636F756E744E6F6E457870697265645A00106163636F756E744E6F6E4C6F636B65645A001563726564656E7469616C734E6F6E457870697265645A0007656E61626C65644C000B617574686F72697469657371007E00144C000870617373776F726471007E000E4C0008757365726E616D6571007E000E7870010101017371007E0020737200116A6176612E7574696C2E54726565536574DD98509395ED875B0300007870737200466F72672E737072696E676672616D65776F726B2E73656375726974792E636F72652E7573657264657461696C732E5573657224417574686F72697479436F6D70617261746F7200000000000001A4020000787077040000000171007E000F787074000561646D696E740004726F6F74740001317400054D722E41477400206163383863656233383661613432333162303962663437326362393337633234);
COMMIT;

SET FOREIGN_KEY_CHECKS = 1;
